ISO-10303-21;
HEADER;
FILE_DESCRIPTION (( 'STEP AP214' ),
    '1' );
FILE_NAME ('IL610-2E.STEP',
    '2020-02-05T21:41:50',
    ( '' ),
    ( '' ),
    'SwSTEP 2.0',
    'SolidWorks 2017',
    '' );
FILE_SCHEMA (( 'AUTOMOTIVE_DESIGN' ));
ENDSEC;

DATA;
#1 = CARTESIAN_POINT ( 'NONE',  ( -0.1525000000000000200, 0.2499212054077438500, 0.07875000000000004200 ) ) ;
#2 = EDGE_LOOP ( 'NONE', ( #2820, #2118, #4548, #950 ) ) ;
#3 = VECTOR ( 'NONE', #1088, 39.37007874015748100 ) ;
#4 = FACE_OUTER_BOUND ( 'NONE', #260, .T. ) ;
#5 = LINE ( 'NONE', #44, #5012 ) ;
#6 = DIRECTION ( 'NONE',  ( 0.9978128327999003000, -0.06610257710436372200, 0.0000000000000000000 ) ) ;
#7 = CARTESIAN_POINT ( 'NONE',  ( -2.488645014411724400E-015, 0.2585000000000012300, -0.1212499999999999700 ) ) ;
#8 = DIRECTION ( 'NONE',  ( -0.04679272426934444300, -0.7063322309492374700, 0.7063322309492369200 ) ) ;
#9 = ORIENTED_EDGE ( 'NONE', *, *, #2202, .T. ) ;
#10 = CARTESIAN_POINT ( 'NONE',  ( -0.1683179463135507900, 0.01115063833466540200, 0.04500000000000003300 ) ) ;
#11 = STYLED_ITEM ( 'NONE', ( #1148 ), #857 ) ;
#12 = LINE ( 'NONE', #2034, #1170 ) ;
#13 = LINE ( 'NONE', #4571, #2796 ) ;
#14 = VERTEX_POINT ( 'NONE', #3235 ) ;
#15 = DIRECTION ( 'NONE',  ( 0.0000000000000000000, -1.000000000000000000, 0.0000000000000000000 ) ) ;
#16 = LINE ( 'NONE', #4736, #5351 ) ;
#17 = CARTESIAN_POINT ( 'NONE',  ( -0.1575314403517876200, 8.110173731190781100E-017, 0.05925000000000000400 ) ) ;
#18 = EDGE_CURVE ( 'NONE', #3544, #3115, #4137, .T. ) ;
#19 = CARTESIAN_POINT ( 'NONE',  ( -0.1525000000000000200, 0.2499212054077438500, -0.1212499999999999700 ) ) ;
#20 = AXIS2_PLACEMENT_3D ( 'NONE', #5400, #3250, #5448 ) ;
#21 = ORIENTED_EDGE ( 'NONE', *, *, #93, .F. ) ;
#22 = DIRECTION ( 'NONE',  ( -9.627253440664264800E-015, 1.000000000000000000, 1.198178944589589900E-016 ) ) ;
#23 = LINE ( 'NONE', #580, #2296 ) ;
#24 = DIRECTION ( 'NONE',  ( 0.06610257710436372200, 0.9978128327999003000, 0.0000000000000000000 ) ) ;
#25 = EDGE_CURVE ( 'NONE', #5299, #34, #1028, .T. ) ;
#26 = ORIENTED_EDGE ( 'NONE', *, *, #2335, .T. ) ;
#27 = AXIS2_PLACEMENT_3D ( 'NONE', #5496, #4628, #2087 ) ;
#28 = DIRECTION ( 'NONE',  ( 0.03299702755569924900, 0.4980873512290812100, -0.8664988094152733500 ) ) ;
#29 = LINE ( 'NONE', #2286, #1115 ) ;
#30 = PLANE ( 'NONE',  #2314 ) ;
#31 = DIRECTION ( 'NONE',  ( -0.9978128327999003000, 0.06610257710436372200, -0.0000000000000000000 ) ) ;
#32 = CARTESIAN_POINT ( 'NONE',  ( 0.1275000000000000000, 0.2700000000000000200, 0.07875000000000004200 ) ) ;
#33 = ADVANCED_FACE ( 'NONE', ( #2663 ), #668, .F. ) ;
#34 = VERTEX_POINT ( 'NONE', #269 ) ;
#35 = EDGE_CURVE ( 'NONE', #3759, #1794, #4941, .T. ) ;
#36 = DIRECTION ( 'NONE',  ( 0.0000000000000000000, 0.0000000000000000000, -1.000000000000000000 ) ) ;
#37 = EDGE_LOOP ( 'NONE', ( #530, #3082, #3539, #3978 ) ) ;
#38 = DIRECTION ( 'NONE',  ( 1.000000000000000000, 0.0000000000000000000, 0.0000000000000000000 ) ) ;
#39 = CARTESIAN_POINT ( 'NONE',  ( -0.1683179463135507900, 0.01115063833466540200, -0.04499999999999998400 ) ) ;
#40 = VERTEX_POINT ( 'NONE', #2782 ) ;
#41 = VERTEX_POINT ( 'NONE', #3222 ) ;
#42 = EDGE_CURVE ( 'NONE', #2404, #3752, #1159, .T. ) ;
#43 = CIRCLE ( 'NONE', #3168, 0.02149999999999997700 ) ;
#44 = CARTESIAN_POINT ( 'NONE',  ( -0.1699999999999999800, -0.01423982036329964400, -0.1550000000000000000 ) ) ;
#45 = DIRECTION ( 'NONE',  ( 0.0000000000000000000, 1.000000000000000000, 0.0000000000000000000 ) ) ;
#46 = CARTESIAN_POINT ( 'NONE',  ( 0.1525000000000000200, 0.2499212054077438500, -0.1212499999999999700 ) ) ;
#47 = ORIENTED_EDGE ( 'NONE', *, *, #5000, .F. ) ;
#48 = ORIENTED_EDGE ( 'NONE', *, *, #515, .T. ) ;
#49 = CARTESIAN_POINT ( 'NONE',  ( -0.1584066925048422700, 0.1607601796367002200, -0.02124999999999996000 ) ) ;
#50 = FACE_OUTER_BOUND ( 'NONE', #1519, .T. ) ;
#51 = VECTOR ( 'NONE', #2393, 39.37007874015748100 ) ;
#52 = AXIS2_PLACEMENT_3D ( 'NONE', #4558, #415, #5129 ) ;
#53 = ORIENTED_EDGE ( 'NONE', *, *, #4020, .F. ) ;
#54 = ORIENTED_EDGE ( 'NONE', *, *, #2031, .T. ) ;
#55 = EDGE_LOOP ( 'NONE', ( #2935, #4625, #3523, #1674 ) ) ;
#56 = CARTESIAN_POINT ( 'NONE',  ( -0.1310470240948021800, 0.2485000000000000300, 0.07875000000000004200 ) ) ;
#57 = VECTOR ( 'NONE', #1003, 39.37007874015748900 ) ;
#58 = ORIENTED_EDGE ( 'NONE', *, *, #1264, .F. ) ;
#59 = FACE_OUTER_BOUND ( 'NONE', #4222, .T. ) ;
#60 = VERTEX_POINT ( 'NONE', #689 ) ;
#61 = CARTESIAN_POINT ( 'NONE',  ( -0.1565420173799203800, 0.01493525640970793700, -0.02581474359029225400 ) ) ;
#62 = ADVANCED_FACE ( 'NONE', ( #216 ), #1537, .F. ) ;
#63 = EDGE_CURVE ( 'NONE', #171, #2156, #78, .T. ) ;
#64 = AXIS2_PLACEMENT_3D ( 'NONE', #1380, #5165, #5184 ) ;
#65 = CARTESIAN_POINT ( 'NONE',  ( 0.1310470240948021800, 0.2485000000000000300, -0.02124999999999996000 ) ) ;
#66 = LENGTH_MEASURE_WITH_UNIT ( LENGTH_MEASURE( 0.02539999999999999900 ), #4695 );
#67 = ORIENTED_EDGE ( 'NONE', *, *, #5146, .T. ) ;
#68 = FACE_OUTER_BOUND ( 'NONE', #37, .T. ) ;
#69 = CARTESIAN_POINT ( 'NONE',  ( 0.1410251524228011700, 0.2491610257710437400, -0.1212499999999999700 ) ) ;
#70 = DIRECTION ( 'NONE',  ( -0.0000000000000000000, -0.0000000000000000000, -1.000000000000000000 ) ) ;
#71 = VECTOR ( 'NONE', #4376, 39.37007874015748100 ) ;
#72 = DIRECTION ( 'NONE',  ( -0.04669038075761918600, 0.7047873642613314800, 0.7078804839252695900 ) ) ;
#73 = EDGE_CURVE ( 'NONE', #3431, #5196, #5409, .T. ) ;
#74 = FACE_OUTER_BOUND ( 'NONE', #4441, .T. ) ;
#75 = DIRECTION ( 'NONE',  ( -0.9978128327999003000, 0.06610257710436316700, 0.0000000000000000000 ) ) ;
#76 = LINE ( 'NONE', #3884, #2238 ) ;
#77 = DIRECTION ( 'NONE',  ( 1.000000000000000000, 0.0000000000000000000, 0.0000000000000000000 ) ) ;
#78 = LINE ( 'NONE', #4955, #3667 ) ;
#79 = EDGE_CURVE ( 'NONE', #5131, #2094, #4203, .T. ) ;
#80 = EDGE_LOOP ( 'NONE', ( #537, #1925, #5166, #700 ) ) ;
#81 = PLANE ( 'NONE',  #764 ) ;
#82 = VECTOR ( 'NONE', #5149, 39.37007874015748100 ) ;
#83 = ORIENTED_EDGE ( 'NONE', *, *, #4820, .F. ) ;
#84 = LINE ( 'NONE', #5112, #3746 ) ;
#85 = LINE ( 'NONE', #3772, #4885 ) ;
#86 = CARTESIAN_POINT ( 'NONE',  ( -0.1565420173799203800, 0.01493525640970793700, 0.1741852564097077500 ) ) ;
#87 = DIRECTION ( 'NONE',  ( -0.06610257710436372200, 0.9978128327999003000, 0.0000000000000000000 ) ) ;
#88 = AXIS2_PLACEMENT_3D ( 'NONE', #2950, #1281, #835 ) ;
#89 = ORIENTED_EDGE ( 'NONE', *, *, #3770, .T. ) ;
#90 = ADVANCED_FACE ( 'NONE', ( #1946 ), #4494, .T. ) ;
#91 = DIRECTION ( 'NONE',  ( -0.04679272426934444300, -0.7063322309492374700, 0.7063322309492369200 ) ) ;
#92 = ORIENTED_EDGE ( 'NONE', *, *, #3648, .T. ) ;
#93 = EDGE_CURVE ( 'NONE', #60, #4823, #3069, .T. ) ;
#94 = LINE ( 'NONE', #4719, #4482 ) ;
#95 = AXIS2_PLACEMENT_3D ( 'NONE', #4608, #2069, #2101 ) ;
#96 = DIRECTION ( 'NONE',  ( -0.0000000000000000000, -0.0000000000000000000, -1.000000000000000000 ) ) ;
#97 = ORIENTED_EDGE ( 'NONE', *, *, #5040, .F. ) ;
#98 = CARTESIAN_POINT ( 'NONE',  ( -0.1310470240948021800, 0.2485000000000000300, -0.1212499999999999700 ) ) ;
#99 = EDGE_CURVE ( 'NONE', #3929, #3926, #3535, .T. ) ;
#100 = AXIS2_PLACEMENT_3D ( 'NONE', #535, #2170, #3453 ) ;
#101 = CARTESIAN_POINT ( 'NONE',  ( 0.1699999999999999800, -0.01423982036329964400, -0.04499999999999998400 ) ) ;
#102 = VERTEX_POINT ( 'NONE', #4552 ) ;
#103 = ORIENTED_EDGE ( 'NONE', *, *, #3742, .T. ) ;
#104 = DIRECTION ( 'NONE',  ( -0.0000000000000000000, -0.0000000000000000000, -1.000000000000000000 ) ) ;
#105 = DIRECTION ( 'NONE',  ( 0.0000000000000000000, 1.000000000000000000, 0.0000000000000000000 ) ) ;
#106 = CARTESIAN_POINT ( 'NONE',  ( 0.1699999999999999800, -0.01423982036329964400, -0.05499999999999997900 ) ) ;
#107 = ORIENTED_EDGE ( 'NONE', *, *, #443, .T. ) ;
#108 = EDGE_CURVE ( 'NONE', #5196, #187, #3001, .T. ) ;
#109 = DIRECTION ( 'NONE',  ( 0.0000000000000000000, -0.0000000000000000000, -1.000000000000000000 ) ) ;
#110 = LINE ( 'NONE', #635, #1853 ) ;
#111 = ORIENTED_EDGE ( 'NONE', *, *, #3928, .F. ) ;
#112 = ORIENTED_EDGE ( 'NONE', *, *, #5296, .F. ) ;
#113 = CARTESIAN_POINT ( 'NONE',  ( -0.1584066925048422700, 0.1607601796367002200, 0.04075000000000003600 ) ) ;
#114 = ADVANCED_FACE ( 'NONE', ( #1881 ), #3291, .F. ) ;
#115 = LINE ( 'NONE', #4756, #2578 ) ;
#116 = LINE ( 'NONE', #2676, #4242 ) ;
#117 = ORIENTED_EDGE ( 'NONE', *, *, #2567, .T. ) ;
#118 = ORIENTED_EDGE ( 'NONE', *, *, #1013, .T. ) ;
#119 = CARTESIAN_POINT ( 'NONE',  ( 0.1310470240948021800, 0.2485000000000000300, -0.07874999999999995900 ) ) ;
#120 = CARTESIAN_POINT ( 'NONE',  ( -0.1565848870413174800, 0.1882601796367002800, -0.07874999999999995900 ) ) ;
#121 = VECTOR ( 'NONE', #4712, 39.37007874015748100 ) ;
#122 = CARTESIAN_POINT ( 'NONE',  ( -0.1683179463135507900, 0.01115063833466540200, 0.02125000000000004700 ) ) ;
#123 = DIRECTION ( 'NONE',  ( -9.627253440664264800E-015, 1.000000000000000000, -0.0000000000000000000 ) ) ;
#124 = EDGE_LOOP ( 'NONE', ( #1604, #3510, #1465, #2351 ) ) ;
#125 = LINE ( 'NONE', #5486, #546 ) ;
#126 = ORIENTED_EDGE ( 'NONE', *, *, #4471, .T. ) ;
#127 = DIRECTION ( 'NONE',  ( 0.0000000000000000000, 0.0000000000000000000, 1.000000000000000000 ) ) ;
#128 = FACE_OUTER_BOUND ( 'NONE', #5512, .T. ) ;
#129 = ORIENTED_EDGE ( 'NONE', *, *, #3758, .F. ) ;
#130 = LINE ( 'NONE', #2053, #2262 ) ;
#131 = VECTOR ( 'NONE', #2288, 39.37007874015748100 ) ;
#132 = CARTESIAN_POINT ( 'NONE',  ( -0.1310470240948021800, 0.2699999999999999600, 0.07875000000000004200 ) ) ;
#133 = ORIENTED_EDGE ( 'NONE', *, *, #3855, .F. ) ;
#134 = VECTOR ( 'NONE', #1817, 39.37007874015748900 ) ;
#135 = EDGE_CURVE ( 'NONE', #4495, #2845, #209, .T. ) ;
#136 = AXIS2_PLACEMENT_3D ( 'NONE', #4603, #850, #5491 ) ;
#137 = CARTESIAN_POINT ( 'NONE',  ( 0.1310470240948021800, 0.2485000000000000300, 0.1212500000000000400 ) ) ;
#138 = FACE_OUTER_BOUND ( 'NONE', #2630, .T. ) ;
#139 = PLANE ( 'NONE',  #1600 ) ;
#140 = VECTOR ( 'NONE', #4032, 39.37007874015748100 ) ;
#141 = DIRECTION ( 'NONE',  ( 0.0000000000000000000, -0.0000000000000000000, -1.000000000000000000 ) ) ;
#142 = DIRECTION ( 'NONE',  ( 0.0000000000000000000, 0.0000000000000000000, 1.000000000000000000 ) ) ;
#143 = PLANE ( 'NONE',  #4735 ) ;
#144 = VERTEX_POINT ( 'NONE', #4610 ) ;
#145 = CARTESIAN_POINT ( 'NONE',  ( -0.1525000000000000200, 0.2499212054077438500, 0.02125000000000004700 ) ) ;
#146 = EDGE_CURVE ( 'NONE', #4972, #5312, #425, .T. ) ;
#147 = FACE_OUTER_BOUND ( 'NONE', #2234, .T. ) ;
#148 = FACE_OUTER_BOUND ( 'NONE', #3180, .T. ) ;
#149 = EDGE_LOOP ( 'NONE', ( #4133, #3409, #3743, #4075, #2228, #5431, #3389, #2035, #2183, #4171, #4755 ) ) ;
#150 = CARTESIAN_POINT ( 'NONE',  ( -0.1585251524228011300, -0.01499999999999983600, 0.05500000000000002800 ) ) ;
#151 = LENGTH_MEASURE_WITH_UNIT ( LENGTH_MEASURE( 0.02539999999999999900 ), #1573 );
#152 = LINE ( 'NONE', #653, #633 ) ;
#153 = LINE ( 'NONE', #445, #3213 ) ;
#154 = VERTEX_POINT ( 'NONE', #1671 ) ;
#155 = ORIENTED_EDGE ( 'NONE', *, *, #587, .F. ) ;
#156 = DIRECTION ( 'NONE',  ( 0.04669038075761903400, -0.7047873642613292600, 0.7078804839252718100 ) ) ;
#157 = FACE_OUTER_BOUND ( 'NONE', #1491, .T. ) ;
#158 = DIRECTION ( 'NONE',  ( 0.0000000000000000000, -0.0000000000000000000, -1.000000000000000000 ) ) ;
#159 = ORIENTED_EDGE ( 'NONE', *, *, #2614, .T. ) ;
#160 = DIRECTION ( 'NONE',  ( -0.05727780436021247300, 0.8646036316403947800, 0.4991791394699037800 ) ) ;
#161 = DIRECTION ( 'NONE',  ( -0.0000000000000000000, -0.0000000000000000000, -1.000000000000000000 ) ) ;
#162 = DIRECTION ( 'NONE',  ( -0.0000000000000000000, -0.0000000000000000000, -1.000000000000000000 ) ) ;
#163 = LINE ( 'NONE', #1763, #4155 ) ;
#164 = CARTESIAN_POINT ( 'NONE',  ( -0.1275000000000000000, 0.2585000000000000100, 0.1862500000000000000 ) ) ;
#165 = AXIS2_PLACEMENT_3D ( 'NONE', #2145, #2498, #2972 ) ;
#166 = EDGE_LOOP ( 'NONE', ( #1965, #3030, #3379, #1429 ) ) ;
#167 = PLANE ( 'NONE',  #5352 ) ;
#168 = ORIENTED_EDGE ( 'NONE', *, *, #3536, .F. ) ;
#169 = CARTESIAN_POINT ( 'NONE',  ( 0.1275000000000000000, 0.2585000000000000100, 0.1862500000000000000 ) ) ;
#170 = EDGE_CURVE ( 'NONE', #1297, #4433, #4800, .T. ) ;
#171 = VERTEX_POINT ( 'NONE', #2490 ) ;
#172 = ADVANCED_FACE ( 'NONE', ( #3470 ), #3718, .T. ) ;
#173 = CARTESIAN_POINT ( 'NONE',  ( 0.1310470240948021800, 0.2585000000000000100, -0.1212499999999999700 ) ) ;
#174 = ORIENTED_EDGE ( 'NONE', *, *, #2461, .T. ) ;
#175 = EDGE_CURVE ( 'NONE', #1867, #4097, #690, .T. ) ;
#176 = PRODUCT_DEFINITION_FORMATION_WITH_SPECIFIED_SOURCE ( 'ANY', '', #448, .NOT_KNOWN. ) ;
#177 = PLANE ( 'NONE',  #1955 ) ;
#178 =( LENGTH_UNIT ( ) NAMED_UNIT ( * ) SI_UNIT ( $, .METRE. ) );
#179 = ORIENTED_EDGE ( 'NONE', *, *, #4417, .F. ) ;
#180 = ORIENTED_EDGE ( 'NONE', *, *, #3758, .T. ) ;
#181 = DIRECTION ( 'NONE',  ( 1.000000000000000000, -9.627253440664264800E-015, 0.0000000000000000000 ) ) ;
#182 = CARTESIAN_POINT ( 'NONE',  ( 0.1683179463135507900, 0.01115063833466540600, 0.05925000000000000400 ) ) ;
#183 = FACE_OUTER_BOUND ( 'NONE', #5118, .T. ) ;
#184 = CARTESIAN_POINT ( 'NONE',  ( -0.1584066925048422700, 0.1607601796367002200, -0.1212499999999999700 ) ) ;
#185 = VECTOR ( 'NONE', #4881, 39.37007874015748900 ) ;
#186 = EDGE_CURVE ( 'NONE', #2684, #4450, #3663, .T. ) ;
#187 = VERTEX_POINT ( 'NONE', #5066 ) ;
#188 = ORIENTED_EDGE ( 'NONE', *, *, #213, .F. ) ;
#189 = VECTOR ( 'NONE', #2487, 39.37007874015748100 ) ;
#190 = UNCERTAINTY_MEASURE_WITH_UNIT (LENGTH_MEASURE( 1.000000000000000100E-005 ), #1441, 'distance_accuracy_value', 'NONE');
#191 = LINE ( 'NONE', #2594, #3505 ) ;
#192 = ORIENTED_EDGE ( 'NONE', *, *, #4767, .F. ) ;
#193 = ORIENTED_EDGE ( 'NONE', *, *, #5350, .T. ) ;
#194 = ORIENTED_EDGE ( 'NONE', *, *, #5076, .T. ) ;
#195 = DIRECTION ( 'NONE',  ( -1.000000000000000000, 0.0000000000000000000, 0.0000000000000000000 ) ) ;
#196 = DIRECTION ( 'NONE',  ( -0.05727780436021247300, 0.8646036316403947800, 0.4991791394699037800 ) ) ;
#197 = ORIENTED_EDGE ( 'NONE', *, *, #1105, .F. ) ;
#198 = VECTOR ( 'NONE', #3709, 39.37007874015748100 ) ;
#199 = ORIENTED_EDGE ( 'NONE', *, *, #1770, .T. ) ;
#200 = CARTESIAN_POINT ( 'NONE',  ( -2.599358428979363500E-015, 0.2700000000000012400, 0.1212500000000000400 ) ) ;
#201 = DIRECTION ( 'NONE',  ( -1.000000000000000000, 9.627253440664264800E-015, 0.0000000000000000000 ) ) ;
#202 = VECTOR ( 'NONE', #241, 39.37007874015748100 ) ;
#203 = CARTESIAN_POINT ( 'NONE',  ( 0.1410251524228011700, 0.2491610257710437400, -0.02124999999999996000 ) ) ;
#204 = ORIENTED_EDGE ( 'NONE', *, *, #1376, .F. ) ;
#205 = VECTOR ( 'NONE', #2968, 39.37007874015748900 ) ;
#206 = EDGE_CURVE ( 'NONE', #1009, #4236, #2536, .T. ) ;
#207 = LINE ( 'NONE', #2987, #4596 ) ;
#208 = CARTESIAN_POINT ( 'NONE',  ( -0.1274999999999998900, 0.2585000000000000100, -0.1212499999999999700 ) ) ;
#209 = CIRCLE ( 'NONE', #3935, 0.009999999999999979400 ) ;
#210 = ADVANCED_FACE ( 'NONE', ( #622 ), #321, .F. ) ;
#211 = CARTESIAN_POINT ( 'NONE',  ( -0.1525000000000000200, 0.2499212054077438500, -0.02124999999999996000 ) ) ;
#212 = SURFACE_STYLE_FILL_AREA ( #3234 ) ;
#213 = EDGE_CURVE ( 'NONE', #2307, #5393, #3600, .T. ) ;
#214 = DIRECTION ( 'NONE',  ( -0.0000000000000000000, -0.0000000000000000000, -1.000000000000000000 ) ) ;
#215 = AXIS2_PLACEMENT_3D ( 'NONE', #3726, #393, #2500 ) ;
#216 = FACE_OUTER_BOUND ( 'NONE', #646, .T. ) ;
#217 = CARTESIAN_POINT ( 'NONE',  ( 0.1575645640874880600, -0.0004999999999998905100, -0.1587500000000000000 ) ) ;
#218 = ORIENTED_EDGE ( 'NONE', *, *, #1508, .T. ) ;
#219 = VECTOR ( 'NONE', #588, 39.37007874015748900 ) ;
#220 = CARTESIAN_POINT ( 'NONE',  ( 0.1578129921052414400, -0.004249999999999923100, 0.05500000000000002800 ) ) ;
#221 = LINE ( 'NONE', #2629, #3009 ) ;
#222 = CARTESIAN_POINT ( 'NONE',  ( 0.1568430987363519400, 0.01039045869796522000, 0.05925000000000000400 ) ) ;
#223 = PLANE ( 'NONE',  #4006 ) ;
#224 = EDGE_CURVE ( 'NONE', #2413, #1256, #4002, .T. ) ;
#225 = VERTEX_POINT ( 'NONE', #3309 ) ;
#226 = DIMENSIONAL_EXPONENTS ( 1.000000000000000000, 0.0000000000000000000, 0.0000000000000000000, 0.0000000000000000000, 0.0000000000000000000, 0.0000000000000000000, 0.0000000000000000000 ) ;
#227 = FACE_OUTER_BOUND ( 'NONE', #2000, .T. ) ;
#228 = DIRECTION ( 'NONE',  ( 1.000000000000000000, -9.627253440664264800E-015, -1.153517236683160700E-030 ) ) ;
#229 = LINE ( 'NONE', #3351, #3755 ) ;
#230 = DIRECTION ( 'NONE',  ( 0.0000000000000000000, -0.0000000000000000000, -1.000000000000000000 ) ) ;
#231 = ORIENTED_EDGE ( 'NONE', *, *, #2527, .F. ) ;
#232 = VECTOR ( 'NONE', #3867, 39.37007874015748100 ) ;
#233 = CARTESIAN_POINT ( 'NONE',  ( -0.1585251524228011300, -0.01499999999999992500, 0.1787500000000000500 ) ) ;
#234 = EDGE_CURVE ( 'NONE', #3370, #3416, #4937, .T. ) ;
#235 = CARTESIAN_POINT ( 'NONE',  ( 0.1692878396824403200, -0.003489820363299725200, -0.05499999999999997900 ) ) ;
#236 = EDGE_LOOP ( 'NONE', ( #561, #4284, #174, #4033 ) ) ;
#237 = ORIENTED_EDGE ( 'NONE', *, *, #3141, .F. ) ;
#238 = SURFACE_STYLE_FILL_AREA ( #792 ) ;
#239 = ORIENTED_EDGE ( 'NONE', *, *, #4340, .F. ) ;
#240 = ADVANCED_FACE ( 'NONE', ( #2205 ), #3403, .F. ) ;
#241 = DIRECTION ( 'NONE',  ( 0.0000000000000000000, 0.0000000000000000000, 1.000000000000000000 ) ) ;
#242 = CARTESIAN_POINT ( 'NONE',  ( 0.1212883048896593900, 0.1875000000000000300, -0.1800383048896593600 ) ) ;
#243 = ORIENTED_EDGE ( 'NONE', *, *, #3710, .F. ) ;
#244 = EDGE_CURVE ( 'NONE', #737, #4319, #276, .T. ) ;
#245 = AXIS2_PLACEMENT_3D ( 'NONE', #3363, #3791, #3377 ) ;
#246 = ORIENTED_EDGE ( 'NONE', *, *, #2450, .T. ) ;
#247 = VERTEX_POINT ( 'NONE', #1285 ) ;
#248 = DIRECTION ( 'NONE',  ( -0.0000000000000000000, -0.0000000000000000000, 1.000000000000000000 ) ) ;
#249 = VECTOR ( 'NONE', #355, 39.37007874015748100 ) ;
#250 = CARTESIAN_POINT ( 'NONE',  ( -0.1683179463135507900, 0.01115063833466540200, -0.05924999999999996900 ) ) ;
#251 = VERTEX_POINT ( 'NONE', #4234 ) ;
#252 = ORIENTED_EDGE ( 'NONE', *, *, #1246, .F. ) ;
#253 = EDGE_CURVE ( 'NONE', #3184, #943, #5148, .T. ) ;
#254 = CARTESIAN_POINT ( 'NONE',  ( -0.1585251524228011300, -0.01499999999999983600, -0.05499999999999997900 ) ) ;
#255 = LINE ( 'NONE', #3581, #1858 ) ;
#256 = DIRECTION ( 'NONE',  ( 0.9978128327999003000, 0.06610257710436372200, -0.0000000000000000000 ) ) ;
#257 = VECTOR ( 'NONE', #4638, 39.37007874015748100 ) ;
#258 = CARTESIAN_POINT ( 'NONE',  ( -0.1451100394641186300, 0.1874999999999999700, -0.1212499999999999700 ) ) ;
#259 = EDGE_LOOP ( 'NONE', ( #5464, #4129, #3360, #3887, #5320, #1472, #333, #933 ) ) ;
#260 = EDGE_LOOP ( 'NONE', ( #4677, #347, #675, #3915 ) ) ;
#261 = ORIENTED_EDGE ( 'NONE', *, *, #1105, .T. ) ;
#262 = DIRECTION ( 'NONE',  ( 0.9978128327999003000, -0.06610257710436373600, -7.920271606955852500E-018 ) ) ;
#263 = MANIFOLD_SOLID_BREP ( 'Housing', #466 ) ;
#264 = CARTESIAN_POINT ( 'NONE',  ( -0.1565420173799203800, 0.01493525640970793700, 0.1741852564097077500 ) ) ;
#265 = ORIENTED_EDGE ( 'NONE', *, *, #1184, .F. ) ;
#266 = LINE ( 'NONE', #2430, #2389 ) ;
#267 = DIRECTION ( 'NONE',  ( 0.0000000000000000000, 0.0000000000000000000, 1.000000000000000000 ) ) ;
#268 = EDGE_LOOP ( 'NONE', ( #1908, #1452, #180, #942 ) ) ;
#269 = CARTESIAN_POINT ( 'NONE',  ( 0.1310470240948021800, 0.2699999999999999600, 0.02125000000000004700 ) ) ;
#270 = VECTOR ( 'NONE', #5372, 39.37007874015748900 ) ;
#271 = CARTESIAN_POINT ( 'NONE',  ( 0.1310470240948021800, 0.2485000000000000300, -0.1587500000000000000 ) ) ;
#272 = ORIENTED_EDGE ( 'NONE', *, *, #3462, .T. ) ;
#273 = COLOUR_RGB ( '',0.7921568627450980000, 0.8196078431372548800, 0.9333333333333333500 ) ;
#274 = DIRECTION ( 'NONE',  ( 0.0000000000000000000, 0.0000000000000000000, 1.000000000000000000 ) ) ;
#275 = VECTOR ( 'NONE', #4904, 39.37007874015748900 ) ;
#276 = LINE ( 'NONE', #5120, #4868 ) ;
#277 = DIRECTION ( 'NONE',  ( -0.06610257710436372200, 0.9978128327999003000, 1.064794134897212500E-016 ) ) ;
#278 = CARTESIAN_POINT ( 'NONE',  ( 0.1584066925048422700, 0.1607601796367002200, 0.1407500000000000400 ) ) ;
#279 = DIRECTION ( 'NONE',  ( 0.08682659386424780600, -0.9924325091389671900, 0.08682659386424780600 ) ) ;
#280 = LINE ( 'NONE', #1556, #2408 ) ;
#281 = EDGE_CURVE ( 'NONE', #1867, #4085, #3341, .T. ) ;
#282 = AXIS2_PLACEMENT_3D ( 'NONE', #2835, #3256, #267 ) ;
#283 = CARTESIAN_POINT ( 'NONE',  ( 0.1275000000000000000, 0.2700000000000000200, 0.1212500000000000400 ) ) ;
#284 = ORIENTED_EDGE ( 'NONE', *, *, #4663, .T. ) ;
#285 = DIRECTION ( 'NONE',  ( -0.9978128327999003000, 0.06610257710436372200, -0.0000000000000000000 ) ) ;
#286 = LINE ( 'NONE', #3945, #4209 ) ;
#287 = CARTESIAN_POINT ( 'NONE',  ( -0.1683179463135507900, 0.01115063833466540200, -0.1212499999999999700 ) ) ;
#288 = VERTEX_POINT ( 'NONE', #2988 ) ;
#289 = DIRECTION ( 'NONE',  ( 0.9978128327999003000, 0.06610257710436372200, -0.0000000000000000000 ) ) ;
#290 = ADVANCED_FACE ( 'NONE', ( #74 ), #1690, .F. ) ;
#291 = EDGE_CURVE ( 'NONE', #2364, #1333, #3202, .T. ) ;
#292 = DIRECTION ( 'NONE',  ( 0.06610257710436373600, -0.9978128327999003000, 0.0000000000000000000 ) ) ;
#293 = LINE ( 'NONE', #4095, #4744 ) ;
#294 = PLANE ( 'NONE',  #4267 ) ;
#295 = CARTESIAN_POINT ( 'NONE',  ( 0.1683179463135507900, 0.01115063833466540200, 0.02125000000000004700 ) ) ;
#296 = ORIENTED_EDGE ( 'NONE', *, *, #2954, .F. ) ;
#297 = ADVANCED_FACE ( 'NONE', ( #1357 ), #892, .T. ) ;
#298 = LINE ( 'NONE', #476, #768 ) ;
#299 = CARTESIAN_POINT ( 'NONE',  ( 0.1690062879289864800, 0.0007601796367002576600, 0.1407500000000000400 ) ) ;
#300 = CARTESIAN_POINT ( 'NONE',  ( 0.1699999999999999800, -0.01423982036329964400, 0.05500000000000002800 ) ) ;
#301 = EDGE_CURVE ( 'NONE', #2965, #3282, #3866, .T. ) ;
#302 = CARTESIAN_POINT ( 'NONE',  ( -0.1683179463135507900, 0.01115063833466540200, -0.05499999999999997900 ) ) ;
#303 = ORIENTED_EDGE ( 'NONE', *, *, #2774, .F. ) ;
#304 = DIRECTION ( 'NONE',  ( 0.0000000000000000000, -0.0000000000000000000, -1.000000000000000000 ) ) ;
#305 = ORIENTED_EDGE ( 'NONE', *, *, #175, .F. ) ;
#306 = CARTESIAN_POINT ( 'NONE',  ( -0.1525000000000000200, 0.2499212054077438500, 0.1212500000000000400 ) ) ;
#307 = AXIS2_PLACEMENT_3D ( 'NONE', #1196, #3297, #1624 ) ;
#308 = DIRECTION ( 'NONE',  ( 0.0000000000000000000, 0.0000000000000000000, 1.000000000000000000 ) ) ;
#309 = DIRECTION ( 'NONE',  ( -0.0000000000000000000, -0.0000000000000000000, -1.000000000000000000 ) ) ;
#310 = ORIENTED_EDGE ( 'NONE', *, *, #3175, .F. ) ;
#311 = CARTESIAN_POINT ( 'NONE',  ( -0.1584066925048422700, 0.1607601796367002200, -0.02124999999999996000 ) ) ;
#312 = CARTESIAN_POINT ( 'NONE',  ( 0.1275000000000000000, 0.2585000000000000100, 0.1862500000000000000 ) ) ;
#313 = ORIENTED_EDGE ( 'NONE', *, *, #2944, .T. ) ;
#314 = VERTEX_POINT ( 'NONE', #4651 ) ;
#315 = AXIS2_PLACEMENT_3D ( 'NONE', #3003, #1327, #2596 ) ;
#316 = CARTESIAN_POINT ( 'NONE',  ( 0.1469318449276434100, 0.1600000000000000000, -0.02124999999999996000 ) ) ;
#317 = LINE ( 'NONE', #4584, #5434 ) ;
#318 = CARTESIAN_POINT ( 'NONE',  ( -0.1555634906104184600, 0.02970603556262510100, 0.01235238784441522800 ) ) ;
#319 = EDGE_LOOP ( 'NONE', ( #3852, #1262, #1345, #1122 ) ) ;
#320 = CARTESIAN_POINT ( 'NONE',  ( 0.1255775913624729300, 0.2919732312742148200, -0.1843275913624729000 ) ) ;
#321 = PLANE ( 'NONE',  #4221 ) ;
#322 = EDGE_CURVE ( 'NONE', #1789, #3595, #3139, .T. ) ;
#323 = ADVANCED_FACE ( 'NONE', ( #5202 ), #4220, .F. ) ;
#324 = AXIS2_PLACEMENT_3D ( 'NONE', #2806, #809, #1200 ) ;
#325 = LINE ( 'NONE', #990, #4432 ) ;
#326 = ORIENTED_EDGE ( 'NONE', *, *, #4055, .T. ) ;
#327 = EDGE_LOOP ( 'NONE', ( #1409, #4362, #2963, #794 ) ) ;
#328 = PLANE ( 'NONE',  #1337 ) ;
#329 = CARTESIAN_POINT ( 'NONE',  ( -0.1310470240948020700, 0.2585000000000000100, 0.02125000000000004700 ) ) ;
#330 = VECTOR ( 'NONE', #228, 39.37007874015748100 ) ;
#331 = DIRECTION ( 'NONE',  ( -0.06610257710436372200, 0.9978128327999003000, 0.0000000000000000000 ) ) ;
#332 = ORIENTED_EDGE ( 'NONE', *, *, #108, .F. ) ;
#333 = ORIENTED_EDGE ( 'NONE', *, *, #692, .T. ) ;
#334 = EDGE_CURVE ( 'NONE', #861, #4166, #4134, .T. ) ;
#335 = ORIENTED_EDGE ( 'NONE', *, *, #334, .F. ) ;
#336 = DIRECTION ( 'NONE',  ( -1.000000000000000000, 0.0000000000000000000, -0.0000000000000000000 ) ) ;
#337 = DIRECTION ( 'NONE',  ( 0.9978128327999003000, 0.06610257710436372200, -0.0000000000000000000 ) ) ;
#338 = CARTESIAN_POINT ( 'NONE',  ( 0.1469318449276434100, 0.1600000000000000000, 0.04075000000000003600 ) ) ;
#339 = ORIENTED_EDGE ( 'NONE', *, *, #4599, .T. ) ;
#340 = VECTOR ( 'NONE', #5473, 39.37007874015748100 ) ;
#341 = ORIENTED_EDGE ( 'NONE', *, *, #807, .F. ) ;
#342 = DIRECTION ( 'NONE',  ( 1.000000000000000000, -9.627253440664264800E-015, 0.0000000000000000000 ) ) ;
#343 = VECTOR ( 'NONE', #4414, 39.37007874015748900 ) ;
#344 = CARTESIAN_POINT ( 'NONE',  ( 0.03750000000000008200, 0.3300000000000000200, -0.1810006801884445300 ) ) ;
#345 = CARTESIAN_POINT ( 'NONE',  ( 0.1699999999999999800, -0.01423982036329973400, -0.02124999999999996000 ) ) ;
#346 = EDGE_CURVE ( 'NONE', #998, #737, #1351, .T. ) ;
#347 = ORIENTED_EDGE ( 'NONE', *, *, #1096, .T. ) ;
#348 = LINE ( 'NONE', #4348, #134 ) ;
#349 = DIRECTION ( 'NONE',  ( 0.0000000000000000000, -1.000000000000000000, 0.0000000000000000000 ) ) ;
#350 = FACE_OUTER_BOUND ( 'NONE', #478, .T. ) ;
#351 = CARTESIAN_POINT ( 'NONE',  ( -0.1310470240948021800, 0.2485000000000000300, 0.1212500000000000400 ) ) ;
#352 = DIRECTION ( 'NONE',  ( 0.06610257710436373600, -0.9978128327999003000, 0.0000000000000000000 ) ) ;
#353 = AXIS2_PLACEMENT_3D ( 'NONE', #5390, #2842, #3120 ) ;
#354 = LINE ( 'NONE', #4386, #2344 ) ;
#355 = DIRECTION ( 'NONE',  ( 0.0000000000000000000, 0.0000000000000000000, -1.000000000000000000 ) ) ;
#356 = ADVANCED_FACE ( 'NONE', ( #1878 ), #1722, .F. ) ;
#357 = DIRECTION ( 'NONE',  ( 0.0000000000000000000, 0.0000000000000000000, 1.000000000000000000 ) ) ;
#358 = DIRECTION ( 'NONE',  ( -0.9978128327999003000, -0.06610257710436372200, 0.0000000000000000000 ) ) ;
#359 = VERTEX_POINT ( 'NONE', #447 ) ;
#360 = VECTOR ( 'NONE', #4942, 39.37007874015748100 ) ;
#361 = EDGE_CURVE ( 'NONE', #2627, #4992, #2337, .T. ) ;
#362 = AXIS2_PLACEMENT_3D ( 'NONE', #4831, #2719, #4486 ) ;
#363 = CARTESIAN_POINT ( 'NONE',  ( 0.1584066925048422700, 0.1607601796367002200, 0.07875000000000004200 ) ) ;
#364 = CARTESIAN_POINT ( 'NONE',  ( -0.1683179463135507900, 0.01115063833466540600, 0.1587499999999999700 ) ) ;
#365 = DIRECTION ( 'NONE',  ( -0.06610257710436372200, -0.9978128327999003000, 0.0000000000000000000 ) ) ;
#366 = ORIENTED_EDGE ( 'NONE', *, *, #4743, .F. ) ;
#367 = CARTESIAN_POINT ( 'NONE',  ( 0.1275000000000000000, 0.2585000000000000100, 0.1862500000000000000 ) ) ;
#368 = VECTOR ( 'NONE', #5138, 39.37007874015748900 ) ;
#369 = FACE_OUTER_BOUND ( 'NONE', #2355, .T. ) ;
#370 = EDGE_CURVE ( 'NONE', #808, #1805, #2134, .T. ) ;
#371 = ORIENTED_EDGE ( 'NONE', *, *, #5245, .F. ) ;
#372 = STYLED_ITEM ( 'NONE', ( #4365 ), #2907 ) ;
#373 = DIRECTION ( 'NONE',  ( 0.9978128327999003000, -0.06610257710436372200, 0.0000000000000000000 ) ) ;
#374 = VECTOR ( 'NONE', #1719, 39.37007874015748100 ) ;
#375 = CARTESIAN_POINT ( 'NONE',  ( -0.1568430987363519400, 0.01039045869796522000, -0.1449999999999999900 ) ) ;
#376 = ORIENTED_EDGE ( 'NONE', *, *, #4279, .T. ) ;
#377 = DIRECTION ( 'NONE',  ( -0.06610257710436373600, -0.9978128327999003000, 0.0000000000000000000 ) ) ;
#378 = DIRECTION ( 'NONE',  ( -1.000000000000000000, -9.627253440664264800E-015, 0.0000000000000000000 ) ) ;
#379 = EDGE_CURVE ( 'NONE', #773, #5220, #888, .T. ) ;
#380 = CARTESIAN_POINT ( 'NONE',  ( 0.1683179463135507900, 0.01115063833466540200, -0.1550000000000000000 ) ) ;
#381 = ORIENTED_EDGE ( 'NONE', *, *, #2904, .T. ) ;
#382 = ORIENTED_EDGE ( 'NONE', *, *, #958, .T. ) ;
#383 = CARTESIAN_POINT ( 'NONE',  ( -0.1690062879289864800, 0.0007601796367002576600, 0.04075000000000003600 ) ) ;
#384 = DIRECTION ( 'NONE',  ( 1.000000000000000000, -9.627253440664264800E-015, 0.0000000000000000000 ) ) ;
#385 = DIRECTION ( 'NONE',  ( 0.08682659386424780600, -0.9924325091389671900, -0.08682659386424780600 ) ) ;
#386 = CARTESIAN_POINT ( 'NONE',  ( -0.1670383381876173500, 0.03046621519932528300, 0.1123523878444152300 ) ) ;
#387 = ADVANCED_FACE ( 'NONE', ( #2269 ), #568, .F. ) ;
#388 = ORIENTED_EDGE ( 'NONE', *, *, #2292, .F. ) ;
#389 =( LENGTH_UNIT ( ) NAMED_UNIT ( * ) SI_UNIT ( $, .METRE. ) );
#390 = AXIS2_PLACEMENT_3D ( 'NONE', #426, #5029, #4627 ) ;
#391 = DIRECTION ( 'NONE',  ( -0.05727780436021254200, -0.8646036316403955500, 0.4991791394699025600 ) ) ;
#392 = VERTEX_POINT ( 'NONE', #4799 ) ;
#393 = DIRECTION ( 'NONE',  ( 0.0000000000000000000, 0.0000000000000000000, 1.000000000000000000 ) ) ;
#394 = FACE_OUTER_BOUND ( 'NONE', #2785, .T. ) ;
#395 = EDGE_CURVE ( 'NONE', #954, #4990, #3998, .T. ) ;
#396 = VECTOR ( 'NONE', #4956, 39.37007874015748100 ) ;
#397 = VERTEX_POINT ( 'NONE', #926 ) ;
#398 = EDGE_LOOP ( 'NONE', ( #2004, #3307, #4902, #1951 ) ) ;
#399 = DIRECTION ( 'NONE',  ( 0.0000000000000000000, -0.0000000000000000000, -1.000000000000000000 ) ) ;
#400 = VECTOR ( 'NONE', #3986, 39.37007874015748900 ) ;
#401 = CARTESIAN_POINT ( 'NONE',  ( -0.1275000000000000000, 0.2585000000000000100, 0.1862500000000000000 ) ) ;
#402 = VERTEX_POINT ( 'NONE', #1795 ) ;
#403 = DIRECTION ( 'NONE',  ( -0.9978128327999003000, 0.06610257710436372200, -0.0000000000000000000 ) ) ;
#404 = ORIENTED_EDGE ( 'NONE', *, *, #3161, .F. ) ;
#405 = VERTEX_POINT ( 'NONE', #969 ) ;
#406 = EDGE_CURVE ( 'NONE', #4230, #5238, #2405, .T. ) ;
#407 = AXIS2_PLACEMENT_3D ( 'NONE', #3156, #1423, #3117 ) ;
#408 = FACE_OUTER_BOUND ( 'NONE', #3630, .T. ) ;
#409 = DIRECTION ( 'NONE',  ( 1.000000000000000000, -9.627253440664264800E-015, -0.0000000000000000000 ) ) ;
#410 = ORIENTED_EDGE ( 'NONE', *, *, #5395, .T. ) ;
#411 = VECTOR ( 'NONE', #5227, 39.37007874015748900 ) ;
#412 = ORIENTED_EDGE ( 'NONE', *, *, #4734, .F. ) ;
#413 = DIRECTION ( 'NONE',  ( -0.0000000000000000000, 0.0000000000000000000, 1.000000000000000000 ) ) ;
#414 = DIRECTION ( 'NONE',  ( 0.9978128327999003000, -0.06610257710436372200, 0.0000000000000000000 ) ) ;
#415 = DIRECTION ( 'NONE',  ( 9.627253440664264800E-015, -1.000000000000000000, 0.0000000000000000000 ) ) ;
#416 = LINE ( 'NONE', #1971, #4056 ) ;
#417 = EDGE_CURVE ( 'NONE', #4760, #1603, #1942, .T. ) ;
#418 = ORIENTED_EDGE ( 'NONE', *, *, #4549, .T. ) ;
#419 = VECTOR ( 'NONE', #4964, 39.37007874015748100 ) ;
#420 = CARTESIAN_POINT ( 'NONE',  ( -0.1568430987363519400, 0.01039045869796522000, -0.1550000000000000000 ) ) ;
#421 = ADVANCED_FACE ( 'NONE', ( #1153 ), #3512, .T. ) ;
#422 = DIRECTION ( 'NONE',  ( 0.9978128327999003000, 0.06610257710436372200, -0.0000000000000000000 ) ) ;
#423 =( LENGTH_UNIT ( ) NAMED_UNIT ( * ) SI_UNIT ( $, .METRE. ) );
#424 = LINE ( 'NONE', #2807, #4798 ) ;
#425 = LINE ( 'NONE', #386, #4733 ) ;
#426 = CARTESIAN_POINT ( 'NONE',  ( -0.1310470240948021800, 0.2485000000000000300, 0.07875000000000004200 ) ) ;
#427 = DIRECTION ( 'NONE',  ( -0.06610257710436372200, 0.9978128327999003000, 0.0000000000000000000 ) ) ;
#428 = CARTESIAN_POINT ( 'NONE',  ( 0.1683179463135507900, 0.01115063833466540200, -0.05924999999999996900 ) ) ;
#429 = LINE ( 'NONE', #4912, #2932 ) ;
#430 = DIRECTION ( 'NONE',  ( 9.627253440664264800E-015, 1.000000000000000000, 0.0000000000000000000 ) ) ;
#431 = AXIS2_PLACEMENT_3D ( 'NONE', #2850, #5375, #1607 ) ;
#432 = EDGE_LOOP ( 'NONE', ( #5098, #1378, #5266, #2169, #5067, #4071, #1855, #3365, #2368, #4854, #296, #3811, #1332, #2182 ) ) ;
#433 = CLOSED_SHELL ( 'NONE', ( #4019, #4776, #3411, #4295, #840, #2493, #1673, #2216, #387, #4438, #3963, #4982, #3996, #1997, #4949, #5401, #2877, #3362, #4164 ) ) ;
#434 = CARTESIAN_POINT ( 'NONE',  ( 8.537024980200822600E-017, 0.3300000000000000200, -0.1810006801884445900 ) ) ;
#435 = CARTESIAN_POINT ( 'NONE',  ( 0.1575314403517876200, 8.110173731190781100E-017, -0.04075000000000000100 ) ) ;
#436 = AXIS2_PLACEMENT_3D ( 'NONE', #250, #274, #4444 ) ;
#437 = ORIENTED_EDGE ( 'NONE', *, *, #5469, .T. ) ;
#438 = CARTESIAN_POINT ( 'NONE',  ( -0.1683179463135507900, 0.01115063833466540600, -0.04075000000000000100 ) ) ;
#439 = FACE_OUTER_BOUND ( 'NONE', #124, .T. ) ;
#440 = CARTESIAN_POINT ( 'NONE',  ( 0.1469318449276434100, 0.1600000000000000000, -0.05924999999999996900 ) ) ;
#441 = CARTESIAN_POINT ( 'NONE',  ( 0.1275000000000000000, 0.2700000000000000200, 0.1587500000000000000 ) ) ;
#442 = VERTEX_POINT ( 'NONE', #2215 ) ;
#443 = EDGE_CURVE ( 'NONE', #4258, #3903, #5537, .T. ) ;
#444 = AXIS2_PLACEMENT_3D ( 'NONE', #3583, #1936, #1911 ) ;
#445 = CARTESIAN_POINT ( 'NONE',  ( -2.488645014411724400E-015, 0.2585000000000012300, 0.1212500000000000400 ) ) ;
#446 = DIRECTION ( 'NONE',  ( 0.0000000000000000000, 0.0000000000000000000, 1.000000000000000000 ) ) ;
#447 = CARTESIAN_POINT ( 'NONE',  ( -0.1699999999999999800, -0.01423982036329964400, -0.04499999999999998400 ) ) ;
#448 = PRODUCT ( 'IL610-2E', 'IL610-2E', '', ( #4652 ) ) ;
#449 = VERTEX_POINT ( 'NONE', #3023 ) ;
#450 = ADVANCED_FACE ( 'NONE', ( #2996 ), #3045, .F. ) ;
#451 = UNCERTAINTY_MEASURE_WITH_UNIT (LENGTH_MEASURE( 1.000000000000000100E-005 ), #705, 'distance_accuracy_value', 'NONE');
#452 = EDGE_CURVE ( 'NONE', #887, #766, #2926, .T. ) ;
#453 = DIRECTION ( 'NONE',  ( -0.9978128327999003000, -0.06610257710436372200, 0.0000000000000000000 ) ) ;
#454 = EDGE_LOOP ( 'NONE', ( #2919, #4405, #1793, #2248 ) ) ;
#455 = EDGE_LOOP ( 'NONE', ( #5119, #3957, #801, #5518 ) ) ;
#456 = CARTESIAN_POINT ( 'NONE',  ( -0.1275000000000000000, 0.2700000000000000200, -0.02124999999999996000 ) ) ;
#457 = VERTEX_POINT ( 'NONE', #4742 ) ;
#458 = DIRECTION ( 'NONE',  ( -0.0000000000000000000, -0.0000000000000000000, -1.000000000000000000 ) ) ;
#459 = CARTESIAN_POINT ( 'NONE',  ( -0.1525000000000000200, 0.2499212054077438500, -0.07874999999999995900 ) ) ;
#460 = ORIENTED_EDGE ( 'NONE', *, *, #1927, .F. ) ;
#461 = DIRECTION ( 'NONE',  ( 0.0000000000000000000, 0.0000000000000000000, 1.000000000000000000 ) ) ;
#462 = PLANE ( 'NONE',  #550 ) ;
#463 = VECTOR ( 'NONE', #5024, 39.37007874015748100 ) ;
#464 = VECTOR ( 'NONE', #1999, 39.37007874015748900 ) ;
#465 = ORIENTED_EDGE ( 'NONE', *, *, #5190, .T. ) ;
#466 = CLOSED_SHELL ( 'NONE', ( #5365, #2677, #4331, #1443, #719, #1288, #2732, #5287, #114, #3496, #862, #5205, #4727, #1808, #2934, #1134, #3610 ) ) ;
#467 = AXIS2_PLACEMENT_3D ( 'NONE', #4836, #2295, #3132 ) ;
#468 = LINE ( 'NONE', #997, #2379 ) ;
#469 = LINE ( 'NONE', #3166, #1330 ) ;
#470 = ORIENTED_EDGE ( 'NONE', *, *, #5056, .F. ) ;
#471 = VERTEX_POINT ( 'NONE', #3923 ) ;
#472 = ADVANCED_FACE ( 'NONE', ( #68 ), #2618, .F. ) ;
#473 = DIRECTION ( 'NONE',  ( 0.0000000000000000000, 0.0000000000000000000, 1.000000000000000000 ) ) ;
#474 = EDGE_CURVE ( 'NONE', #2505, #1649, #348, .T. ) ;
#475 = LINE ( 'NONE', #890, #3714 ) ;
#476 = CARTESIAN_POINT ( 'NONE',  ( 0.1555634906104184600, 0.02970603556262510100, 0.1123523878444152300 ) ) ;
#477 = ORIENTED_EDGE ( 'NONE', *, *, #2634, .F. ) ;
#478 = EDGE_LOOP ( 'NONE', ( #4337, #3704, #2749, #83 ) ) ;
#479 = ORIENTED_EDGE ( 'NONE', *, *, #5237, .F. ) ;
#480 = DIRECTION ( 'NONE',  ( 1.000000000000000000, 0.0000000000000000000, 0.0000000000000000000 ) ) ;
#481 = LINE ( 'NONE', #1759, #121 ) ;
#482 = DIRECTION ( 'NONE',  ( 0.04679272426934458900, -0.7063322309492396900, -0.7063322309492347000 ) ) ;
#483 = SURFACE_STYLE_USAGE ( .BOTH. , #1745 ) ;
#484 = EDGE_LOOP ( 'NONE', ( #2113, #1635, #1617, #1152 ) ) ;
#485 = FACE_OUTER_BOUND ( 'NONE', #1526, .T. ) ;
#486 = B_SPLINE_CURVE_WITH_KNOTS ( 'NONE', 3,
 ( #3317, #5017, #2843, #1160 ),
 .UNSPECIFIED., .F., .F.,
 ( 4, 4 ),
 ( 2.052149251789997300E-007, 0.0005216961531357588300 ),
 .UNSPECIFIED. ) ;
#487 = EDGE_CURVE ( 'NONE', #2859, #2612, #1086, .T. ) ;
#488 = VERTEX_POINT ( 'NONE', #4819 ) ;
#489 = MECHANICAL_DESIGN_GEOMETRIC_PRESENTATION_REPRESENTATION (  '', ( #372 ), #4960 ) ;
#490 = ORIENTED_EDGE ( 'NONE', *, *, #2662, .T. ) ;
#491 = FACE_OUTER_BOUND ( 'NONE', #1601, .T. ) ;
#492 = CARTESIAN_POINT ( 'NONE',  ( -2.599358428979363500E-015, 0.2700000000000012400, -0.02124999999999996000 ) ) ;
#493 = EDGE_CURVE ( 'NONE', #4999, #2062, #2071, .T. ) ;
#494 = VECTOR ( 'NONE', #4797, 39.37007874015748100 ) ;
#495 = VECTOR ( 'NONE', #717, 39.37007874015748100 ) ;
#496 = DIRECTION ( 'NONE',  ( 9.627253440664264800E-015, -1.000000000000000000, 0.0000000000000000000 ) ) ;
#497 = DIRECTION ( 'NONE',  ( -1.000000000000000000, 0.0000000000000000000, 0.0000000000000000000 ) ) ;
#498 = CARTESIAN_POINT ( 'NONE',  ( 0.1568430987363519400, 0.01039045869796522000, -0.07874999999999995900 ) ) ;
#499 = ORIENTED_EDGE ( 'NONE', *, *, #4624, .F. ) ;
#500 = CARTESIAN_POINT ( 'NONE',  ( 0.1525000000000000200, 0.2499212054077438500, -0.1212499999999999700 ) ) ;
#501 = AXIS2_PLACEMENT_3D ( 'NONE', #4330, #4308, #4758 ) ;
#502 = ADVANCED_FACE ( 'NONE', ( #1618 ), #223, .F. ) ;
#503 = VECTOR ( 'NONE', #4037, 39.37007874015748100 ) ;
#504 = LINE ( 'NONE', #459, #5028 ) ;
#505 = EDGE_LOOP ( 'NONE', ( #4237, #47, #1234, #660 ) ) ;
#506 = VECTOR ( 'NONE', #458, 39.37007874015748100 ) ;
#507 = DIRECTION ( 'NONE',  ( 0.06610257710436373600, -0.9978128327999003000, 0.0000000000000000000 ) ) ;
#508 = VECTOR ( 'NONE', #704, 39.37007874015748100 ) ;
#509 = EDGE_CURVE ( 'NONE', #3595, #1333, #3464, .T. ) ;
#510 = AXIS2_PLACEMENT_3D ( 'NONE', #4551, #4072, #4970 ) ;
#511 = ORIENTED_EDGE ( 'NONE', *, *, #4874, .T. ) ;
#512 = PLANE ( 'NONE',  #4671 ) ;
#513 = SURFACE_STYLE_USAGE ( .BOTH. , #3840 ) ;
#514 = CARTESIAN_POINT ( 'NONE',  ( 0.1451100394641186300, 0.1874999999999999700, 0.07875000000000004200 ) ) ;
#515 = EDGE_CURVE ( 'NONE', #397, #2974, #4391, .T. ) ;
#516 = EDGE_LOOP ( 'NONE', ( #3856, #1641, #2165, #3024 ) ) ;
#517 = AXIS2_PLACEMENT_3D ( 'NONE', #3367, #1282, #1249 ) ;
#518 = DIRECTION ( 'NONE',  ( 0.0000000000000000000, 0.0000000000000000000, 1.000000000000000000 ) ) ;
#519 = CARTESIAN_POINT ( 'NONE',  ( 0.1310470240948021800, 0.2699999999999999600, 0.07875000000000004200 ) ) ;
#520 = CARTESIAN_POINT ( 'NONE',  ( -0.1310470240948021800, 0.2485000000000000300, 0.02125000000000004700 ) ) ;
#521 = LINE ( 'NONE', #338, #4282 ) ;
#522 = ORIENTED_EDGE ( 'NONE', *, *, #2483, .F. ) ;
#523 = EDGE_CURVE ( 'NONE', #2056, #1670, #4262, .T. ) ;
#524 = DIRECTION ( 'NONE',  ( -0.0000000000000000000, -1.198178944589589900E-016, 1.000000000000000000 ) ) ;
#525 = ORIENTED_EDGE ( 'NONE', *, *, #1672, .T. ) ;
#526 = DIRECTION ( 'NONE',  ( 0.06610257710436372200, 0.9978128327999003000, 0.0000000000000000000 ) ) ;
#527 = ADVANCED_FACE ( 'NONE', ( #1223 ), #602, .T. ) ;
#528 = CARTESIAN_POINT ( 'NONE',  ( 0.1575314403517876200, 7.043045608665678100E-017, 0.05925000000000000400 ) ) ;
#529 = DIRECTION ( 'NONE',  ( 0.0000000000000000000, 1.000000000000000000, 0.0000000000000000000 ) ) ;
#530 = ORIENTED_EDGE ( 'NONE', *, *, #99, .T. ) ;
#531 = VERTEX_POINT ( 'NONE', #164 ) ;
#532 = EDGE_CURVE ( 'NONE', #4709, #671, #3199, .T. ) ;
#533 = VECTOR ( 'NONE', #2059, 39.37007874015748100 ) ;
#534 = VECTOR ( 'NONE', #2691, 39.37007874015748900 ) ;
#535 = CARTESIAN_POINT ( 'NONE',  ( 0.1310470240948021800, 0.2485000000000000300, -0.02124999999999996000 ) ) ;
#536 = ORIENTED_EDGE ( 'NONE', *, *, #2774, .T. ) ;
#537 = ORIENTED_EDGE ( 'NONE', *, *, #1274, .T. ) ;
#538 = FACE_OUTER_BOUND ( 'NONE', #259, .T. ) ;
#539 = FACE_OUTER_BOUND ( 'NONE', #2687, .T. ) ;
#540 = ORIENTED_EDGE ( 'NONE', *, *, #4705, .F. ) ;
#541 = EDGE_LOOP ( 'NONE', ( #3312, #5061, #1511, #3330 ) ) ;
#542 = ORIENTED_EDGE ( 'NONE', *, *, #1059, .T. ) ;
#543 = DIRECTION ( 'NONE',  ( 1.000000000000000000, 0.0000000000000000000, 0.0000000000000000000 ) ) ;
#544 = LENGTH_MEASURE_WITH_UNIT ( LENGTH_MEASURE( 0.02539999999999999900 ), #3958 );
#545 = VERTEX_POINT ( 'NONE', #1442 ) ;
#546 = VECTOR ( 'NONE', #5091, 39.37007874015748900 ) ;
#547 = VERTEX_POINT ( 'NONE', #203 ) ;
#548 = DIRECTION ( 'NONE',  ( 1.000000000000000000, -9.627253440664264800E-015, 0.0000000000000000000 ) ) ;
#549 = EDGE_CURVE ( 'NONE', #144, #3059, #4058, .T. ) ;
#550 = AXIS2_PLACEMENT_3D ( 'NONE', #2213, #4328, #2666 ) ;
#551 = VECTOR ( 'NONE', #3246, 39.37007874015748100 ) ;
#552 = VERTEX_POINT ( 'NONE', #1938 ) ;
#553 = VECTOR ( 'NONE', #4125, 39.37007874015748900 ) ;
#554 = CIRCLE ( 'NONE', #4916, 0.02149999999999997700 ) ;
#555 = CARTESIAN_POINT ( 'NONE',  ( 0.1683179463135507900, 0.01115063833466540200, -0.1449999999999999900 ) ) ;
#556 = EDGE_CURVE ( 'NONE', #3416, #3559, #2465, .T. ) ;
#557 = ADVANCED_FACE ( 'NONE', ( #491 ), #3601, .F. ) ;
#558 = VECTOR ( 'NONE', #2016, 39.37007874015748100 ) ;
#559 = VECTOR ( 'NONE', #1461, 39.37007874015747400 ) ;
#560 = VECTOR ( 'NONE', #3662, 39.37007874015748100 ) ;
#561 = ORIENTED_EDGE ( 'NONE', *, *, #3328, .F. ) ;
#562 = VECTOR ( 'NONE', #859, 39.37007874015748100 ) ;
#563 = ORIENTED_EDGE ( 'NONE', *, *, #4471, .F. ) ;
#564 = FACE_OUTER_BOUND ( 'NONE', #2699, .T. ) ;
#565 = FACE_OUTER_BOUND ( 'NONE', #541, .T. ) ;
#566 = DIRECTION ( 'NONE',  ( -1.000000000000000000, -9.627253440664264800E-015, 0.0000000000000000000 ) ) ;
#567 = DIRECTION ( 'NONE',  ( 1.000000000000000000, 0.0000000000000000000, 0.0000000000000000000 ) ) ;
#568 = PLANE ( 'NONE',  #5160 ) ;
#569 = ORIENTED_EDGE ( 'NONE', *, *, #4373, .T. ) ;
#570 = CARTESIAN_POINT ( 'NONE',  ( -0.1699999999999999800, 0.2700000000000000200, 0.1587500000000000000 ) ) ;
#571 = ORIENTED_EDGE ( 'NONE', *, *, #493, .F. ) ;
#572 = EDGE_CURVE ( 'NONE', #4021, #4336, #3265, .T. ) ;
#573 = AXIS2_PLACEMENT_3D ( 'NONE', #3756, #4150, #1689 ) ;
#574 = LINE ( 'NONE', #2616, #2949 ) ;
#575 = DIRECTION ( 'NONE',  ( -9.627253440664264800E-015, 1.000000000000000000, -0.0000000000000000000 ) ) ;
#576 = ADVANCED_FACE ( 'NONE', ( #955 ), #661, .F. ) ;
#577 = VERTEX_POINT ( 'NONE', #145 ) ;
#578 = DIRECTION ( 'NONE',  ( -1.000000000000000000, 0.0000000000000000000, 0.0000000000000000000 ) ) ;
#579 = EDGE_CURVE ( 'NONE', #5215, #5104, #5333, .T. ) ;
#580 = CARTESIAN_POINT ( 'NONE',  ( -0.1568430987363519400, 0.01039045869796522000, 0.1450000000000000200 ) ) ;
#581 = ORIENTED_EDGE ( 'NONE', *, *, #4820, .T. ) ;
#582 = ORIENTED_EDGE ( 'NONE', *, *, #4837, .F. ) ;
#583 = FILL_AREA_STYLE ('',( #4009 ) ) ;
#584 = CARTESIAN_POINT ( 'NONE',  ( 8.537024980200822600E-017, 0.3300000000000000200, -0.1435006801884446100 ) ) ;
#585 = CARTESIAN_POINT ( 'NONE',  ( 0.1410251524228011700, 0.2491610257710436500, 0.1212500000000000400 ) ) ;
#586 = ORIENTED_EDGE ( 'NONE', *, *, #79, .T. ) ;
#587 = EDGE_CURVE ( 'NONE', #442, #154, #3930, .T. ) ;
#588 = DIRECTION ( 'NONE',  ( 0.06610257710436372200, 0.9978128327999003000, 0.0000000000000000000 ) ) ;
#589 = LINE ( 'NONE', #3151, #534 ) ;
#590 = VERTEX_POINT ( 'NONE', #2289 ) ;
#591 = DIRECTION ( 'NONE',  ( -1.000000000000000000, 0.0000000000000000000, 0.0000000000000000000 ) ) ;
#592 = LENGTH_MEASURE_WITH_UNIT ( LENGTH_MEASURE( 0.02539999999999999900 ), #178 );
#593 = CARTESIAN_POINT ( 'NONE',  ( -0.1310470240948021800, 0.2485000000000000300, -0.1587500000000000000 ) ) ;
#594 = VECTOR ( 'NONE', #1379, 39.37007874015748900 ) ;
#595 = ORIENTED_EDGE ( 'NONE', *, *, #1433, .F. ) ;
#596 = ORIENTED_EDGE ( 'NONE', *, *, #2075, .T. ) ;
#597 = PRESENTATION_LAYER_ASSIGNMENT (  '', '', ( #11 ) ) ;
#598 = DIRECTION ( 'NONE',  ( -0.06610257710436372200, -0.9978128327999003000, -0.0000000000000000000 ) ) ;
#599 = DIRECTION ( 'NONE',  ( -0.0000000000000000000, -0.0000000000000000000, -1.000000000000000000 ) ) ;
#600 = VECTOR ( 'NONE', #3384, 39.37007874015747400 ) ;
#601 = CARTESIAN_POINT ( 'NONE',  ( -0.1584066925048422700, 0.1607601796367002200, 0.07875000000000004200 ) ) ;
#602 = PLANE ( 'NONE',  #3545 ) ;
#603 = EDGE_LOOP ( 'NONE', ( #4959, #3947, #4252, #4317 ) ) ;
#604 = ORIENTED_EDGE ( 'NONE', *, *, #4965, .T. ) ;
#605 = ORIENTED_EDGE ( 'NONE', *, *, #1117, .F. ) ;
#606 = ADVANCED_FACE ( 'NONE', ( #2460 ), #1039, .F. ) ;
#607 = PLANE ( 'NONE',  #4769 ) ;
#608 = EDGE_CURVE ( 'NONE', #4979, #2094, #3589, .T. ) ;
#609 = FACE_OUTER_BOUND ( 'NONE', #3861, .T. ) ;
#610 = ORIENTED_EDGE ( 'NONE', *, *, #2662, .F. ) ;
#611 = VECTOR ( 'NONE', #331, 39.37007874015748900 ) ;
#612 = CARTESIAN_POINT ( 'NONE',  ( -0.1568430987363519400, 0.01039045869796522000, -0.04499999999999998400 ) ) ;
#613 = ORIENTED_EDGE ( 'NONE', *, *, #2702, .F. ) ;
#614 = VECTOR ( 'NONE', #4773, 39.37007874015748900 ) ;
#615 = CARTESIAN_POINT ( 'NONE',  ( 0.1565848870413174800, 0.1882601796367001900, -0.02124999999999996000 ) ) ;
#616 = ORIENTED_EDGE ( 'NONE', *, *, #1022, .T. ) ;
#617 = VECTOR ( 'NONE', #430, 39.37007874015748100 ) ;
#618 = EDGE_CURVE ( 'NONE', #3437, #5224, #742, .T. ) ;
#619 = AXIS2_PLACEMENT_3D ( 'NONE', #3653, #2789, #3688 ) ;
#620 = CARTESIAN_POINT ( 'NONE',  ( -0.1683179463135507900, 0.01115063833466540200, 0.1407500000000000400 ) ) ;
#621 = VECTOR ( 'NONE', #2195, 39.37007874015748900 ) ;
#622 = FACE_OUTER_BOUND ( 'NONE', #4484, .T. ) ;
#623 = CARTESIAN_POINT ( 'NONE',  ( -0.1584066925048422700, 0.1607601796367002200, 0.1407500000000000400 ) ) ;
#624 = CARTESIAN_POINT ( 'NONE',  ( 0.1525000000000000200, 0.2499212054077438500, 0.1787500000000000500 ) ) ;
#625 = CARTESIAN_POINT ( 'NONE',  ( 0.1584066925048422700, 0.1607601796367002200, -0.02124999999999996000 ) ) ;
#626 = DIRECTION ( 'NONE',  ( 0.04679272426934444300, -0.7063322309492374700, 0.7063322309492369200 ) ) ;
#627 = EDGE_CURVE ( 'NONE', #4119, #590, #2328, .T. ) ;
#628 = VECTOR ( 'NONE', #1151, 39.37007874015748100 ) ;
#629 = CARTESIAN_POINT ( 'NONE',  ( -0.1212883048896593900, 0.1875000000000000300, -0.1800383048896593600 ) ) ;
#630 = VERTEX_POINT ( 'NONE', #3228 ) ;
#631 = CARTESIAN_POINT ( 'NONE',  ( -0.1584424619161284900, -0.01375179376776140100, 0.1545017937677614600 ) ) ;
#632 = LINE ( 'NONE', #1967, #1698 ) ;
#633 = VECTOR ( 'NONE', #4080, 39.37007874015748100 ) ;
#634 = ORIENTED_EDGE ( 'NONE', *, *, #2426, .T. ) ;
#635 = CARTESIAN_POINT ( 'NONE',  ( 0.1469318449276434100, 0.1600000000000000000, -0.1407499999999999900 ) ) ;
#636 = ADVANCED_FACE ( 'NONE', ( #3658 ), #2786, .F. ) ;
#637 = EDGE_CURVE ( 'NONE', #3827, #314, #5068, .T. ) ;
#638 = DIRECTION ( 'NONE',  ( -0.05727780436021247300, 0.8646036316403947800, 0.4991791394699038300 ) ) ;
#639 = LINE ( 'NONE', #4714, #3152 ) ;
#640 = PLANE ( 'NONE',  #3943 ) ;
#641 = ORIENTED_EDGE ( 'NONE', *, *, #1236, .T. ) ;
#642 = CARTESIAN_POINT ( 'NONE',  ( -0.1575314403517876200, 5.975917486140575200E-017, 0.1407500000000000400 ) ) ;
#643 = ADVANCED_FACE ( 'NONE', ( #1682 ), #751, .T. ) ;
#644 = DIRECTION ( 'NONE',  ( 0.0000000000000000000, -0.0000000000000000000, -1.000000000000000000 ) ) ;
#645 = LINE ( 'NONE', #264, #508 ) ;
#646 = EDGE_LOOP ( 'NONE', ( #126, #1691, #4510, #5505 ) ) ;
#647 = CARTESIAN_POINT ( 'NONE',  ( -0.1585251524228011300, -0.01499999999999983600, 0.1550000000000000300 ) ) ;
#648 = DIRECTION ( 'NONE',  ( -0.03299702755569916500, 0.4980873512290799900, 0.8664988094152741300 ) ) ;
#649 = EDGE_CURVE ( 'NONE', #2324, #2942, #3860, .T. ) ;
#650 = ORIENTED_EDGE ( 'NONE', *, *, #1199, .F. ) ;
#651 = AXIS2_PLACEMENT_3D ( 'NONE', #2865, #1627, #750 ) ;
#652 = CARTESIAN_POINT ( 'NONE',  ( -0.1683179463135507900, 0.01115063833466540200, 0.04500000000000003300 ) ) ;
#653 = CARTESIAN_POINT ( 'NONE',  ( -0.1410251524228011700, 0.2491610257710437400, -0.1212499999999999700 ) ) ;
#654 = LINE ( 'NONE', #2027, #3897 ) ;
#655 = ORIENTED_EDGE ( 'NONE', *, *, #5255, .T. ) ;
#656 = EDGE_CURVE ( 'NONE', #1294, #225, #1873, .T. ) ;
#657 = AXIS2_PLACEMENT_3D ( 'NONE', #3541, #3468, #2608 ) ;
#658 = DIRECTION ( 'NONE',  ( -0.0000000000000000000, -0.0000000000000000000, -1.000000000000000000 ) ) ;
#659 = DIRECTION ( 'NONE',  ( -0.06610257710436372200, 0.9978128327999003000, 0.0000000000000000000 ) ) ;
#660 = ORIENTED_EDGE ( 'NONE', *, *, #1167, .T. ) ;
#661 = PLANE ( 'NONE',  #5366 ) ;
#662 = LINE ( 'NONE', #3324, #1070 ) ;
#663 = DIRECTION ( 'NONE',  ( -0.0000000000000000000, -0.0000000000000000000, -1.000000000000000000 ) ) ;
#664 = EDGE_CURVE ( 'NONE', #741, #4893, #2592, .T. ) ;
#665 = ORIENTED_EDGE ( 'NONE', *, *, #1541, .T. ) ;
#666 = VERTEX_POINT ( 'NONE', #4066 ) ;
#667 = CARTESIAN_POINT ( 'NONE',  ( 0.0000000000000000000, 0.3300000000000000200, -0.1810006801884445300 ) ) ;
#668 = PLANE ( 'NONE',  #3340 ) ;
#669 = VECTOR ( 'NONE', #427, 39.37007874015748900 ) ;
#670 = VECTOR ( 'NONE', #4903, 39.37007874015748100 ) ;
#671 = VERTEX_POINT ( 'NONE', #278 ) ;
#672 = ORIENTED_EDGE ( 'NONE', *, *, #2292, .T. ) ;
#673 = DIRECTION ( 'NONE',  ( 0.0000000000000000000, -0.0000000000000000000, -1.000000000000000000 ) ) ;
#674 = AXIS2_PLACEMENT_3D ( 'NONE', #318, #3678, #4989 ) ;
#675 = ORIENTED_EDGE ( 'NONE', *, *, #699, .T. ) ;
#676 = VECTOR ( 'NONE', #4323, 39.37007874015748100 ) ;
#677 = ORIENTED_EDGE ( 'NONE', *, *, #727, .T. ) ;
#678 = CARTESIAN_POINT ( 'NONE',  ( -0.1692878396824403200, -0.003489820363299746400, 0.1550000000000000300 ) ) ;
#679 = FILL_AREA_STYLE ('',( #1054 ) ) ;
#680 = FACE_OUTER_BOUND ( 'NONE', #976, .T. ) ;
#681 = DIRECTION ( 'NONE',  ( 0.0000000000000000000, -0.9961946980917454300, 0.08715574274765836000 ) ) ;
#682 = ORIENTED_EDGE ( 'NONE', *, *, #4229, .T. ) ;
#683 = VECTOR ( 'NONE', #5358, 39.37007874015748900 ) ;
#684 = DIMENSIONAL_EXPONENTS ( 1.000000000000000000, 0.0000000000000000000, 0.0000000000000000000, 0.0000000000000000000, 0.0000000000000000000, 0.0000000000000000000, 0.0000000000000000000 ) ;
#685 = CARTESIAN_POINT ( 'NONE',  ( 0.1469318449276434100, 0.1600000000000000000, 0.07875000000000004200 ) ) ;
#686 = EDGE_CURVE ( 'NONE', #2793, #1360, #5403, .T. ) ;
#687 = LINE ( 'NONE', #1792, #1876 ) ;
#688 = CARTESIAN_POINT ( 'NONE',  ( 0.1568430987363519400, 0.01039045869796522000, 0.04500000000000003300 ) ) ;
#689 = CARTESIAN_POINT ( 'NONE',  ( -0.1575314403517876200, 7.043045608665678100E-017, 0.05925000000000000400 ) ) ;
#690 = LINE ( 'NONE', #345, #4457 ) ;
#691 = LINE ( 'NONE', #667, #5009 ) ;
#692 = EDGE_CURVE ( 'NONE', #2441, #4893, #3802, .T. ) ;
#693 = AXIS2_PLACEMENT_3D ( 'NONE', #2245, #5230, #142 ) ;
#694 = ORIENTED_EDGE ( 'NONE', *, *, #3230, .T. ) ;
#695 = EDGE_LOOP ( 'NONE', ( #1129, #4517, #26, #2524 ) ) ;
#696 = LINE ( 'NONE', #845, #562 ) ;
#697 = DIRECTION ( 'NONE',  ( -1.000000000000000000, -0.0000000000000000000, -0.0000000000000000000 ) ) ;
#698 = CARTESIAN_POINT ( 'NONE',  ( -0.1275000000000000000, 0.2700000000000000200, 0.1862500000000000000 ) ) ;
#699 = EDGE_CURVE ( 'NONE', #3854, #737, #1540, .T. ) ;
#700 = ORIENTED_EDGE ( 'NONE', *, *, #3189, .F. ) ;
#701 = VECTOR ( 'NONE', #3272, 39.37007874015748100 ) ;
#702 = LINE ( 'NONE', #1049, #3547 ) ;
#703 = DIRECTION ( 'NONE',  ( 0.9978128327999003000, 0.06610257710436372200, -0.0000000000000000000 ) ) ;
#704 = DIRECTION ( 'NONE',  ( -0.04679272426934458900, -0.7063322309492396900, -0.7063322309492347000 ) ) ;
#705 =( CONVERSION_BASED_UNIT ( 'INCH', #2208 ) LENGTH_UNIT ( ) NAMED_UNIT ( #4478 ) );
#706 = ORIENTED_EDGE ( 'NONE', *, *, #1549, .F. ) ;
#707 = PLANE ( 'NONE',  #2920 ) ;
#708 = ORIENTED_EDGE ( 'NONE', *, *, #322, .T. ) ;
#709 = CARTESIAN_POINT ( 'NONE',  ( 0.1683179463135507900, 0.01115063833466540200, 0.1450000000000000200 ) ) ;
#710 = DIRECTION ( 'NONE',  ( 0.0000000000000000000, 0.0000000000000000000, 1.000000000000000000 ) ) ;
#711 = CARTESIAN_POINT ( 'NONE',  ( 0.1310470240948021800, 0.2585000000000000100, 0.1587500000000000000 ) ) ;
#712 = AXIS2_PLACEMENT_3D ( 'NONE', #3691, #3674, #1570 ) ;
#713 = DIRECTION ( 'NONE',  ( -1.000000000000000000, -9.627253440664264800E-015, -0.0000000000000000000 ) ) ;
#714 = ADVANCED_FACE ( 'NONE', ( #485 ), #2827, .F. ) ;
#715 = ORIENTED_EDGE ( 'NONE', *, *, #823, .F. ) ;
#716 = ORIENTED_EDGE ( 'NONE', *, *, #4034, .T. ) ;
#717 = DIRECTION ( 'NONE',  ( -0.06610257710436373600, -0.9978128327999003000, 0.0000000000000000000 ) ) ;
#718 = EDGE_CURVE ( 'NONE', #5427, #3529, #3396, .T. ) ;
#719 = ADVANCED_FACE ( 'NONE', ( #3722 ), #1548, .T. ) ;
#720 = VERTEX_POINT ( 'NONE', #711 ) ;
#721 = ORIENTED_EDGE ( 'NONE', *, *, #186, .T. ) ;
#722 = CARTESIAN_POINT ( 'NONE',  ( -0.1699173094933273700, -0.01299161413106121900, 0.05450179376776150000 ) ) ;
#723 = CARTESIAN_POINT ( 'NONE',  ( -0.1575314403517876200, 7.043045608665678100E-017, -0.04075000000000000100 ) ) ;
#724 = VECTOR ( 'NONE', #289, 39.37007874015748900 ) ;
#725 = ORIENTED_EDGE ( 'NONE', *, *, #4914, .F. ) ;
#726 = ORIENTED_EDGE ( 'NONE', *, *, #5010, .T. ) ;
#727 = EDGE_CURVE ( 'NONE', #1294, #1310, #4794, .T. ) ;
#728 = VECTOR ( 'NONE', #2302, 39.37007874015748900 ) ;
#729 = CARTESIAN_POINT ( 'NONE',  ( 0.1274999999999998900, 0.2585000000000000100, -0.1212499999999999700 ) ) ;
#730 = LINE ( 'NONE', #2224, #3113 ) ;
#731 = CARTESIAN_POINT ( 'NONE',  ( 0.1683179463135507900, 0.01115063833466540200, -0.02124999999999996000 ) ) ;
#732 = ORIENTED_EDGE ( 'NONE', *, *, #3451, .T. ) ;
#733 = LINE ( 'NONE', #2547, #2121 ) ;
#734 = CARTESIAN_POINT ( 'NONE',  ( -0.1575314403517876200, 7.896748106685761000E-017, 0.1407500000000000400 ) ) ;
#735 = ORIENTED_EDGE ( 'NONE', *, *, #5010, .F. ) ;
#736 = FACE_OUTER_BOUND ( 'NONE', #1241, .T. ) ;
#737 = VERTEX_POINT ( 'NONE', #4532 ) ;
#738 = ORIENTED_EDGE ( 'NONE', *, *, #452, .T. ) ;
#739 = DIRECTION ( 'NONE',  ( 1.000000000000000000, 0.0000000000000000000, 0.0000000000000000000 ) ) ;
#740 = CARTESIAN_POINT ( 'NONE',  ( -0.1275000000000000000, 0.2700000000000000200, 0.02125000000000004700 ) ) ;
#741 = VERTEX_POINT ( 'NONE', #1112 ) ;
#742 = LINE ( 'NONE', #3215, #4524 ) ;
#743 = ORIENTED_EDGE ( 'NONE', *, *, #4062, .F. ) ;
#744 = DIRECTION ( 'NONE',  ( -0.0000000000000000000, 1.000000000000000000, -0.0000000000000000000 ) ) ;
#745 = FACE_OUTER_BOUND ( 'NONE', #4314, .T. ) ;
#746 = AXIS2_PLACEMENT_3D ( 'NONE', #3037, #2226, #966 ) ;
#747 = VERTEX_POINT ( 'NONE', #1569 ) ;
#748 = VECTOR ( 'NONE', #2266, 39.37007874015748100 ) ;
#749 = ADVANCED_FACE ( 'NONE', ( #4128 ), #4929, .F. ) ;
#750 = DIRECTION ( 'NONE',  ( -1.000000000000000000, 0.0000000000000000000, 0.0000000000000000000 ) ) ;
#751 = PLANE ( 'NONE',  #431 ) ;
#752 = CARTESIAN_POINT ( 'NONE',  ( -0.1683179463135507900, 0.01115063833466540200, 0.1550000000000000300 ) ) ;
#753 = LINE ( 'NONE', #320, #3402 ) ;
#754 = VECTOR ( 'NONE', #2913, 39.37007874015748900 ) ;
#755 = EDGE_CURVE ( 'NONE', #4097, #5084, #3530, .T. ) ;
#756 = STYLED_ITEM ( 'NONE', ( #2260 ), #3969 ) ;
#757 =( NAMED_UNIT ( * ) PLANE_ANGLE_UNIT ( ) SI_UNIT ( $, .RADIAN. ) );
#758 = DIRECTION ( 'NONE',  ( 0.0000000000000000000, -0.0000000000000000000, -1.000000000000000000 ) ) ;
#759 = DIRECTION ( 'NONE',  ( 0.0000000000000000000, -0.0000000000000000000, -1.000000000000000000 ) ) ;
#760 = VERTEX_POINT ( 'NONE', #2061 ) ;
#761 = EDGE_CURVE ( 'NONE', #3907, #1139, #4586, .T. ) ;
#762 = VECTOR ( 'NONE', #2392, 39.37007874015748900 ) ;
#763 = CIRCLE ( 'NONE', #4508, 0.009999999999999979400 ) ;
#764 = AXIS2_PLACEMENT_3D ( 'NONE', #5241, #3060, #4368 ) ;
#765 = DIRECTION ( 'NONE',  ( -0.9978128327999003000, 0.06610257710436372200, -0.0000000000000000000 ) ) ;
#766 = VERTEX_POINT ( 'NONE', #2484 ) ;
#767 = CARTESIAN_POINT ( 'NONE',  ( 2.599358428979363500E-015, 0.2700000000000012400, -0.02124999999999996000 ) ) ;
#768 = VECTOR ( 'NONE', #3864, 39.37007874015748100 ) ;
#769 = LINE ( 'NONE', #5142, #2222 ) ;
#770 = CARTESIAN_POINT ( 'NONE',  ( 0.1469318449276434100, 0.1600000000000000000, -0.1212499999999999700 ) ) ;
#771 = EDGE_CURVE ( 'NONE', #980, #4289, #5132, .T. ) ;
#772 = CARTESIAN_POINT ( 'NONE',  ( -0.1699999999999999800, 0.2700000000000000200, -0.1587500000000000000 ) ) ;
#773 = VERTEX_POINT ( 'NONE', #3346 ) ;
#774 = DIRECTION ( 'NONE',  ( 0.0000000000000000000, -0.0000000000000000000, -1.000000000000000000 ) ) ;
#775 = FACE_OUTER_BOUND ( 'NONE', #3725, .T. ) ;
#776 = CARTESIAN_POINT ( 'NONE',  ( -0.1275000000000000000, 0.2700000000000000200, -0.02124999999999996000 ) ) ;
#777 = DIRECTION ( 'NONE',  ( -1.000000000000000000, 0.0000000000000000000, 0.0000000000000000000 ) ) ;
#778 = EDGE_LOOP ( 'NONE', ( #634, #672, #479, #1735 ) ) ;
#779 = ADVANCED_FACE ( 'NONE', ( #4257 ), #5039, .F. ) ;
#780 = DIRECTION ( 'NONE',  ( 0.04679272426934458900, -0.7063322309492396900, -0.7063322309492347000 ) ) ;
#781 = AXIS2_PLACEMENT_3D ( 'NONE', #555, #984, #5232 ) ;
#782 = CARTESIAN_POINT ( 'NONE',  ( -0.1410251524228011700, 0.2491610257710437400, -0.1212499999999999700 ) ) ;
#783 = ORIENTED_EDGE ( 'NONE', *, *, #5521, .T. ) ;
#784 = CARTESIAN_POINT ( 'NONE',  ( -0.1575314403517876200, 5.975917486140575200E-017, -0.05924999999999996900 ) ) ;
#785 = PLANE ( 'NONE',  #3204 ) ;
#786 = EDGE_CURVE ( 'NONE', #5196, #5312, #1471, .T. ) ;
#787 = VECTOR ( 'NONE', #2397, 39.37007874015748100 ) ;
#788 = EDGE_LOOP ( 'NONE', ( #708, #5234, #4886, #1428 ) ) ;
#789 = ORIENTED_EDGE ( 'NONE', *, *, #3637, .F. ) ;
#790 = CARTESIAN_POINT ( 'NONE',  ( -0.1578129921052414400, -0.004249999999999901400, 0.04500000000000003300 ) ) ;
#791 = AXIS2_PLACEMENT_3D ( 'NONE', #2309, #4456, #4401 ) ;
#792 = FILL_AREA_STYLE ('',( #866 ) ) ;
#793 = CARTESIAN_POINT ( 'NONE',  ( -0.1578129921052414400, -0.004249999999999901400, -0.1550000000000000000 ) ) ;
#794 = ORIENTED_EDGE ( 'NONE', *, *, #2692, .F. ) ;
#795 = DIRECTION ( 'NONE',  ( 0.9978128327999003000, 0.06610257710436372200, -0.0000000000000000000 ) ) ;
#796 = CARTESIAN_POINT ( 'NONE',  ( 0.03465176902548619500, 0.3166631115225530500, -0.1821675067369306600 ) ) ;
#797 = DIRECTION ( 'NONE',  ( -0.0000000000000000000, 0.0000000000000000000, 1.000000000000000000 ) ) ;
#798 = EDGE_CURVE ( 'NONE', #4146, #4230, #3458, .T. ) ;
#799 = LINE ( 'NONE', #4711, #2054 ) ;
#800 = LINE ( 'NONE', #4114, #3640 ) ;
#801 = ORIENTED_EDGE ( 'NONE', *, *, #2686, .T. ) ;
#802 = ORIENTED_EDGE ( 'NONE', *, *, #3017, .T. ) ;
#803 = VECTOR ( 'NONE', #262, 39.37007874015748100 ) ;
#804 = CARTESIAN_POINT ( 'NONE',  ( 0.1683179463135507900, 0.01115063833466540200, -0.02124999999999996000 ) ) ;
#805 = FACE_OUTER_BOUND ( 'NONE', #2775, .T. ) ;
#806 = ORIENTED_EDGE ( 'NONE', *, *, #3391, .F. ) ;
#807 = EDGE_CURVE ( 'NONE', #1261, #1297, #2532, .T. ) ;
#808 = VERTEX_POINT ( 'NONE', #1661 ) ;
#809 = DIRECTION ( 'NONE',  ( -0.0000000000000000000, -0.0000000000000000000, -1.000000000000000000 ) ) ;
#810 = ADVANCED_FACE ( 'NONE', ( #2001 ), #2866, .F. ) ;
#811 = CARTESIAN_POINT ( 'NONE',  ( 0.1584066925048422700, 0.1607601796367002200, -0.03712713240271448000 ) ) ;
#812 = LINE ( 'NONE', #4382, #3792 ) ;
#813 = DIRECTION ( 'NONE',  ( -0.04679272426934444300, -0.7063322309492374700, 0.7063322309492369200 ) ) ;
#814 = SURFACE_STYLE_USAGE ( .BOTH. , #2901 ) ;
#815 = VERTEX_POINT ( 'NONE', #4200 ) ;
#816 = VECTOR ( 'NONE', #4961, 39.37007874015748900 ) ;
#817 = ORIENTED_EDGE ( 'NONE', *, *, #3292, .F. ) ;
#818 = ORIENTED_EDGE ( 'NONE', *, *, #2274, .F. ) ;
#819 = CARTESIAN_POINT ( 'NONE',  ( 0.1310470240948021800, 0.2485000000000000300, -0.02124999999999996000 ) ) ;
#820 = PLANE ( 'NONE',  #27 ) ;
#821 = FACE_OUTER_BOUND ( 'NONE', #1319, .T. ) ;
#822 = DIRECTION ( 'NONE',  ( -0.06610257710436372200, 0.9978128327999003000, 1.064794134897212500E-016 ) ) ;
#823 = EDGE_CURVE ( 'NONE', #4823, #2965, #2990, .T. ) ;
#824 = VERTEX_POINT ( 'NONE', #2468 ) ;
#825 = VECTOR ( 'NONE', #123, 39.37007874015748100 ) ;
#826 = VECTOR ( 'NONE', #365, 39.37007874015748900 ) ;
#827 = LINE ( 'NONE', #1212, #3206 ) ;
#828 = CARTESIAN_POINT ( 'NONE',  ( -0.1683179463135507900, 0.01115063833466540200, 0.05500000000000002800 ) ) ;
#829 = ORIENTED_EDGE ( 'NONE', *, *, #3249, .T. ) ;
#830 = DIRECTION ( 'NONE',  ( 0.04679272426934443600, -0.7063322309492373600, 0.7063322309492368100 ) ) ;
#831 = DIRECTION ( 'NONE',  ( 0.06610257710436372200, 0.9978128327999003000, 0.0000000000000000000 ) ) ;
#832 = ORIENTED_EDGE ( 'NONE', *, *, #3809, .T. ) ;
#833 = LINE ( 'NONE', #3590, #4140 ) ;
#834 = EDGE_CURVE ( 'NONE', #2436, #2117, #1812, .T. ) ;
#835 = DIRECTION ( 'NONE',  ( 0.0000000000000000000, -0.0000000000000000000, -1.000000000000000000 ) ) ;
#836 = DIRECTION ( 'NONE',  ( 9.627253440664264800E-015, 1.000000000000000000, 0.0000000000000000000 ) ) ;
#837 = ORIENTED_EDGE ( 'NONE', *, *, #3495, .F. ) ;
#838 = CARTESIAN_POINT ( 'NONE',  ( 0.1683179463135507900, 0.01115063833466540200, -0.1212499999999999700 ) ) ;
#839 = VECTOR ( 'NONE', #5244, 39.37007874015748900 ) ;
#840 = ADVANCED_FACE ( 'NONE', ( #4725 ), #1599, .F. ) ;
#841 = FACE_OUTER_BOUND ( 'NONE', #695, .T. ) ;
#842 = CARTESIAN_POINT ( 'NONE',  ( 0.1310470240948020700, 0.2585000000000000100, 0.1212500000000000400 ) ) ;
#843 = EDGE_CURVE ( 'NONE', #2543, #5092, #130, .T. ) ;
#844 = ORIENTED_EDGE ( 'NONE', *, *, #4152, .T. ) ;
#845 = CARTESIAN_POINT ( 'NONE',  ( 0.1469318449276434100, 0.1600000000000000000, -0.02124999999999996000 ) ) ;
#846 = CARTESIAN_POINT ( 'NONE',  ( -0.1699999999999999800, -0.01423982036329964400, 0.1550000000000000300 ) ) ;
#847 = PLANE ( 'NONE',  #4156 ) ;
#848 = ORIENTED_EDGE ( 'NONE', *, *, #5168, .T. ) ;
#849 = CARTESIAN_POINT ( 'NONE',  ( -0.1525000000000000200, 0.2499212054077438500, -0.1212499999999999700 ) ) ;
#850 = DIRECTION ( 'NONE',  ( -9.627253440664264800E-015, -1.000000000000000000, 0.0000000000000000000 ) ) ;
#851 = CARTESIAN_POINT ( 'NONE',  ( 0.0000000000000000000, 0.3300000000000000200, -0.1810006801884445300 ) ) ;
#852 = ORIENTED_EDGE ( 'NONE', *, *, #2373, .T. ) ;
#853 = CARTESIAN_POINT ( 'NONE',  ( 0.1683179463135507900, 0.01115063833466540200, 0.07875000000000004200 ) ) ;
#854 = CARTESIAN_POINT ( 'NONE',  ( 0.1568430987363519400, 0.01039045869796522000, -0.1407500000000000100 ) ) ;
#855 = CARTESIAN_POINT ( 'NONE',  ( 0.1310470240948021800, 0.2485000000000000300, 0.02125000000000004700 ) ) ;
#856 = ORIENTED_EDGE ( 'NONE', *, *, #4698, .F. ) ;
#857 = MANIFOLD_SOLID_BREP ( 'Pin 3', #1464 ) ;
#858 = AXIS2_PLACEMENT_3D ( 'NONE', #4194, #1312, #1678 ) ;
#859 = DIRECTION ( 'NONE',  ( 0.0000000000000000000, 0.0000000000000000000, 1.000000000000000000 ) ) ;
#860 = CARTESIAN_POINT ( 'NONE',  ( 0.1310470240948020700, 0.2585000000000000100, -0.1587500000000000000 ) ) ;
#861 = VERTEX_POINT ( 'NONE', #1161 ) ;
#862 = ADVANCED_FACE ( 'NONE', ( #4923 ), #3319, .T. ) ;
#863 = CARTESIAN_POINT ( 'NONE',  ( 0.1310470240948021800, 0.2485000000000000300, 0.1587500000000000000 ) ) ;
#864 = EDGE_CURVE ( 'NONE', #1837, #488, #3984, .T. ) ;
#865 = AXIS2_PLACEMENT_3D ( 'NONE', #4210, #15, #2921 ) ;
#866 = FILL_AREA_STYLE_COLOUR ( '', #4402 ) ;
#867 = ORIENTED_EDGE ( 'NONE', *, *, #3473, .F. ) ;
#868 = PLANE ( 'NONE',  #4944 ) ;
#869 = LINE ( 'NONE', #5183, #3514 ) ;
#870 = CARTESIAN_POINT ( 'NONE',  ( 0.1565848870413174800, 0.1882601796367002800, 0.02125000000000004700 ) ) ;
#871 = EDGE_LOOP ( 'NONE', ( #2760, #989, #2485, #2708 ) ) ;
#872 = ORIENTED_EDGE ( 'NONE', *, *, #549, .T. ) ;
#873 = EDGE_CURVE ( 'NONE', #2114, #5348, #1804, .T. ) ;
#874 = PRODUCT_DEFINITION ( 'UNKNOWN', '', #176, #1764 ) ;
#875 = VECTOR ( 'NONE', #4184, 39.37007874015748100 ) ;
#876 = ORIENTED_EDGE ( 'NONE', *, *, #2354, .F. ) ;
#877 = LINE ( 'NONE', #1321, #4318 ) ;
#878 = EDGE_LOOP ( 'NONE', ( #3916, #129, #4024, #4943 ) ) ;
#879 = LINE ( 'NONE', #5079, #3394 ) ;
#880 = EDGE_CURVE ( 'NONE', #2436, #1728, #4191, .T. ) ;
#881 = ORIENTED_EDGE ( 'NONE', *, *, #1890, .T. ) ;
#882 = VECTOR ( 'NONE', #1128, 39.37007874015748100 ) ;
#883 = VERTEX_POINT ( 'NONE', #4598 ) ;
#884 = DIRECTION ( 'NONE',  ( 0.0000000000000000000, 1.000000000000000000, 1.198178944589589900E-016 ) ) ;
#885 = DIRECTION ( 'NONE',  ( 0.0000000000000000000, 0.0000000000000000000, -1.000000000000000000 ) ) ;
#886 = VECTOR ( 'NONE', #162, 39.37007874015748100 ) ;
#887 = VERTEX_POINT ( 'NONE', #2822 ) ;
#888 = LINE ( 'NONE', #4377, #1751 ) ;
#889 = DIRECTION ( 'NONE',  ( -0.04669038075761903400, -0.7047873642613292600, 0.7078804839252718100 ) ) ;
#890 = CARTESIAN_POINT ( 'NONE',  ( 0.1410251524228011700, 0.2491610257710437400, 0.1787500000000000500 ) ) ;
#891 = FACE_OUTER_BOUND ( 'NONE', #505, .T. ) ;
#892 = PLANE ( 'NONE',  #4792 ) ;
#893 = ADVANCED_FACE ( 'NONE', ( #1080 ), #4118, .T. ) ;
#894 = ORIENTED_EDGE ( 'NONE', *, *, #73, .T. ) ;
#895 = LINE ( 'NONE', #1729, #4462 ) ;
#896 = CARTESIAN_POINT ( 'NONE',  ( -0.1565420173799203800, 0.01493525640970793700, 0.07418525640970775900 ) ) ;
#897 = DIRECTION ( 'NONE',  ( 0.0000000000000000000, 0.0000000000000000000, 1.000000000000000000 ) ) ;
#898 = ORIENTED_EDGE ( 'NONE', *, *, #718, .T. ) ;
#899 = AXIS2_PLACEMENT_3D ( 'NONE', #3562, #1440, #160 ) ;
#900 = VERTEX_POINT ( 'NONE', #860 ) ;
#901 = FACE_OUTER_BOUND ( 'NONE', #268, .T. ) ;
#902 = DIRECTION ( 'NONE',  ( -1.000000000000000000, 0.0000000000000000000, 0.0000000000000000000 ) ) ;
#903 = LINE ( 'NONE', #5485, #3677 ) ;
#904 = DIRECTION ( 'NONE',  ( -0.0000000000000000000, -0.0000000000000000000, -1.000000000000000000 ) ) ;
#905 = ORIENTED_EDGE ( 'NONE', *, *, #3598, .F. ) ;
#906 = EDGE_CURVE ( 'NONE', #1913, #5104, #266, .T. ) ;
#907 = LINE ( 'NONE', #921, #4468 ) ;
#908 = CARTESIAN_POINT ( 'NONE',  ( -0.1683179463135507900, 0.01115063833466540200, -0.02124999999999996000 ) ) ;
#909 = DIRECTION ( 'NONE',  ( 0.06610257710436372200, 0.9978128327999003000, 0.0000000000000000000 ) ) ;
#910 = CARTESIAN_POINT ( 'NONE',  ( -0.1539194572176712000, 0.05452258113005163700, 0.001975451419294672400 ) ) ;
#911 = EDGE_LOOP ( 'NONE', ( #2975, #4852, #112, #2707 ) ) ;
#912 = VECTOR ( 'NONE', #1958, 39.37007874015748100 ) ;
#913 = EDGE_CURVE ( 'NONE', #3271, #3489, #1010, .T. ) ;
#914 = CARTESIAN_POINT ( 'NONE',  ( -2.599358428979363500E-015, 0.2700000000000012400, -0.02124999999999996000 ) ) ;
#915 = EDGE_LOOP ( 'NONE', ( #2141, #1609, #4637, #1186, #2816, #1750, #5044, #4157, #2318, #4400, #832 ) ) ;
#916 = DIRECTION ( 'NONE',  ( -0.9978128327999003000, 0.06610257710436372200, -0.0000000000000000000 ) ) ;
#917 = CARTESIAN_POINT ( 'NONE',  ( -0.1525000000000000200, 0.2499212054077438500, -0.02124999999999996000 ) ) ;
#918 = ADVANCED_FACE ( 'NONE', ( #1932 ), #847, .F. ) ;
#919 = PLANE ( 'NONE',  #3593 ) ;
#920 = ORIENTED_EDGE ( 'NONE', *, *, #1753, .T. ) ;
#921 = CARTESIAN_POINT ( 'NONE',  ( 0.1585251524228011300, -0.01499999999999992500, -0.02124999999999996000 ) ) ;
#922 = EDGE_CURVE ( 'NONE', #60, #4576, #5197, .T. ) ;
#923 = FACE_OUTER_BOUND ( 'NONE', #1252, .T. ) ;
#924 = ORIENTED_EDGE ( 'NONE', *, *, #1802, .F. ) ;
#925 = CARTESIAN_POINT ( 'NONE',  ( -0.1683179463135507900, 0.01115063833466540200, 0.1450000000000000200 ) ) ;
#926 = CARTESIAN_POINT ( 'NONE',  ( -0.1699999999999999800, -0.01423982036329964400, 0.05500000000000002800 ) ) ;
#927 = LINE ( 'NONE', #3155, #2829 ) ;
#928 = ORIENTED_EDGE ( 'NONE', *, *, #4811, .F. ) ;
#929 = CARTESIAN_POINT ( 'NONE',  ( 0.1310470240948020700, 0.2585000000000000100, -0.1212499999999999700 ) ) ;
#930 = LINE ( 'NONE', #767, #2189 ) ;
#931 = DIRECTION ( 'NONE',  ( 0.0000000000000000000, 0.0000000000000000000, 1.000000000000000000 ) ) ;
#932 = FACE_OUTER_BOUND ( 'NONE', #236, .T. ) ;
#933 = ORIENTED_EDGE ( 'NONE', *, *, #1236, .F. ) ;
#934 = ORIENTED_EDGE ( 'NONE', *, *, #4994, .T. ) ;
#935 = CARTESIAN_POINT ( 'NONE',  ( -0.1275000000000000000, 0.2700000000000000200, 0.1862500000000000000 ) ) ;
#936 = CARTESIAN_POINT ( 'NONE',  ( 0.1575314403517876200, 5.975917486140575200E-017, 0.04075000000000003600 ) ) ;
#937 = EDGE_CURVE ( 'NONE', #3907, #1219, #2197, .T. ) ;
#938 = VECTOR ( 'NONE', #1688, 39.37007874015748900 ) ;
#939 = AXIS2_PLACEMENT_3D ( 'NONE', #5379, #1168, #497 ) ;
#940 = FACE_OUTER_BOUND ( 'NONE', #3815, .T. ) ;
#941 = ORIENTED_EDGE ( 'NONE', *, *, #4554, .F. ) ;
#942 = ORIENTED_EDGE ( 'NONE', *, *, #2164, .T. ) ;
#943 = VERTEX_POINT ( 'NONE', #3821 ) ;
#944 = DIRECTION ( 'NONE',  ( -0.9978128327999003000, 0.06610257710436372200, -0.0000000000000000000 ) ) ;
#945 = PLANE ( 'NONE',  #4692 ) ;
#946 = PLANE ( 'NONE',  #1266 ) ;
#947 = CARTESIAN_POINT ( 'NONE',  ( 0.1683179463135507900, 0.01115063833466540200, 0.1787500000000000500 ) ) ;
#948 = ORIENTED_EDGE ( 'NONE', *, *, #3315, .T. ) ;
#949 = EDGE_CURVE ( 'NONE', #3293, #4569, #5463, .T. ) ;
#950 = ORIENTED_EDGE ( 'NONE', *, *, #4139, .F. ) ;
#951 = ADVANCED_FACE ( 'NONE', ( #1218 ), #2959, .F. ) ;
#952 = AXIS2_PLACEMENT_3D ( 'NONE', #434, #349, #4570 ) ;
#953 = VECTOR ( 'NONE', #830, 39.37007874015748900 ) ;
#954 = VERTEX_POINT ( 'NONE', #4263 ) ;
#955 = FACE_OUTER_BOUND ( 'NONE', #398, .T. ) ;
#956 = DIRECTION ( 'NONE',  ( 0.04669038075761918600, 0.7047873642613314800, 0.7078804839252695900 ) ) ;
#957 = PLANE ( 'NONE',  #2093 ) ;
#958 = EDGE_CURVE ( 'NONE', #2543, #766, #2778, .T. ) ;
#959 = FACE_OUTER_BOUND ( 'NONE', #1073, .T. ) ;
#960 = DIRECTION ( 'NONE',  ( 0.0000000000000000000, -0.0000000000000000000, -1.000000000000000000 ) ) ;
#961 = VECTOR ( 'NONE', #2171, 39.37007874015748100 ) ;
#962 = PLANE ( 'NONE',  #64 ) ;
#963 = UNCERTAINTY_MEASURE_WITH_UNIT (LENGTH_MEASURE( 1.000000000000000100E-005 ), #4249, 'distance_accuracy_value', 'NONE');
#964 = DIRECTION ( 'NONE',  ( 1.000000000000000000, 0.0000000000000000000, 0.0000000000000000000 ) ) ;
#965 = VECTOR ( 'NONE', #3570, 39.37007874015748900 ) ;
#966 = DIRECTION ( 'NONE',  ( 0.04679272426934444300, -0.7063322309492374700, 0.7063322309492369200 ) ) ;
#967 = CARTESIAN_POINT ( 'NONE',  ( -0.1699999999999999800, -0.01423982036329964400, 0.1450000000000000200 ) ) ;
#968 = ORIENTED_EDGE ( 'NONE', *, *, #2237, .F. ) ;
#969 = CARTESIAN_POINT ( 'NONE',  ( -0.1585251524228011300, -0.01499999999999983600, -0.1550000000000000000 ) ) ;
#970 = FACE_OUTER_BOUND ( 'NONE', #5210, .T. ) ;
#971 = LINE ( 'NONE', #2211, #4143 ) ;
#972 = ORIENTED_EDGE ( 'NONE', *, *, #5521, .F. ) ;
#973 = CARTESIAN_POINT ( 'NONE',  ( 0.1310470240948021800, 0.2485000000000000300, 0.1587500000000000000 ) ) ;
#974 = LINE ( 'NONE', #3415, #2878 ) ;
#975 = EDGE_CURVE ( 'NONE', #4418, #4336, #125, .T. ) ;
#976 = EDGE_LOOP ( 'NONE', ( #3641, #3450, #5370, #522 ) ) ;
#977 = DIRECTION ( 'NONE',  ( -0.06610257710436373600, -0.9978128327999003000, 0.0000000000000000000 ) ) ;
#978 = ADVANCED_FACE ( 'NONE', ( #4379 ), #1293, .F. ) ;
#979 = EDGE_CURVE ( 'NONE', #4427, #2317, #1140, .T. ) ;
#980 = VERTEX_POINT ( 'NONE', #1731 ) ;
#981 = DIRECTION ( 'NONE',  ( -0.05727780436021254200, -0.8646036316403955500, 0.4991791394699025600 ) ) ;
#982 = CARTESIAN_POINT ( 'NONE',  ( 2.599358428979363500E-015, 0.2700000000000012400, 0.07875000000000004200 ) ) ;
#983 = CARTESIAN_POINT ( 'NONE',  ( -0.1683179463135507900, 0.01115063833466540600, 0.05925000000000000400 ) ) ;
#984 = DIRECTION ( 'NONE',  ( 0.0000000000000000000, 0.0000000000000000000, -1.000000000000000000 ) ) ;
#985 = ORIENTED_EDGE ( 'NONE', *, *, #2164, .F. ) ;
#986 = DIRECTION ( 'NONE',  ( 0.0000000000000000000, -0.0000000000000000000, -1.000000000000000000 ) ) ;
#987 = EDGE_CURVE ( 'NONE', #1118, #1304, #3193, .T. ) ;
#988 = DIRECTION ( 'NONE',  ( 0.04679272426934458900, -0.7063322309492396900, -0.7063322309492347000 ) ) ;
#989 = ORIENTED_EDGE ( 'NONE', *, *, #5216, .T. ) ;
#990 = CARTESIAN_POINT ( 'NONE',  ( 0.1310470240948021800, 0.2699999999999999600, 0.1787500000000000500 ) ) ;
#991 = DIRECTION ( 'NONE',  ( -0.06610257710436373600, -0.9978128327999003000, 0.0000000000000000000 ) ) ;
#992 = ORIENTED_EDGE ( 'NONE', *, *, #4373, .F. ) ;
#993 = DIRECTION ( 'NONE',  ( 0.0000000000000000000, 1.000000000000000000, -0.0000000000000000000 ) ) ;
#994 = AXIS2_PLACEMENT_3D ( 'NONE', #2025, #4102, #2447 ) ;
#995 = DIRECTION ( 'NONE',  ( 0.0000000000000000000, -0.08715574274765837400, 0.9961946980917455500 ) ) ;
#996 = FACE_OUTER_BOUND ( 'NONE', #1268, .T. ) ;
#997 = CARTESIAN_POINT ( 'NONE',  ( 0.1310470240948021800, 0.2585000000000000100, 0.1787500000000000500 ) ) ;
#998 = VERTEX_POINT ( 'NONE', #1253 ) ;
#999 = ORIENTED_EDGE ( 'NONE', *, *, #2210, .T. ) ;
#1000 = CARTESIAN_POINT ( 'NONE',  ( -0.1584424619161284900, -0.01375179376776140100, -0.1454982062322385300 ) ) ;
#1001 = ADVANCED_FACE ( 'NONE', ( #59 ), #3785, .T. ) ;
#1002 = VECTOR ( 'NONE', #599, 39.37007874015748100 ) ;
#1003 = DIRECTION ( 'NONE',  ( -0.9978128327999003000, 0.06610257710436372200, -0.0000000000000000000 ) ) ;
#1004 = FACE_OUTER_BOUND ( 'NONE', #1872, .T. ) ;
#1005 = ORIENTED_EDGE ( 'NONE', *, *, #913, .T. ) ;
#1006 = ORIENTED_EDGE ( 'NONE', *, *, #1149, .F. ) ;
#1007 = DIRECTION ( 'NONE',  ( -0.0000000000000000000, -0.0000000000000000000, -1.000000000000000000 ) ) ;
#1008 = FACE_OUTER_BOUND ( 'NONE', #878, .T. ) ;
#1009 = VERTEX_POINT ( 'NONE', #4335 ) ;
#1010 = LINE ( 'NONE', #3373, #2917 ) ;
#1011 = ORIENTED_EDGE ( 'NONE', *, *, #2728, .T. ) ;
#1012 = DIRECTION ( 'NONE',  ( 0.9978128327999003000, 0.06610257710436372200, 0.0000000000000000000 ) ) ;
#1013 = EDGE_CURVE ( 'NONE', #488, #666, #877, .T. ) ;
#1014 = CARTESIAN_POINT ( 'NONE',  ( 0.1585251524228011300, -0.01499999999999983600, -0.1449999999999999900 ) ) ;
#1015 = SURFACE_STYLE_FILL_AREA ( #1315 ) ;
#1016 = EDGE_LOOP ( 'NONE', ( #5242, #3358, #53, #569 ) ) ;
#1017 = EDGE_LOOP ( 'NONE', ( #2689, #5374, #2576, #4185, #5311, #3622, #5332, #5062 ) ) ;
#1018 = CARTESIAN_POINT ( 'NONE',  ( -0.1585251524228011300, -0.01499999999999983600, -0.1449999999999999900 ) ) ;
#1019 = CARTESIAN_POINT ( 'NONE',  ( -0.1310470240948021800, 0.2485000000000000300, -0.02124999999999996000 ) ) ;
#1020 = CIRCLE ( 'NONE', #651, 0.009999999999999979400 ) ;
#1021 = DIRECTION ( 'NONE',  ( 0.0000000000000000000, -0.0000000000000000000, -1.000000000000000000 ) ) ;
#1022 = EDGE_CURVE ( 'NONE', #741, #5238, #2651, .T. ) ;
#1023 = VECTOR ( 'NONE', #3174, 39.37007874015748100 ) ;
#1024 = DIMENSIONAL_EXPONENTS ( 1.000000000000000000, 0.0000000000000000000, 0.0000000000000000000, 0.0000000000000000000, 0.0000000000000000000, 0.0000000000000000000, 0.0000000000000000000 ) ;
#1025 = FILL_AREA_STYLE ('',( #2270 ) ) ;
#1026 = FACE_OUTER_BOUND ( 'NONE', #4813, .T. ) ;
#1027 = PLANE ( 'NONE',  #3520 ) ;
#1028 = LINE ( 'NONE', #3259, #560 ) ;
#1029 = LINE ( 'NONE', #652, #3478 ) ;
#1030 = DIRECTION ( 'NONE',  ( 9.627253440664264800E-015, -1.000000000000000000, 0.0000000000000000000 ) ) ;
#1031 = ADVANCED_FACE ( 'NONE', ( #4120 ), #957, .T. ) ;
#1032 = LINE ( 'NONE', #2177, #5345 ) ;
#1033 = CARTESIAN_POINT ( 'NONE',  ( 0.1310470240948021800, 0.2485000000000000300, -0.1212499999999999700 ) ) ;
#1034 = EDGE_LOOP ( 'NONE', ( #4051, #3618, #4647, #2276 ) ) ;
#1035 = LINE ( 'NONE', #4483, #4815 ) ;
#1036 = CIRCLE ( 'NONE', #2233, 0.02149999999999997700 ) ;
#1037 = DIRECTION ( 'NONE',  ( 0.0000000000000000000, 0.0000000000000000000, 1.000000000000000000 ) ) ;
#1038 = CARTESIAN_POINT ( 'NONE',  ( 0.1275000000000000000, 0.2700000000000000200, 0.07875000000000004200 ) ) ;
#1039 = PLANE ( 'NONE',  #2018 ) ;
#1040 = VERTEX_POINT ( 'NONE', #3425 ) ;
#1041 = VECTOR ( 'NONE', #3488, 39.37007874015748900 ) ;
#1042 = CARTESIAN_POINT ( 'NONE',  ( 0.1585251524228011300, -0.01499999999999983600, 0.05500000000000002800 ) ) ;
#1043 = CARTESIAN_POINT ( 'NONE',  ( 0.1683179463135507900, 0.01115063833466540200, 0.1212500000000000400 ) ) ;
#1044 = ORIENTED_EDGE ( 'NONE', *, *, #73, .F. ) ;
#1045 = EDGE_CURVE ( 'NONE', #4306, #5215, #3124, .T. ) ;
#1046 = AXIS2_PLACEMENT_3D ( 'NONE', #2790, #5004, #3690 ) ;
#1047 = CARTESIAN_POINT ( 'NONE',  ( 0.1469318449276434100, 0.1600000000000000000, -0.03712713240271448000 ) ) ;
#1048 = ORIENTED_EDGE ( 'NONE', *, *, #1529, .T. ) ;
#1049 = CARTESIAN_POINT ( 'NONE',  ( 0.1699999999999999800, -0.01423982036329973400, 0.07875000000000004200 ) ) ;
#1050 = EDGE_CURVE ( 'NONE', #887, #5215, #4785, .T. ) ;
#1051 = AXIS2_PLACEMENT_3D ( 'NONE', #438, #2128, #5541 ) ;
#1052 = CARTESIAN_POINT ( 'NONE',  ( 0.1683179463135507900, 0.01115063833466540200, -0.07874999999999995900 ) ) ;
#1053 = EDGE_LOOP ( 'NONE', ( #3844, #2587, #3983, #2912, #2794, #3321, #5421, #2492, #1748, #3625, #3164, #4741, #199, #999 ) ) ;
#1054 = FILL_AREA_STYLE_COLOUR ( '', #5535 ) ;
#1055 = DIRECTION ( 'NONE',  ( 1.000000000000000000, 9.627253440664264800E-015, 0.0000000000000000000 ) ) ;
#1056 = ADVANCED_FACE ( 'NONE', ( #5526 ), #1462, .T. ) ;
#1057 = DIRECTION ( 'NONE',  ( 0.06610257710436372200, 0.9978128327999003000, 1.064794134897212500E-016 ) ) ;
#1058 = EDGE_LOOP ( 'NONE', ( #4853, #3787, #366, #5001 ) ) ;
#1059 = EDGE_CURVE ( 'NONE', #3559, #4450, #4447, .T. ) ;
#1060 = CARTESIAN_POINT ( 'NONE',  ( -0.1525000000000000200, 0.2499212054077438500, 0.1787500000000000500 ) ) ;
#1061 = LINE ( 'NONE', #2964, #1421 ) ;
#1062 = ORIENTED_EDGE ( 'NONE', *, *, #3710, .T. ) ;
#1063 = EDGE_LOOP ( 'NONE', ( #894, #4031, #3138, #5177 ) ) ;
#1064 = CARTESIAN_POINT ( 'NONE',  ( -0.1690062879289864800, 0.0007601796367002576600, 0.1407500000000000400 ) ) ;
#1065 = VECTOR ( 'NONE', #5173, 39.37007874015748100 ) ;
#1066 = ORIENTED_EDGE ( 'NONE', *, *, #2702, .T. ) ;
#1067 = ORIENTED_EDGE ( 'NONE', *, *, #4924, .T. ) ;
#1068 = DIRECTION ( 'NONE',  ( 0.0000000000000000000, 0.0000000000000000000, 1.000000000000000000 ) ) ;
#1069 = FACE_OUTER_BOUND ( 'NONE', #871, .T. ) ;
#1070 = VECTOR ( 'NONE', #2038, 39.37007874015748900 ) ;
#1071 = CARTESIAN_POINT ( 'NONE',  ( 0.1275000000000000000, 0.2700000000000000200, 0.1787500000000000500 ) ) ;
#1072 = ORIENTED_EDGE ( 'NONE', *, *, #2037, .F. ) ;
#1073 = EDGE_LOOP ( 'NONE', ( #3680, #5054, #4818, #272 ) ) ;
#1074 = VERTEX_POINT ( 'NONE', #4814 ) ;
#1075 = EDGE_LOOP ( 'NONE', ( #2391, #2311, #3517, #5415 ) ) ;
#1076 = EDGE_CURVE ( 'NONE', #3185, #4709, #5060, .T. ) ;
#1077 = FACE_OUTER_BOUND ( 'NONE', #1840, .T. ) ;
#1078 = PRESENTATION_LAYER_ASSIGNMENT (  '', '', ( #3694 ) ) ;
#1079 = ORIENTED_EDGE ( 'NONE', *, *, #979, .T. ) ;
#1080 = FACE_OUTER_BOUND ( 'NONE', #3109, .T. ) ;
#1081 = DIRECTION ( 'NONE',  ( -0.04669038075761903400, -0.7047873642613292600, 0.7078804839252718100 ) ) ;
#1082 = ORIENTED_EDGE ( 'NONE', *, *, #3782, .F. ) ;
#1083 = LINE ( 'NONE', #2060, #3799 ) ;
#1084 = CARTESIAN_POINT ( 'NONE',  ( -0.1584066925048422700, 0.1607601796367002200, 0.03712713240271451500 ) ) ;
#1085 = ADVANCED_FACE ( 'NONE', ( #3795 ), #3896, .F. ) ;
#1086 = CIRCLE ( 'NONE', #5086, 0.009999999999999979400 ) ;
#1087 = EDGE_CURVE ( 'NONE', #2627, #4540, #2981, .T. ) ;
#1088 = DIRECTION ( 'NONE',  ( -0.04679272426934458900, -0.7063322309492396900, -0.7063322309492347000 ) ) ;
#1089 = AXIS2_PLACEMENT_3D ( 'NONE', #570, #1411, #2669 ) ;
#1090 = DIRECTION ( 'NONE',  ( 0.0000000000000000000, 0.0000000000000000000, 1.000000000000000000 ) ) ;
#1091 = LINE ( 'NONE', #2489, #5144 ) ;
#1092 = VECTOR ( 'NONE', #4255, 39.37007874015748100 ) ;
#1093 = ADVANCED_FACE ( 'NONE', ( #736 ), #139, .T. ) ;
#1094 = CARTESIAN_POINT ( 'NONE',  ( 0.1585251524228011300, -0.01499999999999992500, -0.1212499999999999700 ) ) ;
#1095 = DIRECTION ( 'NONE',  ( -0.03299702755569916500, 0.4980873512290799900, 0.8664988094152741300 ) ) ;
#1096 = EDGE_CURVE ( 'NONE', #4920, #3854, #1534, .T. ) ;
#1097 = FACE_OUTER_BOUND ( 'NONE', #4766, .T. ) ;
#1098 = CARTESIAN_POINT ( 'NONE',  ( -0.1575645640874880600, -0.0004999999999998926700, -0.1587500000000000000 ) ) ;
#1099 = UNCERTAINTY_MEASURE_WITH_UNIT (LENGTH_MEASURE( 1.000000000000000100E-005 ), #2654, 'distance_accuracy_value', 'NONE');
#1100 = EDGE_LOOP ( 'NONE', ( #2058, #5059, #1664, #2258 ) ) ;
#1101 = DIRECTION ( 'NONE',  ( 0.0000000000000000000, 1.000000000000000000, -0.0000000000000000000 ) ) ;
#1102 = CYLINDRICAL_SURFACE ( 'NONE', #4088, 0.02149999999999997700 ) ;
#1103 = ORIENTED_EDGE ( 'NONE', *, *, #1344, .T. ) ;
#1104 = DIRECTION ( 'NONE',  ( 0.9978128327999003000, 0.06610257710436372200, -0.0000000000000000000 ) ) ;
#1105 = EDGE_CURVE ( 'NONE', #251, #5348, #1868, .T. ) ;
#1106 = PLANE ( 'NONE',  #353 ) ;
#1107 = FACE_OUTER_BOUND ( 'NONE', #2028, .T. ) ;
#1108 = CARTESIAN_POINT ( 'NONE',  ( 0.1310470240948020700, 0.2585000000000000100, 0.07875000000000004200 ) ) ;
#1109 = ORIENTED_EDGE ( 'NONE', *, *, #2312, .T. ) ;
#1110 = PLANE ( 'NONE',  #1832 ) ;
#1111 = CARTESIAN_POINT ( 'NONE',  ( 0.1310470240948020700, 0.2585000000000000100, -0.07874999999999995900 ) ) ;
#1112 = CARTESIAN_POINT ( 'NONE',  ( -0.1275000000000000000, 0.2585000000000000100, -0.1862500000000000000 ) ) ;
#1113 = AXIS2_PLACEMENT_3D ( 'NONE', #316, #4509, #4533 ) ;
#1114 = VERTEX_POINT ( 'NONE', #5209 ) ;
#1115 = VECTOR ( 'NONE', #3506, 39.37007874015748900 ) ;
#1116 = CARTESIAN_POINT ( 'NONE',  ( 8.537024980200822600E-017, 0.3100000000000000500, -0.1810006801884445900 ) ) ;
#1117 = EDGE_CURVE ( 'NONE', #2965, #2413, #1407, .T. ) ;
#1118 = VERTEX_POINT ( 'NONE', #2678 ) ;
#1119 = STYLED_ITEM ( 'NONE', ( #3724 ), #3631 ) ;
#1120 = DIRECTION ( 'NONE',  ( 0.06610257710436372200, -0.9978128327999003000, -0.0000000000000000000 ) ) ;
#1121 = DIRECTION ( 'NONE',  ( -0.06610257710436372200, -0.9978128327999003000, 0.0000000000000000000 ) ) ;
#1122 = ORIENTED_EDGE ( 'NONE', *, *, #2066, .T. ) ;
#1123 = EDGE_CURVE ( 'NONE', #4920, #998, #2930, .T. ) ;
#1124 = CARTESIAN_POINT ( 'NONE',  ( -0.1568430987363519400, 0.01039045869796522000, 0.02125000000000004700 ) ) ;
#1125 = DIRECTION ( 'NONE',  ( 0.0000000000000000000, 0.0000000000000000000, 1.000000000000000000 ) ) ;
#1126 = ORIENTED_EDGE ( 'NONE', *, *, #1628, .T. ) ;
#1127 = ORIENTED_EDGE ( 'NONE', *, *, #5359, .T. ) ;
#1128 = DIRECTION ( 'NONE',  ( -0.0000000000000000000, 1.000000000000000000, -0.0000000000000000000 ) ) ;
#1129 = ORIENTED_EDGE ( 'NONE', *, *, #3462, .F. ) ;
#1130 = FACE_OUTER_BOUND ( 'NONE', #2916, .T. ) ;
#1131 = FACE_OUTER_BOUND ( 'NONE', #3101, .T. ) ;
#1132 = ORIENTED_EDGE ( 'NONE', *, *, #2359, .F. ) ;
#1133 = CARTESIAN_POINT ( 'NONE',  ( -0.1275000000000000000, 0.2700000000000000200, 0.07875000000000004200 ) ) ;
#1134 = ADVANCED_FACE ( 'NONE', ( #1818 ), #4827, .T. ) ;
#1135 = CARTESIAN_POINT ( 'NONE',  ( 0.1575314403517876200, 5.975917486140575200E-017, 0.1407500000000000400 ) ) ;
#1136 = VECTOR ( 'NONE', #5110, 39.37007874015748100 ) ;
#1137 =( LENGTH_UNIT ( ) NAMED_UNIT ( * ) SI_UNIT ( $, .METRE. ) );
#1138 = AXIS2_PLACEMENT_3D ( 'NONE', #1180, #1640, #5439 ) ;
#1139 = VERTEX_POINT ( 'NONE', #5189 ) ;
#1140 = LINE ( 'NONE', #435, #5394 ) ;
#1141 = ORIENTED_EDGE ( 'NONE', *, *, #2237, .T. ) ;
#1142 = CARTESIAN_POINT ( 'NONE',  ( 0.1539194572176712000, 0.05452258113005163700, -0.09802454858070533400 ) ) ;
#1143 = CARTESIAN_POINT ( 'NONE',  ( 0.1274999999999998900, 0.2585000000000000100, -0.1587500000000000000 ) ) ;
#1144 = VECTOR ( 'NONE', #1324, 39.37007874015748900 ) ;
#1145 = CARTESIAN_POINT ( 'NONE',  ( -0.1699999999999999800, -0.01423982036329973400, 0.1787500000000000500 ) ) ;
#1146 = PLANE ( 'NONE',  #4985 ) ;
#1147 = ORIENTED_EDGE ( 'NONE', *, *, #3555, .T. ) ;
#1148 = PRESENTATION_STYLE_ASSIGNMENT (( #4170 ) ) ;
#1149 = EDGE_CURVE ( 'NONE', #2845, #5215, #5002, .T. ) ;
#1150 = SURFACE_STYLE_FILL_AREA ( #679 ) ;
#1151 = DIRECTION ( 'NONE',  ( -0.0000000000000000000, -0.0000000000000000000, -1.000000000000000000 ) ) ;
#1152 = ORIENTED_EDGE ( 'NONE', *, *, #2954, .T. ) ;
#1153 = FACE_OUTER_BOUND ( 'NONE', #1075, .T. ) ;
#1154 = DIRECTION ( 'NONE',  ( 0.0000000000000000000, 0.0000000000000000000, 1.000000000000000000 ) ) ;
#1155 = VECTOR ( 'NONE', #2030, 39.37007874015748900 ) ;
#1156 = EDGE_CURVE ( 'NONE', #2591, #5131, #2525, .T. ) ;
#1157 = DIRECTION ( 'NONE',  ( -0.04679272426934443600, -0.7063322309492373600, 0.7063322309492368100 ) ) ;
#1158 = AXIS2_PLACEMENT_3D ( 'NONE', #2481, #3298, #5488 ) ;
#1159 = LINE ( 'NONE', #5346, #5543 ) ;
#1160 = CARTESIAN_POINT ( 'NONE',  ( -0.03320279457757031200, 0.3100000000000000500, -0.1827504534589630400 ) ) ;
#1161 = CARTESIAN_POINT ( 'NONE',  ( -0.1584066925048422700, 0.1607601796367002200, -0.06287286759728549800 ) ) ;
#1162 = ORIENTED_EDGE ( 'NONE', *, *, #1948, .F. ) ;
#1163 = LINE ( 'NONE', #1514, #3 ) ;
#1164 = VECTOR ( 'NONE', #2637, 39.37007874015748900 ) ;
#1165 = CARTESIAN_POINT ( 'NONE',  ( 0.1584066925048422700, 0.1607601796367002200, -0.1212499999999999700 ) ) ;
#1166 = CARTESIAN_POINT ( 'NONE',  ( -0.1275000000000000000, 0.2700000000000000200, -0.02124999999999996000 ) ) ;
#1167 = EDGE_CURVE ( 'NONE', #1582, #1412, #4865, .T. ) ;
#1168 = DIRECTION ( 'NONE',  ( 0.0000000000000000000, 0.0000000000000000000, 1.000000000000000000 ) ) ;
#1169 = ORIENTED_EDGE ( 'NONE', *, *, #1302, .T. ) ;
#1170 = VECTOR ( 'NONE', #4288, 39.37007874015748100 ) ;
#1171 = VECTOR ( 'NONE', #1695, 39.37007874015748900 ) ;
#1172 = CARTESIAN_POINT ( 'NONE',  ( 0.1274999999999998900, 0.2585000000000000100, -0.02124999999999996000 ) ) ;
#1173 = CARTESIAN_POINT ( 'NONE',  ( 0.1525000000000000200, 0.2499212054077438500, -0.02124999999999996000 ) ) ;
#1174 = ORIENTED_EDGE ( 'NONE', *, *, #1384, .F. ) ;
#1175 = CARTESIAN_POINT ( 'NONE',  ( 0.1310470240948021800, 0.2485000000000000300, -0.1212499999999999700 ) ) ;
#1176 = VECTOR ( 'NONE', #3793, 39.37007874015748100 ) ;
#1177 = CARTESIAN_POINT ( 'NONE',  ( -0.1565420173799203800, 0.01493525640970793700, -0.1258147435902922700 ) ) ;
#1178 = ORIENTED_EDGE ( 'NONE', *, *, #395, .T. ) ;
#1179 = VECTOR ( 'NONE', #2300, 39.37007874015748900 ) ;
#1180 = CARTESIAN_POINT ( 'NONE',  ( -0.1275000000000000000, 0.2585000000000000100, 0.1862500000000000000 ) ) ;
#1181 = ORIENTED_EDGE ( 'NONE', *, *, #3486, .T. ) ;
#1182 = CARTESIAN_POINT ( 'NONE',  ( -0.1683179463135507900, 0.01115063833466540600, -0.1407500000000000100 ) ) ;
#1183 = CARTESIAN_POINT ( 'NONE',  ( 0.1568430987363519400, 0.01039045869796522000, 0.07875000000000004200 ) ) ;
#1184 = EDGE_CURVE ( 'NONE', #3172, #2502, #2938, .T. ) ;
#1185 = DIRECTION ( 'NONE',  ( 0.06610257710436373600, -0.9978128327999003000, 0.0000000000000000000 ) ) ;
#1186 = ORIENTED_EDGE ( 'NONE', *, *, #3555, .F. ) ;
#1187 = DIRECTION ( 'NONE',  ( -0.9961946980917455500, 0.08715574274765837400, 0.0000000000000000000 ) ) ;
#1188 = CARTESIAN_POINT ( 'NONE',  ( 0.1275000000000000000, 0.2700000000000000200, 0.1787500000000000500 ) ) ;
#1189 = CARTESIAN_POINT ( 'NONE',  ( 0.1683179463135507900, 0.01115063833466540600, -0.1407500000000000100 ) ) ;
#1190 = EDGE_CURVE ( 'NONE', #2242, #2062, #5343, .T. ) ;
#1191 =( GEOMETRIC_REPRESENTATION_CONTEXT ( 3 ) GLOBAL_UNCERTAINTY_ASSIGNED_CONTEXT ( ( #190 ) ) GLOBAL_UNIT_ASSIGNED_CONTEXT ( ( #1441, #2263, #3993 ) ) REPRESENTATION_CONTEXT ( 'NONE', 'WORKASPACE' ) );
#1192 = ORIENTED_EDGE ( 'NONE', *, *, #922, .F. ) ;
#1193 = ORIENTED_EDGE ( 'NONE', *, *, #922, .T. ) ;
#1194 = LINE ( 'NONE', #2664, #3838 ) ;
#1195 = CARTESIAN_POINT ( 'NONE',  ( 0.1568430987363519400, 0.01039045869796522000, -0.1212499999999999700 ) ) ;
#1196 = CARTESIAN_POINT ( 'NONE',  ( -0.1310470240948021800, 0.2485000000000000300, -0.1212499999999999700 ) ) ;
#1197 = EDGE_LOOP ( 'NONE', ( #1533, #3449, #2454, #5124 ) ) ;
#1198 = EDGE_LOOP ( 'NONE', ( #4516, #1712, #5498, #5156 ) ) ;
#1199 = EDGE_CURVE ( 'NONE', #457, #5188, #2414, .T. ) ;
#1200 = DIRECTION ( 'NONE',  ( 1.000000000000000000, 0.0000000000000000000, 0.0000000000000000000 ) ) ;
#1201 = VECTOR ( 'NONE', #1814, 39.37007874015748900 ) ;
#1202 = ADVANCED_FACE ( 'NONE', ( #1555 ), #2764, .F. ) ;
#1203 = LINE ( 'NONE', #3205, #4303 ) ;
#1204 = DIRECTION ( 'NONE',  ( 0.0000000000000000000, 0.0000000000000000000, -1.000000000000000000 ) ) ;
#1205 = DIRECTION ( 'NONE',  ( -0.06610257710436372200, -0.9978128327999003000, 0.0000000000000000000 ) ) ;
#1206 = ORIENTED_EDGE ( 'NONE', *, *, #4580, .F. ) ;
#1207 = ORIENTED_EDGE ( 'NONE', *, *, #5425, .T. ) ;
#1208 = VECTOR ( 'NONE', #795, 39.37007874015748900 ) ;
#1209 = LINE ( 'NONE', #4042, #670 ) ;
#1210 = ORIENTED_EDGE ( 'NONE', *, *, #3637, .T. ) ;
#1211 = ORIENTED_EDGE ( 'NONE', *, *, #2944, .F. ) ;
#1212 = CARTESIAN_POINT ( 'NONE',  ( -0.1568430987363519400, 0.01039045869796522000, -0.05499999999999997900 ) ) ;
#1213 = VERTEX_POINT ( 'NONE', #3207 ) ;
#1214 = DIRECTION ( 'NONE',  ( -7.038563640231725300E-018, 1.062465252090506800E-016, -1.000000000000000000 ) ) ;
#1215 = EDGE_CURVE ( 'NONE', #1777, #488, #1163, .T. ) ;
#1216 = VECTOR ( 'NONE', #1395, 39.37007874015748100 ) ;
#1217 = ORIENTED_EDGE ( 'NONE', *, *, #1335, .T. ) ;
#1218 = FACE_OUTER_BOUND ( 'NONE', #2554, .T. ) ;
#1219 = VERTEX_POINT ( 'NONE', #4477 ) ;
#1220 = VERTEX_POINT ( 'NONE', #235 ) ;
#1221 = DIRECTION ( 'NONE',  ( 0.06610257710436372200, -0.9978128327999003000, 0.0000000000000000000 ) ) ;
#1222 =( GEOMETRIC_REPRESENTATION_CONTEXT ( 3 ) GLOBAL_UNCERTAINTY_ASSIGNED_CONTEXT ( ( #4039 ) ) GLOBAL_UNIT_ASSIGNED_CONTEXT ( ( #1532, #757, #2856 ) ) REPRESENTATION_CONTEXT ( 'NONE', 'WORKASPACE' ) );
#1223 = FACE_OUTER_BOUND ( 'NONE', #3626, .T. ) ;
#1224 = CARTESIAN_POINT ( 'NONE',  ( 0.1310470240948021800, 0.2485000000000000300, -0.1212499999999999700 ) ) ;
#1225 = CARTESIAN_POINT ( 'NONE',  ( -0.1310470240948021800, 0.2485000000000000300, 0.07875000000000004200 ) ) ;
#1226 = CARTESIAN_POINT ( 'NONE',  ( -2.488645014411724400E-015, 0.2585000000000012300, 0.07875000000000004200 ) ) ;
#1227 = CYLINDRICAL_SURFACE ( 'NONE', #95, 0.02149999999999997700 ) ;
#1228 = EDGE_CURVE ( 'NONE', #4289, #2040, #1029, .T. ) ;
#1229 = AXIS2_PLACEMENT_3D ( 'NONE', #2641, #4339, #96 ) ;
#1230 = DIRECTION ( 'NONE',  ( 0.9978128327999003000, 0.06610257710436372200, -0.0000000000000000000 ) ) ;
#1231 = LINE ( 'NONE', #1874, #2078 ) ;
#1232 = DIRECTION ( 'NONE',  ( -1.000000000000000000, 9.627253440664264800E-015, 0.0000000000000000000 ) ) ;
#1233 = ADVANCED_FACE ( 'NONE', ( #5483 ), #4115, .T. ) ;
#1234 = ORIENTED_EDGE ( 'NONE', *, *, #3536, .T. ) ;
#1235 = VERTEX_POINT ( 'NONE', #4958 ) ;
#1236 = EDGE_CURVE ( 'NONE', #1819, #4893, #3349, .T. ) ;
#1237 = FACE_OUTER_BOUND ( 'NONE', #4911, .T. ) ;
#1238 = PRESENTATION_LAYER_ASSIGNMENT (  '', '', ( #372 ) ) ;
#1239 = CARTESIAN_POINT ( 'NONE',  ( -0.1578129921052414400, -0.004249999999999923100, -0.04499999999999998400 ) ) ;
#1240 = CARTESIAN_POINT ( 'NONE',  ( 0.1683179463135507900, 0.01115063833466540200, -0.1449999999999999900 ) ) ;
#1241 = EDGE_LOOP ( 'NONE', ( #2214, #5440, #5171, #261 ) ) ;
#1242 = PLANE ( 'NONE',  #215 ) ;
#1243 = FACE_OUTER_BOUND ( 'NONE', #5465, .T. ) ;
#1244 = CARTESIAN_POINT ( 'NONE',  ( 0.1568430987363519400, 0.01039045869796522000, -0.02124999999999996000 ) ) ;
#1245 = DIRECTION ( 'NONE',  ( -0.06610257710436372200, -0.9978128327999003000, -0.0000000000000000000 ) ) ;
#1246 = EDGE_CURVE ( 'NONE', #1639, #4289, #3075, .T. ) ;
#1247 = ORIENTED_EDGE ( 'NONE', *, *, #3380, .F. ) ;
#1248 = CARTESIAN_POINT ( 'NONE',  ( 0.1310470240948021800, 0.2585000000000000100, -0.02124999999999996000 ) ) ;
#1249 = DIRECTION ( 'NONE',  ( 0.0000000000000000000, 0.9961946980917454300, 0.08715574274765836000 ) ) ;
#1250 = FILL_AREA_STYLE_COLOUR ( '', #2767 ) ;
#1251 = CARTESIAN_POINT ( 'NONE',  ( -0.1275000000000000000, 0.2700000000000000200, 0.02125000000000004700 ) ) ;
#1252 = EDGE_LOOP ( 'NONE', ( #1498, #677, #67, #1828 ) ) ;
#1253 = CARTESIAN_POINT ( 'NONE',  ( -0.1690062879289864800, 0.0007601796367002576600, -0.05924999999999996900 ) ) ;
#1254 = DIRECTION ( 'NONE',  ( -0.0000000000000000000, 0.0000000000000000000, 1.000000000000000000 ) ) ;
#1255 = EDGE_CURVE ( 'NONE', #5286, #4569, #3676, .T. ) ;
#1256 = VERTEX_POINT ( 'NONE', #2003 ) ;
#1257 = ORIENTED_EDGE ( 'NONE', *, *, #4762, .T. ) ;
#1258 = AXIS2_PLACEMENT_3D ( 'NONE', #2479, #2862, #4976 ) ;
#1259 =( NAMED_UNIT ( * ) PLANE_ANGLE_UNIT ( ) SI_UNIT ( $, .RADIAN. ) );
#1260 = CARTESIAN_POINT ( 'NONE',  ( 0.1275000000000000000, 0.2700000000000000200, 0.1862500000000000000 ) ) ;
#1261 = VERTEX_POINT ( 'NONE', #2410 ) ;
#1262 = ORIENTED_EDGE ( 'NONE', *, *, #1087, .F. ) ;
#1263 =( NAMED_UNIT ( * ) SI_UNIT ( $, .STERADIAN. ) SOLID_ANGLE_UNIT ( ) );
#1264 = EDGE_CURVE ( 'NONE', #630, #1837, #1363, .T. ) ;
#1265 = LINE ( 'NONE', #311, #2372 ) ;
#1266 = AXIS2_PLACEMENT_3D ( 'NONE', #982, #4772, #1404 ) ;
#1267 = UNCERTAINTY_MEASURE_WITH_UNIT (LENGTH_MEASURE( 1.000000000000000100E-005 ), #4753, 'distance_accuracy_value', 'NONE');
#1268 = EDGE_LOOP ( 'NONE', ( #682, #2571, #5292, #4390 ) ) ;
#1269 = ORIENTED_EDGE ( 'NONE', *, *, #5272, .F. ) ;
#1270 = DIRECTION ( 'NONE',  ( 0.06610257710436372200, 0.9978128327999003000, 1.195558326902133200E-016 ) ) ;
#1271 = LINE ( 'NONE', #4817, #3706 ) ;
#1272 = LINE ( 'NONE', #2184, #4645 ) ;
#1273 = ORIENTED_EDGE ( 'NONE', *, *, #2350, .F. ) ;
#1274 = EDGE_CURVE ( 'NONE', #4387, #4108, #1431, .T. ) ;
#1275 = ORIENTED_EDGE ( 'NONE', *, *, #493, .T. ) ;
#1276 = CARTESIAN_POINT ( 'NONE',  ( 0.1692878396824403200, -0.003489820363299725200, -0.1550000000000000000 ) ) ;
#1277 = ORIENTED_EDGE ( 'NONE', *, *, #664, .T. ) ;
#1278 = VECTOR ( 'NONE', #3835, 39.37007874015748900 ) ;
#1279 = ORIENTED_EDGE ( 'NONE', *, *, #3380, .T. ) ;
#1280 = ORIENTED_EDGE ( 'NONE', *, *, #4924, .F. ) ;
#1281 = DIRECTION ( 'NONE',  ( 0.06610257710436372200, -0.9978128327999003000, 0.0000000000000000000 ) ) ;
#1282 = DIRECTION ( 'NONE',  ( 0.0000000000000000000, 0.08715574274765837400, -0.9961946980917455500 ) ) ;
#1283 = FACE_OUTER_BOUND ( 'NONE', #3332, .T. ) ;
#1284 = PLANE ( 'NONE',  #2730 ) ;
#1285 = CARTESIAN_POINT ( 'NONE',  ( 0.1584066925048422700, 0.1607601796367002200, 0.05925000000000002500 ) ) ;
#1286 = ORIENTED_EDGE ( 'NONE', *, *, #4092, .F. ) ;
#1287 = SURFACE_STYLE_FILL_AREA ( #5467 ) ;
#1288 = ADVANCED_FACE ( 'NONE', ( #1768 ), #2922, .F. ) ;
#1289 = LINE ( 'NONE', #222, #343 ) ;
#1290 = ORIENTED_EDGE ( 'NONE', *, *, #2396, .T. ) ;
#1291 = VECTOR ( 'NONE', #2683, 39.37007874015748900 ) ;
#1292 = CARTESIAN_POINT ( 'NONE',  ( 0.1451100394641186300, 0.1875000000000000600, 0.02125000000000004700 ) ) ;
#1293 = PLANE ( 'NONE',  #165 ) ;
#1294 = VERTEX_POINT ( 'NONE', #846 ) ;
#1295 = AXIS2_PLACEMENT_3D ( 'NONE', #3039, #2153, #3475 ) ;
#1296 = VECTOR ( 'NONE', #4702, 39.37007874015748900 ) ;
#1297 = VERTEX_POINT ( 'NONE', #3053 ) ;
#1298 = DIRECTION ( 'NONE',  ( -1.000000000000000000, 0.0000000000000000000, -0.0000000000000000000 ) ) ;
#1299 = ORIENTED_EDGE ( 'NONE', *, *, #3017, .F. ) ;
#1300 = VECTOR ( 'NONE', #638, 39.37007874015748900 ) ;
#1301 = LINE ( 'NONE', #2220, #1164 ) ;
#1302 = EDGE_CURVE ( 'NONE', #4319, #4840, #2147, .T. ) ;
#1303 = AXIS2_PLACEMENT_3D ( 'NONE', #5371, #3266, #658 ) ;
#1304 = VERTEX_POINT ( 'NONE', #3226 ) ;
#1305 = DIRECTION ( 'NONE',  ( -0.0000000000000000000, -0.0000000000000000000, -1.000000000000000000 ) ) ;
#1306 = CARTESIAN_POINT ( 'NONE',  ( 0.1683179463135507900, 0.01115063833466540200, -0.1550000000000000000 ) ) ;
#1307 = ORIENTED_EDGE ( 'NONE', *, *, #253, .F. ) ;
#1308 = LINE ( 'NONE', #3190, #1769 ) ;
#1309 = EDGE_CURVE ( 'NONE', #2290, #2161, #632, .T. ) ;
#1310 = VERTEX_POINT ( 'NONE', #647 ) ;
#1311 = FACE_OUTER_BOUND ( 'NONE', #5181, .T. ) ;
#1312 = DIRECTION ( 'NONE',  ( 0.06610257710436372200, 0.9978128327999003000, 0.0000000000000000000 ) ) ;
#1313 = ORIENTED_EDGE ( 'NONE', *, *, #4340, .T. ) ;
#1314 = ADVANCED_FACE ( 'NONE', ( #4147 ), #5290, .T. ) ;
#1315 = FILL_AREA_STYLE ('',( #4296 ) ) ;
#1316 = ORIENTED_EDGE ( 'NONE', *, *, #3230, .F. ) ;
#1317 = DIRECTION ( 'NONE',  ( 0.06610257710436372200, -0.9978128327999003000, 0.0000000000000000000 ) ) ;
#1318 =( NAMED_UNIT ( * ) PLANE_ANGLE_UNIT ( ) SI_UNIT ( $, .RADIAN. ) );
#1319 = EDGE_LOOP ( 'NONE', ( #2941, #2799, #3859, #89 ) ) ;
#1320 = CARTESIAN_POINT ( 'NONE',  ( -0.1274999999999998900, 0.2585000000000000100, 0.07875000000000004200 ) ) ;
#1321 = CARTESIAN_POINT ( 'NONE',  ( -0.1578129921052414400, -0.004249999999999923100, -0.1449999999999999900 ) ) ;
#1322 = ORIENTED_EDGE ( 'NONE', *, *, #3990, .T. ) ;
#1323 = DIRECTION ( 'NONE',  ( 0.05727780436021247300, 0.8646036316403947800, 0.4991791394699038300 ) ) ;
#1324 = DIRECTION ( 'NONE',  ( 0.9978128327999003000, 0.06610257710436372200, -0.0000000000000000000 ) ) ;
#1325 = EDGE_CURVE ( 'NONE', #1892, #5275, #5152, .T. ) ;
#1326 = AXIS2_PLACEMENT_3D ( 'NONE', #1183, #1568, #3727 ) ;
#1327 = DIRECTION ( 'NONE',  ( 0.0000000000000000000, 0.0000000000000000000, 1.000000000000000000 ) ) ;
#1328 = EDGE_LOOP ( 'NONE', ( #920, #5256, #2966, #1740 ) ) ;
#1329 = EDGE_LOOP ( 'NONE', ( #3875, #4895, #3721, #610 ) ) ;
#1330 = VECTOR ( 'NONE', #1926, 39.37007874015748100 ) ;
#1331 = CARTESIAN_POINT ( 'NONE',  ( -0.1310470240948021800, 0.2485000000000000300, -0.07874999999999995900 ) ) ;
#1332 = ORIENTED_EDGE ( 'NONE', *, *, #1190, .F. ) ;
#1333 = VERTEX_POINT ( 'NONE', #5164 ) ;
#1334 = DIRECTION ( 'NONE',  ( -0.06610257710436372200, -0.9978128327999003000, 0.0000000000000000000 ) ) ;
#1335 = EDGE_CURVE ( 'NONE', #1360, #4225, #12, .T. ) ;
#1336 = ADVANCED_FACE ( 'NONE', ( #3083 ), #1106, .F. ) ;
#1337 = AXIS2_PLACEMENT_3D ( 'NONE', #5349, #1154, #2407 ) ;
#1338 = LINE ( 'NONE', #5302, #4043 ) ;
#1339 = ORIENTED_EDGE ( 'NONE', *, *, #108, .T. ) ;
#1340 = ORIENTED_EDGE ( 'NONE', *, *, #1370, .F. ) ;
#1341 = EDGE_LOOP ( 'NONE', ( #1676, #2361, #3988, #1322, #968, #2518, #928, #5268, #5487, #3392, #4609, #802, #3985, #3895 ) ) ;
#1342 = CARTESIAN_POINT ( 'NONE',  ( 0.1568430987363519400, 0.01039045869796522000, 0.05500000000000002800 ) ) ;
#1343 = LINE ( 'NONE', #2206, #4581 ) ;
#1344 = EDGE_CURVE ( 'NONE', #4823, #1074, #5015, .T. ) ;
#1345 = ORIENTED_EDGE ( 'NONE', *, *, #361, .T. ) ;
#1346 = VECTOR ( 'NONE', #4159, 39.37007874015748900 ) ;
#1347 = ORIENTED_EDGE ( 'NONE', *, *, #3473, .T. ) ;
#1348 = CARTESIAN_POINT ( 'NONE',  ( 0.1310470240948021800, 0.2485000000000000300, -0.07874999999999995900 ) ) ;
#1349 = DIRECTION ( 'NONE',  ( 0.0000000000000000000, -0.0000000000000000000, -1.000000000000000000 ) ) ;
#1350 = ORIENTED_EDGE ( 'NONE', *, *, #4266, .T. ) ;
#1351 = LINE ( 'NONE', #4687, #205 ) ;
#1352 = CARTESIAN_POINT ( 'NONE',  ( -0.1539194572176712000, 0.05452258113005163700, -0.09802454858070533400 ) ) ;
#1353 = CARTESIAN_POINT ( 'NONE',  ( -0.1584424619161284900, -0.01375179376776140100, -0.1454982062322385300 ) ) ;
#1354 = LINE ( 'NONE', #2088, #1155 ) ;
#1355 = CARTESIAN_POINT ( 'NONE',  ( 0.1275000000000000000, 0.2585000000000000100, -0.1862500000000000000 ) ) ;
#1356 = AXIS2_PLACEMENT_3D ( 'NONE', #367, #5031, #777 ) ;
#1357 = FACE_OUTER_BOUND ( 'NONE', #1800, .T. ) ;
#1358 = LINE ( 'NONE', #4132, #3472 ) ;
#1359 = CARTESIAN_POINT ( 'NONE',  ( -0.1410251524228011700, 0.2491610257710436500, 0.02125000000000004700 ) ) ;
#1360 = VERTEX_POINT ( 'NONE', #1042 ) ;
#1361 = EDGE_CURVE ( 'NONE', #2974, #2853, #1035, .T. ) ;
#1362 = EDGE_LOOP ( 'NONE', ( #5280, #1339, #284, #2911 ) ) ;
#1363 = LINE ( 'NONE', #3763, #1888 ) ;
#1364 = CARTESIAN_POINT ( 'NONE',  ( -0.1584066925048422700, 0.1607601796367002200, -0.04074999999999998800 ) ) ;
#1365 = ADVANCED_FACE ( 'NONE', ( #2870 ), #3528, .F. ) ;
#1366 = VECTOR ( 'NONE', #1887, 39.37007874015748100 ) ;
#1367 = PLANE ( 'NONE',  #1613 ) ;
#1368 = CARTESIAN_POINT ( 'NONE',  ( -0.1469318449276434100, 0.1600000000000000000, 0.1407500000000000400 ) ) ;
#1369 = VERTEX_POINT ( 'NONE', #3159 ) ;
#1370 = EDGE_CURVE ( 'NONE', #3779, #247, #1561, .T. ) ;
#1371 = AXIS2_PLACEMENT_3D ( 'NONE', #3508, #104, #3476 ) ;
#1372 = CARTESIAN_POINT ( 'NONE',  ( -0.1451100394641186300, 0.1875000000000000600, -0.07874999999999995900 ) ) ;
#1373 = DIRECTION ( 'NONE',  ( 0.0000000000000000000, -0.0000000000000000000, -1.000000000000000000 ) ) ;
#1374 = ORIENTED_EDGE ( 'NONE', *, *, #3558, .F. ) ;
#1375 = LINE ( 'NONE', #3847, #232 ) ;
#1376 = EDGE_CURVE ( 'NONE', #2114, #5393, #1631, .T. ) ;
#1377 = ORIENTED_EDGE ( 'NONE', *, *, #4874, .F. ) ;
#1378 = ORIENTED_EDGE ( 'NONE', *, *, #1961, .F. ) ;
#1379 = DIRECTION ( 'NONE',  ( -0.9978128327999003000, 0.06610257710436372200, -0.0000000000000000000 ) ) ;
#1380 = CARTESIAN_POINT ( 'NONE',  ( -0.1683179463135507900, 0.01115063833466540200, -0.1449999999999999900 ) ) ;
#1381 = ORIENTED_EDGE ( 'NONE', *, *, #3592, .F. ) ;
#1382 = DIRECTION ( 'NONE',  ( -0.9978128327999003000, 0.06610257710436372200, -0.0000000000000000000 ) ) ;
#1383 = CARTESIAN_POINT ( 'NONE',  ( -0.1469318449276434100, 0.1600000000000000000, 0.06287286759728552600 ) ) ;
#1384 = EDGE_CURVE ( 'NONE', #1794, #1670, #4878, .T. ) ;
#1385 = DIRECTION ( 'NONE',  ( -0.0000000000000000000, -0.0000000000000000000, -1.000000000000000000 ) ) ;
#1386 = ORIENTED_EDGE ( 'NONE', *, *, #1839, .T. ) ;
#1387 = CARTESIAN_POINT ( 'NONE',  ( -0.1565848870413174800, 0.1882601796367001900, -0.02124999999999996000 ) ) ;
#1388 = CARTESIAN_POINT ( 'NONE',  ( 0.1274999999999998900, 0.2585000000000000100, -0.07874999999999995900 ) ) ;
#1389 = ADVANCED_FACE ( 'NONE', ( #564 ), #1590, .F. ) ;
#1390 = ORIENTED_EDGE ( 'NONE', *, *, #3281, .T. ) ;
#1391 = VECTOR ( 'NONE', #4946, 39.37007874015748900 ) ;
#1392 = FACE_OUTER_BOUND ( 'NONE', #516, .T. ) ;
#1393 = ORIENTED_EDGE ( 'NONE', *, *, #4676, .F. ) ;
#1394 = ORIENTED_EDGE ( 'NONE', *, *, #4135, .T. ) ;
#1395 = DIRECTION ( 'NONE',  ( -1.000000000000000000, 9.627253440664264800E-015, 0.0000000000000000000 ) ) ;
#1396 = EDGE_CURVE ( 'NONE', #4631, #5275, #2551, .T. ) ;
#1397 = LINE ( 'NONE', #1742, #1201 ) ;
#1398 = PRESENTATION_LAYER_ASSIGNMENT (  '', '', ( #1119 ) ) ;
#1399 = DIRECTION ( 'NONE',  ( 0.0000000000000000000, 0.0000000000000000000, 1.000000000000000000 ) ) ;
#1400 = FACE_OUTER_BOUND ( 'NONE', #4905, .T. ) ;
#1401 = ORIENTED_EDGE ( 'NONE', *, *, #4957, .F. ) ;
#1402 = DIRECTION ( 'NONE',  ( -0.9978128327999003000, 0.06610257710436372200, -0.0000000000000000000 ) ) ;
#1403 = CARTESIAN_POINT ( 'NONE',  ( 0.1274999999999998900, 0.2585000000000000100, 0.1212500000000000400 ) ) ;
#1404 = DIRECTION ( 'NONE',  ( 1.000000000000000000, -9.627253440664264800E-015, 0.0000000000000000000 ) ) ;
#1405 = PRESENTATION_STYLE_ASSIGNMENT (( #4431 ) ) ;
#1406 = EDGE_LOOP ( 'NONE', ( #1381, #4440, #418, #5493 ) ) ;
#1407 = LINE ( 'NONE', #1383, #5260 ) ;
#1408 = EDGE_CURVE ( 'NONE', #3736, #4021, #5221, .T. ) ;
#1409 = ORIENTED_EDGE ( 'NONE', *, *, #2626, .T. ) ;
#1410 = DIMENSIONAL_EXPONENTS ( 1.000000000000000000, 0.0000000000000000000, 0.0000000000000000000, 0.0000000000000000000, 0.0000000000000000000, 0.0000000000000000000, 0.0000000000000000000 ) ;
#1411 = DIRECTION ( 'NONE',  ( 0.0000000000000000000, 1.198178944589589900E-016, -1.000000000000000000 ) ) ;
#1412 = VERTEX_POINT ( 'NONE', #3289 ) ;
#1413 = VECTOR ( 'NONE', #2080, 39.37007874015748900 ) ;
#1414 = DIRECTION ( 'NONE',  ( 0.0000000000000000000, 1.000000000000000000, 0.0000000000000000000 ) ) ;
#1415 = LINE ( 'NONE', #3901, #614 ) ;
#1416 = DIRECTION ( 'NONE',  ( -0.0000000000000000000, 0.0000000000000000000, 1.000000000000000000 ) ) ;
#1417 = ADVANCED_FACE ( 'NONE', ( #901 ), #4106, .F. ) ;
#1418 = VECTOR ( 'NONE', #4163, 39.37007874015748100 ) ;
#1419 = PLANE ( 'NONE',  #2516 ) ;
#1420 = VECTOR ( 'NONE', #304, 39.37007874015748100 ) ;
#1421 = VECTOR ( 'NONE', #2523, 39.37007874015748900 ) ;
#1422 = CARTESIAN_POINT ( 'NONE',  ( -0.1410251524228011700, 0.2491610257710437400, 0.07875000000000004200 ) ) ;
#1423 = DIRECTION ( 'NONE',  ( 0.03299702755569916500, 0.4980873512290799900, 0.8664988094152741300 ) ) ;
#1424 = DIRECTION ( 'NONE',  ( 0.0000000000000000000, 0.0000000000000000000, -1.000000000000000000 ) ) ;
#1425 = ORIENTED_EDGE ( 'NONE', *, *, #3328, .T. ) ;
#1426 = AXIS2_PLACEMENT_3D ( 'NONE', #1979, #308, #292 ) ;
#1427 = LINE ( 'NONE', #1772, #4073 ) ;
#1428 = ORIENTED_EDGE ( 'NONE', *, *, #1723, .F. ) ;
#1429 = ORIENTED_EDGE ( 'NONE', *, *, #4811, .T. ) ;
#1430 = CARTESIAN_POINT ( 'NONE',  ( 0.1469318449276434100, 0.1600000000000000000, -0.03712713240271448000 ) ) ;
#1431 = LINE ( 'NONE', #1240, #2801 ) ;
#1432 = LINE ( 'NONE', #1752, #1171 ) ;
#1433 = EDGE_CURVE ( 'NONE', #4992, #5450, #5087, .T. ) ;
#1434 = MANIFOLD_SOLID_BREP ( 'Pin 7', #4918 ) ;
#1435 = ORIENTED_EDGE ( 'NONE', *, *, #4676, .T. ) ;
#1436 = VECTOR ( 'NONE', #3347, 39.37007874015748900 ) ;
#1437 = CARTESIAN_POINT ( 'NONE',  ( -0.1683179463135507900, 0.01115063833466540200, 0.1787500000000000500 ) ) ;
#1438 = EDGE_CURVE ( 'NONE', #2056, #2695, #2747, .T. ) ;
#1439 = ORIENTED_EDGE ( 'NONE', *, *, #1991, .F. ) ;
#1440 = DIRECTION ( 'NONE',  ( -0.03299702755569924900, 0.4980873512290812100, -0.8664988094152733500 ) ) ;
#1441 =( CONVERSION_BASED_UNIT ( 'INCH', #592 ) LENGTH_UNIT ( ) NAMED_UNIT ( #1410 ) );
#1442 = CARTESIAN_POINT ( 'NONE',  ( -0.1274999999999998900, 0.2585000000000000100, 0.1212500000000000400 ) ) ;
#1443 = ADVANCED_FACE ( 'NONE', ( #775 ), #4969, .T. ) ;
#1444 = CARTESIAN_POINT ( 'NONE',  ( 0.1683179463135507900, 0.01115063833466540200, -0.04499999999999998400 ) ) ;
#1445 = EDGE_CURVE ( 'NONE', #3713, #531, #2488, .T. ) ;
#1446 = ORIENTED_EDGE ( 'NONE', *, *, #4199, .T. ) ;
#1447 = DIRECTION ( 'NONE',  ( 0.04679272426934458900, -0.7063322309492396900, -0.7063322309492347000 ) ) ;
#1448 = DIRECTION ( 'NONE',  ( 1.000000000000000000, -0.0000000000000000000, -0.0000000000000000000 ) ) ;
#1449 = ORIENTED_EDGE ( 'NONE', *, *, #1723, .T. ) ;
#1450 = VECTOR ( 'NONE', #3287, 39.37007874015748100 ) ;
#1451 = DIRECTION ( 'NONE',  ( -0.04679272426934458900, -0.7063322309492396900, -0.7063322309492347000 ) ) ;
#1452 = ORIENTED_EDGE ( 'NONE', *, *, #509, .F. ) ;
#1453 = ORIENTED_EDGE ( 'NONE', *, *, #5033, .F. ) ;
#1454 = DIRECTION ( 'NONE',  ( 0.0000000000000000000, 0.0000000000000000000, -1.000000000000000000 ) ) ;
#1455 = CARTESIAN_POINT ( 'NONE',  ( 0.1568430987363519400, 0.01039045869796522000, 0.1212500000000000400 ) ) ;
#1456 = LINE ( 'NONE', #3900, #1002 ) ;
#1457 = DIRECTION ( 'NONE',  ( -0.04679272426934458900, -0.7063322309492396900, -0.7063322309492347000 ) ) ;
#1458 = VECTOR ( 'NONE', #548, 39.37007874015748100 ) ;
#1459 = EDGE_LOOP ( 'NONE', ( #1162, #2142, #2050, #4834 ) ) ;
#1460 = ORIENTED_EDGE ( 'NONE', *, *, #1802, .T. ) ;
#1461 = DIRECTION ( 'NONE',  ( 0.08682659386424780600, 0.9924325091389671900, 0.08682659386424780600 ) ) ;
#1462 = PLANE ( 'NONE',  #4728 ) ;
#1463 = ORIENTED_EDGE ( 'NONE', *, *, #686, .T. ) ;
#1464 = CLOSED_SHELL ( 'NONE', ( #2653, #3888, #3778, #5011, #297, #3831, #3940, #5489, #4892, #421, #2817, #5308, #4223, #2048, #3525, #4077, #1365, #2332, #3016, #240, #356, #323, #1202, #779 ) ) ;
#1465 = ORIENTED_EDGE ( 'NONE', *, *, #25, .F. ) ;
#1466 = ADVANCED_FACE ( 'NONE', ( #2482 ), #2872, .F. ) ;
#1467 = EDGE_CURVE ( 'NONE', #3991, #4167, #645, .T. ) ;
#1468 = AXIS2_PLACEMENT_3D ( 'NONE', #5315, #2366, #3244 ) ;
#1469 = DIRECTION ( 'NONE',  ( 0.06610257710436372200, 0.9978128327999003000, 0.0000000000000000000 ) ) ;
#1470 = ORIENTED_EDGE ( 'NONE', *, *, #5430, .T. ) ;
#1471 = LINE ( 'NONE', #3327, #1413 ) ;
#1472 = ORIENTED_EDGE ( 'NONE', *, *, #3210, .T. ) ;
#1473 = DIRECTION ( 'NONE',  ( 0.0000000000000000000, 0.0000000000000000000, 1.000000000000000000 ) ) ;
#1474 = CARTESIAN_POINT ( 'NONE',  ( 0.1585251524228011300, -0.01499999999999983600, 0.1550000000000000300 ) ) ;
#1475 = LINE ( 'NONE', #4888, #5271 ) ;
#1476 = CARTESIAN_POINT ( 'NONE',  ( 0.1555634906104184600, 0.02970603556262510100, 0.2123523878444152400 ) ) ;
#1477 = EDGE_CURVE ( 'NONE', #144, #1654, #5294, .T. ) ;
#1478 = VECTOR ( 'NONE', #644, 39.37007874015748100 ) ;
#1479 = CARTESIAN_POINT ( 'NONE',  ( -0.1683179463135507900, 0.01115063833466540600, -0.04075000000000000100 ) ) ;
#1480 = VECTOR ( 'NONE', #2548, 39.37007874015748100 ) ;
#1481 = CARTESIAN_POINT ( 'NONE',  ( 0.1310470240948020700, 0.2585000000000000100, 0.02125000000000004700 ) ) ;
#1482 = FACE_OUTER_BOUND ( 'NONE', #5172, .T. ) ;
#1483 = EDGE_CURVE ( 'NONE', #747, #3437, #3748, .T. ) ;
#1484 = DIRECTION ( 'NONE',  ( 0.06610257710436372200, -0.9978128327999003000, 0.0000000000000000000 ) ) ;
#1485 = DIRECTION ( 'NONE',  ( 0.05727780436021247300, 0.8646036316403947800, 0.4991791394699038300 ) ) ;
#1486 = ORIENTED_EDGE ( 'NONE', *, *, #2634, .T. ) ;
#1487 = CIRCLE ( 'NONE', #2308, 0.009999999999999979400 ) ;
#1488 = CARTESIAN_POINT ( 'NONE',  ( 0.1575314403517876200, 8.110173731190781100E-017, -0.1407500000000000100 ) ) ;
#1489 = DIRECTION ( 'NONE',  ( -1.000000000000000000, 0.0000000000000000000, 0.0000000000000000000 ) ) ;
#1490 = AXIS2_PLACEMENT_3D ( 'NONE', #1974, #2813, #4953 ) ;
#1491 = EDGE_LOOP ( 'NONE', ( #117, #2253, #2331, #1675 ) ) ;
#1492 = CIRCLE ( 'NONE', #5376, 0.009999999999999962000 ) ;
#1493 = CARTESIAN_POINT ( 'NONE',  ( -0.1692878396824403200, -0.003489820363299725200, 0.04500000000000003300 ) ) ;
#1494 = ORIENTED_EDGE ( 'NONE', *, *, #2851, .T. ) ;
#1495 = EDGE_CURVE ( 'NONE', #590, #4161, #4890, .T. ) ;
#1496 = ADVANCED_FACE ( 'NONE', ( #369 ), #5477, .T. ) ;
#1497 = LINE ( 'NONE', #2908, #3357 ) ;
#1498 = ORIENTED_EDGE ( 'NONE', *, *, #1839, .F. ) ;
#1499 = CARTESIAN_POINT ( 'NONE',  ( 0.1310470240948021800, 0.2485000000000000300, 0.07875000000000004200 ) ) ;
#1500 = VERTEX_POINT ( 'NONE', #1553 ) ;
#1501 = EDGE_CURVE ( 'NONE', #1139, #4569, #1497, .T. ) ;
#1502 = AXIS2_PLACEMENT_3D ( 'NONE', #3410, #3376, #902 ) ;
#1503 = ORIENTED_EDGE ( 'NONE', *, *, #5000, .T. ) ;
#1504 = PLANE ( 'NONE',  #2105 ) ;
#1505 = DIRECTION ( 'NONE',  ( 0.9978128327999003000, -0.06610257710436372200, 0.0000000000000000000 ) ) ;
#1506 = CARTESIAN_POINT ( 'NONE',  ( -0.1310470240948021800, 0.2485000000000000300, 0.07875000000000004200 ) ) ;
#1507 = ORIENTED_EDGE ( 'NONE', *, *, #3893, .F. ) ;
#1508 = EDGE_CURVE ( 'NONE', #3908, #4781, #85, .T. ) ;
#1509 = PLANE ( 'NONE',  #5240 ) ;
#1510 = ORIENTED_EDGE ( 'NONE', *, *, #3276, .T. ) ;
#1511 = ORIENTED_EDGE ( 'NONE', *, *, #1117, .T. ) ;
#1512 = CARTESIAN_POINT ( 'NONE',  ( 0.1310470240948021800, 0.2699999999999999600, -0.02124999999999996000 ) ) ;
#1513 = ADVANCED_FACE ( 'NONE', ( #4017 ), #1633, .T. ) ;
#1514 = CARTESIAN_POINT ( 'NONE',  ( -0.1565420173799203800, 0.01493525640970793700, -0.1258147435902922700 ) ) ;
#1515 = LINE ( 'NONE', #2927, #3038 ) ;
#1516 = DIRECTION ( 'NONE',  ( 0.06610257710436372200, -0.9978128327999003000, 0.0000000000000000000 ) ) ;
#1517 = FACE_OUTER_BOUND ( 'NONE', #3463, .T. ) ;
#1518 = ORIENTED_EDGE ( 'NONE', *, *, #5026, .F. ) ;
#1519 = EDGE_LOOP ( 'NONE', ( #193, #1895, #2390, #341 ) ) ;
#1520 = AXIS2_PLACEMENT_3D ( 'NONE', #492, #897, #2201 ) ;
#1521 = PLANE ( 'NONE',  #619 ) ;
#1522 = CARTESIAN_POINT ( 'NONE',  ( 0.1683179463135507900, 0.01115063833466540600, -0.1407500000000000100 ) ) ;
#1523 = VECTOR ( 'NONE', #4458, 39.37007874015748900 ) ;
#1524 = DIRECTION ( 'NONE',  ( 0.0000000000000000000, 0.08715574274765837400, 0.9961946980917455500 ) ) ;
#1525 = ORIENTED_EDGE ( 'NONE', *, *, #2312, .F. ) ;
#1526 = EDGE_LOOP ( 'NONE', ( #3808, #665, #4829, #4839 ) ) ;
#1527 = ORIENTED_EDGE ( 'NONE', *, *, #3567, .F. ) ;
#1528 = DIRECTION ( 'NONE',  ( 0.06610257710436372200, 0.9978128327999003000, 1.195558326902133200E-016 ) ) ;
#1529 = EDGE_CURVE ( 'NONE', #2307, #3585, #4470, .T. ) ;
#1530 = LINE ( 'NONE', #5289, #4511 ) ;
#1531 = AXIS2_PLACEMENT_3D ( 'NONE', #2880, #373, #3342 ) ;
#1532 =( CONVERSION_BASED_UNIT ( 'INCH', #151 ) LENGTH_UNIT ( ) NAMED_UNIT ( #5340 ) );
#1533 = ORIENTED_EDGE ( 'NONE', *, *, #5305, .F. ) ;
#1534 = LINE ( 'NONE', #3116, #5326 ) ;
#1535 = DIRECTION ( 'NONE',  ( 0.0000000000000000000, 0.0000000000000000000, 1.000000000000000000 ) ) ;
#1536 = EDGE_LOOP ( 'NONE', ( #412, #4217, #2464, #197 ) ) ;
#1537 = PLANE ( 'NONE',  #5436 ) ;
#1538 = VECTOR ( 'NONE', #5398, 39.37007874015748100 ) ;
#1539 = ORIENTED_EDGE ( 'NONE', *, *, #5430, .F. ) ;
#1540 = LINE ( 'NONE', #2417, #4859 ) ;
#1541 = EDGE_CURVE ( 'NONE', #3611, #2476, #229, .T. ) ;
#1542 = AXIS2_PLACEMENT_3D ( 'NONE', #200, #1068, #566 ) ;
#1543 = LINE ( 'NONE', #4084, #3135 ) ;
#1544 = VECTOR ( 'NONE', #3696, 39.37007874015748900 ) ;
#1545 = CARTESIAN_POINT ( 'NONE',  ( -0.1699999999999999800, -0.01423982036329964400, -0.05499999999999997900 ) ) ;
#1546 = DIRECTION ( 'NONE',  ( -1.000000000000000000, 9.627253440664264800E-015, 0.0000000000000000000 ) ) ;
#1547 = DIRECTION ( 'NONE',  ( -1.000000000000000000, -9.627253440664264800E-015, -0.0000000000000000000 ) ) ;
#1548 = PLANE ( 'NONE',  #1844 ) ;
#1549 = EDGE_CURVE ( 'NONE', #4450, #154, #3889, .T. ) ;
#1550 = FACE_OUTER_BOUND ( 'NONE', #3917, .T. ) ;
#1551 = ORIENTED_EDGE ( 'NONE', *, *, #572, .T. ) ;
#1552 = DIRECTION ( 'NONE',  ( -0.0000000000000000000, -0.0000000000000000000, -1.000000000000000000 ) ) ;
#1553 = CARTESIAN_POINT ( 'NONE',  ( 0.1699999999999999800, -0.01423982036329964400, 0.04500000000000003300 ) ) ;
#1554 = ORIENTED_EDGE ( 'NONE', *, *, #3133, .T. ) ;
#1555 = FACE_OUTER_BOUND ( 'NONE', #1362, .T. ) ;
#1556 = CARTESIAN_POINT ( 'NONE',  ( -2.488645014411724400E-015, 0.2585000000000012300, 0.1587500000000000000 ) ) ;
#1557 = LINE ( 'NONE', #4805, #1694 ) ;
#1558 = DIRECTION ( 'NONE',  ( -0.05727780436021254200, -0.8646036316403955500, 0.4991791394699025600 ) ) ;
#1559 = ORIENTED_EDGE ( 'NONE', *, *, #1541, .F. ) ;
#1560 = PLANE ( 'NONE',  #3497 ) ;
#1561 = LINE ( 'NONE', #182, #839 ) ;
#1562 = FACE_OUTER_BOUND ( 'NONE', #4490, .T. ) ;
#1563 = CARTESIAN_POINT ( 'NONE',  ( -0.1584066925048422700, 0.1607601796367002200, 0.06287286759728552600 ) ) ;
#1564 = CYLINDRICAL_SURFACE ( 'NONE', #3686, 0.009999999999999979400 ) ;
#1565 = CARTESIAN_POINT ( 'NONE',  ( 0.1584424619161284900, -0.01375179376776140100, -0.1454982062322385300 ) ) ;
#1566 = ORIENTED_EDGE ( 'NONE', *, *, #2567, .F. ) ;
#1567 = DIRECTION ( 'NONE',  ( -9.627253440664264800E-015, -1.000000000000000000, 0.0000000000000000000 ) ) ;
#1568 = DIRECTION ( 'NONE',  ( -0.9978128327999003000, -0.06610257710436372200, 0.0000000000000000000 ) ) ;
#1569 = CARTESIAN_POINT ( 'NONE',  ( 0.1274999999999998900, 0.2585000000000000100, -0.02124999999999996000 ) ) ;
#1570 = DIRECTION ( 'NONE',  ( 0.05727780436021247300, 0.8646036316403947800, 0.4991791394699037800 ) ) ;
#1571 = EDGE_LOOP ( 'NONE', ( #743, #2755, #3093, #3459 ) ) ;
#1572 = VECTOR ( 'NONE', #1385, 39.37007874015748100 ) ;
#1573 =( LENGTH_UNIT ( ) NAMED_UNIT ( * ) SI_UNIT ( $, .METRE. ) );
#1574 =( NAMED_UNIT ( * ) PLANE_ANGLE_UNIT ( ) SI_UNIT ( $, .RADIAN. ) );
#1575 = EDGE_CURVE ( 'NONE', #3172, #2639, #4345, .T. ) ;
#1576 = VERTEX_POINT ( 'NONE', #1260 ) ;
#1577 = CARTESIAN_POINT ( 'NONE',  ( 0.1212883048896593900, 0.1875000000000000300, 0.1800383048896593600 ) ) ;
#1578 = ADVANCED_FACE ( 'NONE', ( #2674 ), #868, .F. ) ;
#1579 = ORIENTED_EDGE ( 'NONE', *, *, #3664, .T. ) ;
#1580 = DIRECTION ( 'NONE',  ( -0.06610257710436373600, -0.9978128327999003000, 0.0000000000000000000 ) ) ;
#1581 = CARTESIAN_POINT ( 'NONE',  ( 0.1690394116646869200, 0.0002601796367002927800, -0.1587500000000000000 ) ) ;
#1582 = VERTEX_POINT ( 'NONE', #4588 ) ;
#1583 = ORIENTED_EDGE ( 'NONE', *, *, #2605, .T. ) ;
#1584 = EDGE_CURVE ( 'NONE', #2056, #3759, #5223, .T. ) ;
#1585 = DIRECTION ( 'NONE',  ( 0.0000000000000000000, -0.0000000000000000000, -1.000000000000000000 ) ) ;
#1586 = ADVANCED_FACE ( 'NONE', ( #3750 ), #1564, .F. ) ;
#1587 = EDGE_LOOP ( 'NONE', ( #2453, #2231, #1941, #4876 ) ) ;
#1588 = VECTOR ( 'NONE', #279, 39.37007874015747400 ) ;
#1589 = VECTOR ( 'NONE', #673, 39.37007874015748100 ) ;
#1590 = PLANE ( 'NONE',  #674 ) ;
#1591 = ORIENTED_EDGE ( 'NONE', *, *, #3161, .T. ) ;
#1592 =( LENGTH_UNIT ( ) NAMED_UNIT ( * ) SI_UNIT ( $, .METRE. ) );
#1593 = VECTOR ( 'NONE', #1779, 39.37007874015748900 ) ;
#1594 = LINE ( 'NONE', #1807, #4506 ) ;
#1595 = ORIENTED_EDGE ( 'NONE', *, *, #4562, .T. ) ;
#1596 = VERTEX_POINT ( 'NONE', #2528 ) ;
#1597 = DIRECTION ( 'NONE',  ( 1.000000000000000000, 1.588283717246666400E-015, 0.0000000000000000000 ) ) ;
#1598 = LINE ( 'NONE', #3829, #2585 ) ;
#1599 = PLANE ( 'NONE',  #307 ) ;
#1600 = AXIS2_PLACEMENT_3D ( 'NONE', #4791, #5243, #2243 ) ;
#1601 = EDGE_LOOP ( 'NONE', ( #1275, #5257, #4745, #111 ) ) ;
#1602 = ORIENTED_EDGE ( 'NONE', *, *, #1477, .F. ) ;
#1603 = VERTEX_POINT ( 'NONE', #793 ) ;
#1604 = ORIENTED_EDGE ( 'NONE', *, *, #291, .T. ) ;
#1605 = CARTESIAN_POINT ( 'NONE',  ( 0.1469318449276434100, 0.1600000000000000000, 0.1371271324027145100 ) ) ;
#1606 = LINE ( 'NONE', #3002, #1136 ) ;
#1607 = DIRECTION ( 'NONE',  ( 0.04679272426934458900, -0.7063322309492396900, -0.7063322309492347000 ) ) ;
#1608 = DIRECTION ( 'NONE',  ( 0.06610257710436372200, 0.9978128327999003000, 0.0000000000000000000 ) ) ;
#1609 = ORIENTED_EDGE ( 'NONE', *, *, #880, .T. ) ;
#1610 = VECTOR ( 'NONE', #2808, 39.37007874015748100 ) ;
#1611 = ORIENTED_EDGE ( 'NONE', *, *, #4199, .F. ) ;
#1612 = EDGE_CURVE ( 'NONE', #1870, #4540, #4081, .T. ) ;
#1613 = AXIS2_PLACEMENT_3D ( 'NONE', #3413, #496, #3033 ) ;
#1614 = DIRECTION ( 'NONE',  ( 0.06610257710436372200, -0.9978128327999003000, -1.195558326902133200E-016 ) ) ;
#1615 = CARTESIAN_POINT ( 'NONE',  ( -0.1451100394641186300, 0.1874999999999999700, 0.07875000000000004200 ) ) ;
#1616 = DIRECTION ( 'NONE',  ( -0.0000000000000000000, -0.0000000000000000000, -1.000000000000000000 ) ) ;
#1617 = ORIENTED_EDGE ( 'NONE', *, *, #3605, .T. ) ;
#1618 = FACE_OUTER_BOUND ( 'NONE', #4729, .T. ) ;
#1619 = ADVANCED_FACE ( 'NONE', ( #5355 ), #5063, .F. ) ;
#1620 = CARTESIAN_POINT ( 'NONE',  ( 0.1565420173799203800, 0.01493525640970793700, 0.1741852564097077500 ) ) ;
#1621 = CIRCLE ( 'NONE', #3097, 0.009999999999999979400 ) ;
#1622 = EDGE_CURVE ( 'NONE', #247, #457, #3880, .T. ) ;
#1623 = CARTESIAN_POINT ( 'NONE',  ( 0.1310470240948021800, 0.2699999999999999600, -0.07874999999999995900 ) ) ;
#1624 = DIRECTION ( 'NONE',  ( -1.000000000000000000, 0.0000000000000000000, -0.0000000000000000000 ) ) ;
#1625 = VECTOR ( 'NONE', #285, 39.37007874015748900 ) ;
#1626 = CARTESIAN_POINT ( 'NONE',  ( 0.1683179463135507900, 0.01115063833466540200, 0.05500000000000002800 ) ) ;
#1627 = DIRECTION ( 'NONE',  ( -0.0000000000000000000, -0.0000000000000000000, -1.000000000000000000 ) ) ;
#1628 = EDGE_CURVE ( 'NONE', #545, #4236, #153, .T. ) ;
#1629 = DIRECTION ( 'NONE',  ( -0.9978128327999003000, 0.06610257710436372200, -0.0000000000000000000 ) ) ;
#1630 = EDGE_LOOP ( 'NONE', ( #3424, #4394, #4272, #3936 ) ) ;
#1631 = CIRCLE ( 'NONE', #5123, 0.02149999999999997700 ) ;
#1632 = LINE ( 'NONE', #4116, #5222 ) ;
#1633 = PLANE ( 'NONE',  #88 ) ;
#1634 = DIRECTION ( 'NONE',  ( 1.000000000000000000, -9.627253440664264800E-015, -0.0000000000000000000 ) ) ;
#1635 = ORIENTED_EDGE ( 'NONE', *, *, #3990, .F. ) ;
#1636 = CARTESIAN_POINT ( 'NONE',  ( -0.1568430987363519400, 0.01039045869796522000, 0.05925000000000000400 ) ) ;
#1637 = CARTESIAN_POINT ( 'NONE',  ( -0.1275000000000000000, 0.2700000000000000200, -0.1587500000000000000 ) ) ;
#1638 = AXIS2_PLACEMENT_3D ( 'NONE', #4287, #4723, #3387 ) ;
#1639 = VERTEX_POINT ( 'NONE', #383 ) ;
#1640 = DIRECTION ( 'NONE',  ( -0.9961946980917455500, -0.08715574274765837400, 0.0000000000000000000 ) ) ;
#1641 = ORIENTED_EDGE ( 'NONE', *, *, #1215, .F. ) ;
#1642 = DIRECTION ( 'NONE',  ( 0.0000000000000000000, 0.0000000000000000000, -1.000000000000000000 ) ) ;
#1643 = ADVANCED_FACE ( 'NONE', ( #4542 ), #2472, .F. ) ;
#1644 = CARTESIAN_POINT ( 'NONE',  ( 0.1578129921052414400, -0.004249999999999923100, -0.04499999999999998400 ) ) ;
#1645 = EDGE_CURVE ( 'NONE', #4656, #1009, #221, .T. ) ;
#1646 = CARTESIAN_POINT ( 'NONE',  ( 0.1568430987363519400, 0.01039045869796522000, -0.1587500000000000000 ) ) ;
#1647 = AXIS2_PLACEMENT_3D ( 'NONE', #2402, #758, #5420 ) ;
#1648 = CARTESIAN_POINT ( 'NONE',  ( 0.1410251524228011700, 0.2491610257710437400, -0.1587500000000000000 ) ) ;
#1649 = VERTEX_POINT ( 'NONE', #3021 ) ;
#1650 = DIRECTION ( 'NONE',  ( 0.0000000000000000000, 0.0000000000000000000, 1.000000000000000000 ) ) ;
#1651 = EDGE_CURVE ( 'NONE', #3645, #2502, #4341, .T. ) ;
#1652 = LINE ( 'NONE', #1052, #5037 ) ;
#1653 = ORIENTED_EDGE ( 'NONE', *, *, #637, .F. ) ;
#1654 = VERTEX_POINT ( 'NONE', #2563 ) ;
#1655 = ORIENTED_EDGE ( 'NONE', *, *, #5216, .F. ) ;
#1656 = EDGE_CURVE ( 'NONE', #1704, #405, #5, .T. ) ;
#1657 = PLANE ( 'NONE',  #4063 ) ;
#1658 = FACE_OUTER_BOUND ( 'NONE', #5013, .T. ) ;
#1659 = DIRECTION ( 'NONE',  ( -0.0000000000000000000, -1.198178944589589900E-016, 1.000000000000000000 ) ) ;
#1660 = SURFACE_STYLE_FILL_AREA ( #4208 ) ;
#1661 = CARTESIAN_POINT ( 'NONE',  ( 0.1575645640874880600, -0.0004999999999999363700, 0.1587499999999999700 ) ) ;
#1662 = DIRECTION ( 'NONE',  ( 0.04679272426934444300, -0.7063322309492374700, 0.7063322309492369200 ) ) ;
#1663 = VERTEX_POINT ( 'NONE', #1372 ) ;
#1664 = ORIENTED_EDGE ( 'NONE', *, *, #2983, .F. ) ;
#1665 = VECTOR ( 'NONE', #2885, 39.37007874015748100 ) ;
#1666 = LINE ( 'NONE', #1626, #2638 ) ;
#1667 = DIRECTION ( 'NONE',  ( 0.0000000000000000000, 0.0000000000000000000, 1.000000000000000000 ) ) ;
#1668 = ORIENTED_EDGE ( 'NONE', *, *, #2736, .F. ) ;
#1669 = ORIENTED_EDGE ( 'NONE', *, *, #5237, .T. ) ;
#1670 = VERTEX_POINT ( 'NONE', #1791 ) ;
#1671 = CARTESIAN_POINT ( 'NONE',  ( 0.1584066925048422700, 0.1607601796367002200, 0.03712713240271451500 ) ) ;
#1672 = EDGE_CURVE ( 'NONE', #187, #1596, #76, .T. ) ;
#1673 = ADVANCED_FACE ( 'NONE', ( #148 ), #4684, .F. ) ;
#1674 = ORIENTED_EDGE ( 'NONE', *, *, #3956, .F. ) ;
#1675 = ORIENTED_EDGE ( 'NONE', *, *, #1733, .F. ) ;
#1676 = ORIENTED_EDGE ( 'NONE', *, *, #2692, .T. ) ;
#1677 = CARTESIAN_POINT ( 'NONE',  ( -0.1575314403517876200, 8.110173731190781100E-017, -0.04075000000000000100 ) ) ;
#1678 = DIRECTION ( 'NONE',  ( -0.0000000000000000000, 0.0000000000000000000, 1.000000000000000000 ) ) ;
#1679 = LINE ( 'NONE', #5036, #2924 ) ;
#1680 = AXIS2_PLACEMENT_3D ( 'NONE', #3364, #831, #2097 ) ;
#1681 = ORIENTED_EDGE ( 'NONE', *, *, #4160, .F. ) ;
#1682 = FACE_OUTER_BOUND ( 'NONE', #4016, .T. ) ;
#1683 = DIRECTION ( 'NONE',  ( 0.0000000000000000000, -0.0000000000000000000, -1.000000000000000000 ) ) ;
#1684 = LINE ( 'NONE', #625, #131 ) ;
#1685 = EDGE_CURVE ( 'NONE', #2476, #3843, #163, .T. ) ;
#1686 =( GEOMETRIC_REPRESENTATION_CONTEXT ( 3 ) GLOBAL_UNCERTAINTY_ASSIGNED_CONTEXT ( ( #2166 ) ) GLOBAL_UNIT_ASSIGNED_CONTEXT ( ( #4065, #3634, #5270 ) ) REPRESENTATION_CONTEXT ( 'NONE', 'WORKASPACE' ) );
#1687 = DIRECTION ( 'NONE',  ( -1.000000000000000000, 9.627253440664264800E-015, 0.0000000000000000000 ) ) ;
#1688 = DIRECTION ( 'NONE',  ( -0.06610257710436372200, -0.9978128327999003000, -0.0000000000000000000 ) ) ;
#1689 = DIRECTION ( 'NONE',  ( -0.06610257710436372200, 0.9978128327999003000, 1.064794134897212500E-016 ) ) ;
#1690 = PLANE ( 'NONE',  #4974 ) ;
#1691 = ORIENTED_EDGE ( 'NONE', *, *, #3054, .F. ) ;
#1692 = ORIENTED_EDGE ( 'NONE', *, *, #2876, .F. ) ;
#1693 = EDGE_CURVE ( 'NONE', #2627, #3515, #574, .T. ) ;
#1694 = VECTOR ( 'NONE', #3028, 39.37007874015748100 ) ;
#1695 = DIRECTION ( 'NONE',  ( 0.9978128327999003000, 0.06610257710436372200, -0.0000000000000000000 ) ) ;
#1696 = DIRECTION ( 'NONE',  ( -0.05727780436021247300, 0.8646036316403947800, 0.4991791394699037800 ) ) ;
#1697 = ORIENTED_EDGE ( 'NONE', *, *, #3167, .F. ) ;
#1698 = VECTOR ( 'NONE', #4503, 39.37007874015748900 ) ;
#1699 = PLANE ( 'NONE',  #3212 ) ;
#1700 = ADVANCED_FACE ( 'NONE', ( #1900 ), #945, .F. ) ;
#1701 = FACE_OUTER_BOUND ( 'NONE', #3971, .T. ) ;
#1702 = CARTESIAN_POINT ( 'NONE',  ( -0.1274999999999998900, 0.2585000000000000100, 0.1587500000000000000 ) ) ;
#1703 = DIRECTION ( 'NONE',  ( 0.0000000000000000000, -0.0000000000000000000, -1.000000000000000000 ) ) ;
#1704 = VERTEX_POINT ( 'NONE', #3898 ) ;
#1705 = DIRECTION ( 'NONE',  ( 1.000000000000000000, 0.0000000000000000000, 0.0000000000000000000 ) ) ;
#1706 = DIRECTION ( 'NONE',  ( -0.0000000000000000000, 0.0000000000000000000, 1.000000000000000000 ) ) ;
#1707 = CARTESIAN_POINT ( 'NONE',  ( 0.1555634906104184600, 0.02970603556262510100, 0.01235238784441522800 ) ) ;
#1708 = ORIENTED_EDGE ( 'NONE', *, *, #379, .F. ) ;
#1709 = VECTOR ( 'NONE', #141, 39.37007874015748100 ) ;
#1710 = DIRECTION ( 'NONE',  ( -1.000000000000000000, -9.627253440664264800E-015, 0.0000000000000000000 ) ) ;
#1711 = ORIENTED_EDGE ( 'NONE', *, *, #1376, .T. ) ;
#1712 = ORIENTED_EDGE ( 'NONE', *, *, #4705, .T. ) ;
#1713 = DIRECTION ( 'NONE',  ( 0.0000000000000000000, 0.0000000000000000000, 1.000000000000000000 ) ) ;
#1714 = EDGE_CURVE ( 'NONE', #4387, #3107, #769, .T. ) ;
#1715 = VERTEX_POINT ( 'NONE', #4738 ) ;
#1716 = EDGE_LOOP ( 'NONE', ( #992, #2345, #465, #1507 ) ) ;
#1717 =( GEOMETRIC_REPRESENTATION_CONTEXT ( 3 ) GLOBAL_UNCERTAINTY_ASSIGNED_CONTEXT ( ( #451 ) ) GLOBAL_UNIT_ASSIGNED_CONTEXT ( ( #705, #1574, #5327 ) ) REPRESENTATION_CONTEXT ( 'NONE', 'WORKASPACE' ) );
#1718 = CARTESIAN_POINT ( 'NONE',  ( -0.1584424619161284900, -0.01375179376776140100, 0.1545017937677614600 ) ) ;
#1719 = DIRECTION ( 'NONE',  ( -0.0000000000000000000, 0.0000000000000000000, 1.000000000000000000 ) ) ;
#1720 = ORIENTED_EDGE ( 'NONE', *, *, #4324, .F. ) ;
#1721 = CARTESIAN_POINT ( 'NONE',  ( 0.1410251524228011700, 0.2491610257710437400, 0.07875000000000004200 ) ) ;
#1722 = PLANE ( 'NONE',  #5265 ) ;
#1723 = EDGE_CURVE ( 'NONE', #1789, #2364, #971, .T. ) ;
#1724 = LINE ( 'NONE', #2852, #1450 ) ;
#1725 = ADVANCED_FACE ( 'NONE', ( #1835 ), #2192, .F. ) ;
#1726 = CIRCLE ( 'NONE', #952, 0.03750000000000001200 ) ;
#1727 = ORIENTED_EDGE ( 'NONE', *, *, #3105, .F. ) ;
#1728 = VERTEX_POINT ( 'NONE', #1778 ) ;
#1729 = CARTESIAN_POINT ( 'NONE',  ( -2.488645014411724400E-015, 0.2585000000000012300, -0.1587500000000000000 ) ) ;
#1730 = VECTOR ( 'NONE', #2193, 39.37007874015748900 ) ;
#1731 = CARTESIAN_POINT ( 'NONE',  ( -0.1578129921052414400, -0.004249999999999901400, 0.04500000000000003300 ) ) ;
#1732 = FACE_OUTER_BOUND ( 'NONE', #2462, .T. ) ;
#1733 = EDGE_CURVE ( 'NONE', #1219, #1369, #504, .T. ) ;
#1734 = ORIENTED_EDGE ( 'NONE', *, *, #417, .F. ) ;
#1735 = ORIENTED_EDGE ( 'NONE', *, *, #3692, .F. ) ;
#1736 = CARTESIAN_POINT ( 'NONE',  ( -0.1410251524228011700, 0.2491610257710437400, -0.02124999999999996000 ) ) ;
#1737 = VECTOR ( 'NONE', #2506, 39.37007874015748100 ) ;
#1738 = DIRECTION ( 'NONE',  ( -1.000000000000000000, 0.0000000000000000000, 0.0000000000000000000 ) ) ;
#1739 = ORIENTED_EDGE ( 'NONE', *, *, #2758, .T. ) ;
#1740 = ORIENTED_EDGE ( 'NONE', *, *, #515, .F. ) ;
#1741 = DIRECTION ( 'NONE',  ( -0.0000000000000000000, -0.0000000000000000000, -1.000000000000000000 ) ) ;
#1742 = CARTESIAN_POINT ( 'NONE',  ( 0.1578129921052414400, -0.004249999999999901400, -0.1550000000000000000 ) ) ;
#1743 = LINE ( 'NONE', #3325, #5130 ) ;
#1744 = DIRECTION ( 'NONE',  ( 0.0000000000000000000, 0.0000000000000000000, -1.000000000000000000 ) ) ;
#1745 = SURFACE_SIDE_STYLE ('',( #1758 ) ) ;
#1746 = EDGE_LOOP ( 'NONE', ( #5307, #133, #1766, #5449 ) ) ;
#1747 = VECTOR ( 'NONE', #3248, 39.37007874015748900 ) ;
#1748 = ORIENTED_EDGE ( 'NONE', *, *, #3670, .T. ) ;
#1749 = LINE ( 'NONE', #4010, #3660 ) ;
#1750 = ORIENTED_EDGE ( 'NONE', *, *, #2659, .F. ) ;
#1751 = VECTOR ( 'NONE', #2649, 39.37007874015747400 ) ;
#1752 = CARTESIAN_POINT ( 'NONE',  ( 0.1469318449276434100, 0.1600000000000000000, -0.06287286759728549800 ) ) ;
#1753 = EDGE_CURVE ( 'NONE', #397, #2040, #1375, .T. ) ;
#1754 =( GEOMETRIC_REPRESENTATION_CONTEXT ( 3 ) GLOBAL_UNCERTAINTY_ASSIGNED_CONTEXT ( ( #963 ) ) GLOBAL_UNIT_ASSIGNED_CONTEXT ( ( #4249, #1259, #3378 ) ) REPRESENTATION_CONTEXT ( 'NONE', 'WORKASPACE' ) );
#1755 = VECTOR ( 'NONE', #3869, 39.37007874015748900 ) ;
#1756 = DIRECTION ( 'NONE',  ( -0.0000000000000000000, -0.0000000000000000000, -1.000000000000000000 ) ) ;
#1757 = ADVANCED_FACE ( 'NONE', ( #4754 ), #5170, .T. ) ;
#1758 = SURFACE_STYLE_FILL_AREA ( #2583 ) ;
#1759 = CARTESIAN_POINT ( 'NONE',  ( 2.488645014411724400E-015, 0.2585000000000012300, 0.07875000000000004200 ) ) ;
#1760 = DIRECTION ( 'NONE',  ( -0.0000000000000000000, -0.0000000000000000000, -1.000000000000000000 ) ) ;
#1761 = EDGE_CURVE ( 'NONE', #4660, #861, #94, .T. ) ;
#1762 = AXIS2_PLACEMENT_3D ( 'NONE', #3219, #3623, #3200 ) ;
#1763 = CARTESIAN_POINT ( 'NONE',  ( -0.1275000000000000000, 0.2700000000000000200, 0.1787500000000000500 ) ) ;
#1764 = PRODUCT_DEFINITION_CONTEXT ( 'detailed design', #2957, 'design' ) ;
#1765 = DIRECTION ( 'NONE',  ( 0.06610257710436373600, -0.9978128327999003000, 0.0000000000000000000 ) ) ;
#1766 = ORIENTED_EDGE ( 'NONE', *, *, #3628, .F. ) ;
#1767 = DIRECTION ( 'NONE',  ( -0.06610257710436372200, 0.9978128327999003000, 0.0000000000000000000 ) ) ;
#1768 = FACE_OUTER_BOUND ( 'NONE', #4256, .T. ) ;
#1769 = VECTOR ( 'NONE', #1121, 39.37007874015748900 ) ;
#1770 = EDGE_CURVE ( 'NONE', #3416, #2684, #2162, .T. ) ;
#1771 = ORIENTED_EDGE ( 'NONE', *, *, #2172, .F. ) ;
#1772 = CARTESIAN_POINT ( 'NONE',  ( 0.1578129921052414400, -0.004249999999999923100, -0.1449999999999999900 ) ) ;
#1773 = ORIENTED_EDGE ( 'NONE', *, *, #3558, .T. ) ;
#1774 = DIRECTION ( 'NONE',  ( -0.04669038075761903400, -0.7047873642613292600, 0.7078804839252718100 ) ) ;
#1775 = DIRECTION ( 'NONE',  ( -0.0000000000000000000, 0.0000000000000000000, 1.000000000000000000 ) ) ;
#1776 = EDGE_CURVE ( 'NONE', #5312, #5250, #2956, .T. ) ;
#1777 = VERTEX_POINT ( 'NONE', #3100 ) ;
#1778 = CARTESIAN_POINT ( 'NONE',  ( 0.1578129921052414400, -0.004249999999999901400, -0.1550000000000000000 ) ) ;
#1779 = DIRECTION ( 'NONE',  ( -0.9978128327999003000, 0.06610257710436372200, -0.0000000000000000000 ) ) ;
#1780 = DIRECTION ( 'NONE',  ( 0.0000000000000000000, -0.0000000000000000000, -1.000000000000000000 ) ) ;
#1781 = ADVANCED_FACE ( 'NONE', ( #1897 ), #4346, .T. ) ;
#1782 = VERTEX_POINT ( 'NONE', #3548 ) ;
#1783 = AXIS2_PLACEMENT_3D ( 'NONE', #1033, #158, #3098 ) ;
#1784 = DIRECTION ( 'NONE',  ( -0.0000000000000000000, -0.0000000000000000000, -1.000000000000000000 ) ) ;
#1785 = ORIENTED_EDGE ( 'NONE', *, *, #4633, .F. ) ;
#1786 = DIRECTION ( 'NONE',  ( 0.0000000000000000000, -0.08715574274765837400, -0.9961946980917455500 ) ) ;
#1787 = EDGE_CURVE ( 'NONE', #2982, #102, #2812, .T. ) ;
#1788 = CARTESIAN_POINT ( 'NONE',  ( -0.1692878396824403200, -0.003489820363299746400, 0.05500000000000002800 ) ) ;
#1789 = VERTEX_POINT ( 'NONE', #3532 ) ;
#1790 = VECTOR ( 'NONE', #710, 39.37007874015748100 ) ;
#1791 = CARTESIAN_POINT ( 'NONE',  ( 0.1275000000000000000, 0.2700000000000000200, 0.1212500000000000400 ) ) ;
#1792 = CARTESIAN_POINT ( 'NONE',  ( -0.1525000000000000200, 0.2499212054077438500, 0.02125000000000004700 ) ) ;
#1793 = ORIENTED_EDGE ( 'NONE', *, *, #2066, .F. ) ;
#1794 = VERTEX_POINT ( 'NONE', #1403 ) ;
#1795 = CARTESIAN_POINT ( 'NONE',  ( -0.1469318449276434100, 0.1600000000000000000, -0.03712713240271448000 ) ) ;
#1796 = EDGE_CURVE ( 'NONE', #1782, #1715, #23, .T. ) ;
#1797 = LINE ( 'NONE', #1098, #2187 ) ;
#1798 = LINE ( 'NONE', #5020, #4917 ) ;
#1799 = ORIENTED_EDGE ( 'NONE', *, *, #1309, .F. ) ;
#1800 = EDGE_LOOP ( 'NONE', ( #332, #1044, #4682, #4861, #2475, #3636, #715, #21, #4355, #2735, #4793, #2044, #1934, #2839 ) ) ;
#1801 = CARTESIAN_POINT ( 'NONE',  ( 0.1584066925048422700, 0.1607601796367002200, -0.1407499999999999900 ) ) ;
#1802 = EDGE_CURVE ( 'NONE', #359, #4319, #3825, .T. ) ;
#1803 = ORIENTED_EDGE ( 'NONE', *, *, #4324, .T. ) ;
#1804 = LINE ( 'NONE', #804, #3522 ) ;
#1805 = VERTEX_POINT ( 'NONE', #1833 ) ;
#1806 = ORIENTED_EDGE ( 'NONE', *, *, #4845, .T. ) ;
#1807 = CARTESIAN_POINT ( 'NONE',  ( -0.1451100394641186300, 0.1875000000000000600, -0.07874999999999995900 ) ) ;
#1808 = ADVANCED_FACE ( 'NONE', ( #5095 ), #5247, .T. ) ;
#1809 = CARTESIAN_POINT ( 'NONE',  ( 0.1275000000000000000, 0.2585000000000000100, -0.1862500000000000000 ) ) ;
#1810 = VECTOR ( 'NONE', #4215, 39.37007874015748900 ) ;
#1811 = ORIENTED_EDGE ( 'NONE', *, *, #2469, .T. ) ;
#1812 = LINE ( 'NONE', #1646, #611 ) ;
#1813 = DIRECTION ( 'NONE',  ( 0.0000000000000000000, -0.9961946980917454300, -0.08715574274765836000 ) ) ;
#1814 = DIRECTION ( 'NONE',  ( 0.9978128327999003000, 0.06610257710436372200, -0.0000000000000000000 ) ) ;
#1815 = CARTESIAN_POINT ( 'NONE',  ( 0.1575314403517876200, 7.043045608665678100E-017, -0.1407500000000000100 ) ) ;
#1816 = LINE ( 'NONE', #2952, #2471 ) ;
#1817 = DIRECTION ( 'NONE',  ( 0.06610257710436372200, 0.9978128327999003000, 1.064794134897212500E-016 ) ) ;
#1818 = FACE_OUTER_BOUND ( 'NONE', #5525, .T. ) ;
#1819 = VERTEX_POINT ( 'NONE', #4374 ) ;
#1820 = EDGE_CURVE ( 'NONE', #1369, #1412, #3685, .T. ) ;
#1821 = AXIS2_PLACEMENT_3D ( 'NONE', #351, #4615, #2077 ) ;
#1822 = EDGE_LOOP ( 'NONE', ( #1192, #5482, #1103, #2833 ) ) ;
#1823 = LINE ( 'NONE', #1251, #3211 ) ;
#1824 = CARTESIAN_POINT ( 'NONE',  ( 0.1690394116646869200, 0.0002601796367002458900, 0.1587499999999999700 ) ) ;
#1825 = DIMENSIONAL_EXPONENTS ( 1.000000000000000000, 0.0000000000000000000, 0.0000000000000000000, 0.0000000000000000000, 0.0000000000000000000, 0.0000000000000000000, 0.0000000000000000000 ) ;
#1826 = VECTOR ( 'NONE', #1650, 39.37007874015748100 ) ;
#1827 = DIRECTION ( 'NONE',  ( -0.9978128327999003000, 0.06610257710436372200, -0.0000000000000000000 ) ) ;
#1828 = ORIENTED_EDGE ( 'NONE', *, *, #3359, .T. ) ;
#1829 = EDGE_CURVE ( 'NONE', #4607, #861, #5027, .T. ) ;
#1830 = VECTOR ( 'NONE', #4177, 39.37007874015748900 ) ;
#1831 = VECTOR ( 'NONE', #1448, 39.37007874015748100 ) ;
#1832 = AXIS2_PLACEMENT_3D ( 'NONE', #5357, #1567, #1546 ) ;
#1833 = CARTESIAN_POINT ( 'NONE',  ( 0.1578129921052414400, -0.004249999999999923100, 0.1550000000000000300 ) ) ;
#1834 = PLANE ( 'NONE',  #407 ) ;
#1835 = FACE_OUTER_BOUND ( 'NONE', #5239, .T. ) ;
#1836 = CARTESIAN_POINT ( 'NONE',  ( 0.1575314403517876200, 7.896748106685761000E-017, -0.05924999999999996900 ) ) ;
#1837 = VERTEX_POINT ( 'NONE', #1018 ) ;
#1838 = ADVANCED_FACE ( 'NONE', ( #3619 ), #4770, .F. ) ;
#1839 = EDGE_CURVE ( 'NONE', #1294, #4825, #29, .T. ) ;
#1840 = EDGE_LOOP ( 'NONE', ( #1280, #2675, #4763, #118 ) ) ;
#1841 = PLANE ( 'NONE',  #657 ) ;
#1842 = ORIENTED_EDGE ( 'NONE', *, *, #1903, .F. ) ;
#1843 = CARTESIAN_POINT ( 'NONE',  ( 0.1451100394641186300, 0.1874999999999999700, -0.02124999999999996000 ) ) ;
#1844 = AXIS2_PLACEMENT_3D ( 'NONE', #698, #1524, #681 ) ;
#1845 = DIRECTION ( 'NONE',  ( -0.0000000000000000000, -0.0000000000000000000, -1.000000000000000000 ) ) ;
#1846 = ORIENTED_EDGE ( 'NONE', *, *, #5539, .T. ) ;
#1847 = ORIENTED_EDGE ( 'NONE', *, *, #4364, .T. ) ;
#1848 = DIRECTION ( 'NONE',  ( 1.000000000000000000, -9.627253440664264800E-015, 0.0000000000000000000 ) ) ;
#1849 = CARTESIAN_POINT ( 'NONE',  ( 0.1683179463135507900, 0.01115063833466540200, -0.1212499999999999700 ) ) ;
#1850 = DIRECTION ( 'NONE',  ( 0.04679272426934443600, -0.7063322309492373600, 0.7063322309492368100 ) ) ;
#1851 = ORIENTED_EDGE ( 'NONE', *, *, #2599, .T. ) ;
#1852 = AXIS2_PLACEMENT_3D ( 'NONE', #86, #889, #3066 ) ;
#1853 = VECTOR ( 'NONE', #2334, 39.37007874015748900 ) ;
#1854 = EDGE_LOOP ( 'NONE', ( #3375, #1611, #204, #1554 ) ) ;
#1855 = ORIENTED_EDGE ( 'NONE', *, *, #5469, .F. ) ;
#1856 = ADVANCED_FACE ( 'NONE', ( #2158 ), #177, .F. ) ;
#1857 = EDGE_CURVE ( 'NONE', #5250, #1639, #927, .T. ) ;
#1858 = VECTOR ( 'NONE', #1451, 39.37007874015748100 ) ;
#1859 = DIRECTION ( 'NONE',  ( 0.9978128327999003000, -0.06610257710436372200, 0.0000000000000000000 ) ) ;
#1860 = VECTOR ( 'NONE', #5262, 39.37007874015748100 ) ;
#1861 = ORIENTED_EDGE ( 'NONE', *, *, #2881, .F. ) ;
#1862 = EDGE_LOOP ( 'NONE', ( #4715, #5462, #542, #4968 ) ) ;
#1863 = DIRECTION ( 'NONE',  ( 1.000000000000000000, 0.0000000000000000000, -0.0000000000000000000 ) ) ;
#1864 = CARTESIAN_POINT ( 'NONE',  ( 0.1584066925048422700, 0.1607601796367002200, 0.1371271324027145100 ) ) ;
#1865 = VECTOR ( 'NONE', #4950, 39.37007874015748900 ) ;
#1866 = DIRECTION ( 'NONE',  ( 1.000000000000000000, 0.0000000000000000000, 0.0000000000000000000 ) ) ;
#1867 = VERTEX_POINT ( 'NONE', #101 ) ;
#1868 = LINE ( 'NONE', #1843, #411 ) ;
#1869 = EDGE_CURVE ( 'NONE', #4893, #5220, #1194, .T. ) ;
#1870 = VERTEX_POINT ( 'NONE', #1422 ) ;
#1871 = DIRECTION ( 'NONE',  ( -0.04679272426934458900, -0.7063322309492396900, -0.7063322309492347000 ) ) ;
#1872 = EDGE_LOOP ( 'NONE', ( #2619, #4922, #310, #829 ) ) ;
#1873 = LINE ( 'NONE', #1145, #1610 ) ;
#1874 = CARTESIAN_POINT ( 'NONE',  ( 0.1683179463135507900, 0.01115063833466540200, -0.05499999999999997900 ) ) ;
#1875 = ORIENTED_EDGE ( 'NONE', *, *, #2002, .T. ) ;
#1876 = VECTOR ( 'NONE', #4396, 39.37007874015748900 ) ;
#1877 = DIRECTION ( 'NONE',  ( 1.000000000000000000, 9.627253440664264800E-015, 0.0000000000000000000 ) ) ;
#1878 = FACE_OUTER_BOUND ( 'NONE', #1197, .T. ) ;
#1879 = DIRECTION ( 'NONE',  ( 0.06610257710436372200, 0.9978128327999003000, 0.0000000000000000000 ) ) ;
#1880 = FACE_OUTER_BOUND ( 'NONE', #2562, .T. ) ;
#1881 = FACE_OUTER_BOUND ( 'NONE', #3386, .T. ) ;
#1882 = CARTESIAN_POINT ( 'NONE',  ( 0.1275000000000000000, 0.2585000000000000100, 0.1862500000000000000 ) ) ;
#1883 = CARTESIAN_POINT ( 'NONE',  ( 0.1469318449276434100, 0.1600000000000000000, 0.03712713240271451500 ) ) ;
#1884 = AXIS2_PLACEMENT_3D ( 'NONE', #2832, #342, #774 ) ;
#1885 = FACE_OUTER_BOUND ( 'NONE', #4048, .T. ) ;
#1886 = ORIENTED_EDGE ( 'NONE', *, *, #2335, .F. ) ;
#1887 = DIRECTION ( 'NONE',  ( 1.000000000000000000, 0.0000000000000000000, 0.0000000000000000000 ) ) ;
#1888 = VECTOR ( 'NONE', #414, 39.37007874015748900 ) ;
#1889 = LINE ( 'NONE', #4789, #1831 ) ;
#1890 = EDGE_CURVE ( 'NONE', #5053, #5532, #3303, .T. ) ;
#1891 = PRESENTATION_LAYER_ASSIGNMENT (  '', '', ( #756 ) ) ;
#1892 = VERTEX_POINT ( 'NONE', #623 ) ;
#1893 = VECTOR ( 'NONE', #3813, 39.37007874015748100 ) ;
#1894 = EDGE_CURVE ( 'NONE', #2406, #3448, #4293, .T. ) ;
#1895 = ORIENTED_EDGE ( 'NONE', *, *, #4749, .T. ) ;
#1896 = AXIS2_PLACEMENT_3D ( 'NONE', #4197, #1642, #336 ) ;
#1897 = FACE_OUTER_BOUND ( 'NONE', #911, .T. ) ;
#1898 = CARTESIAN_POINT ( 'NONE',  ( 0.1683179463135507900, 0.01115063833466540200, 0.02125000000000004700 ) ) ;
#1899 = CARTESIAN_POINT ( 'NONE',  ( -0.1692878396824403200, -0.003489820363299725200, 0.1450000000000000200 ) ) ;
#1900 = FACE_OUTER_BOUND ( 'NONE', #2, .T. ) ;
#1901 = DIRECTION ( 'NONE',  ( -0.04669038075761918600, 0.7047873642613314800, 0.7078804839252695900 ) ) ;
#1902 = EDGE_LOOP ( 'NONE', ( #4046, #2811, #5297, #168 ) ) ;
#1903 = EDGE_CURVE ( 'NONE', #1603, #815, #2696, .T. ) ;
#1904 = ORIENTED_EDGE ( 'NONE', *, *, #35, .F. ) ;
#1905 = CARTESIAN_POINT ( 'NONE',  ( 0.1568430987363519400, 0.01039045869796522000, 0.1407500000000000400 ) ) ;
#1906 = ADVANCED_FACE ( 'NONE', ( #2042 ), #1146, .F. ) ;
#1907 = CARTESIAN_POINT ( 'NONE',  ( -0.1469318449276434100, 0.1600000000000000000, 0.07875000000000004200 ) ) ;
#1908 = ORIENTED_EDGE ( 'NONE', *, *, #2830, .F. ) ;
#1909 = ORIENTED_EDGE ( 'NONE', *, *, #4599, .F. ) ;
#1910 = ADVANCED_FACE ( 'NONE', ( #3435 ), #2448, .F. ) ;
#1911 = DIRECTION ( 'NONE',  ( 0.0000000000000000000, 0.0000000000000000000, 1.000000000000000000 ) ) ;
#1912 = ORIENTED_EDGE ( 'NONE', *, *, #2103, .F. ) ;
#1913 = VERTEX_POINT ( 'NONE', #3711 ) ;
#1914 = FACE_OUTER_BOUND ( 'NONE', #2388, .T. ) ;
#1915 = CARTESIAN_POINT ( 'NONE',  ( 0.1469318449276434100, 0.1600000000000000000, 0.05925000000000002500 ) ) ;
#1916 = EDGE_CURVE ( 'NONE', #4630, #2581, #5437, .T. ) ;
#1917 = FACE_OUTER_BOUND ( 'NONE', #1100, .T. ) ;
#1918 = AXIS2_PLACEMENT_3D ( 'NONE', #428, #446, #5101 ) ;
#1919 = VERTEX_POINT ( 'NONE', #4966 ) ;
#1920 = CARTESIAN_POINT ( 'NONE',  ( 0.1578129921052414400, -0.004249999999999923100, 0.1550000000000000300 ) ) ;
#1921 = CARTESIAN_POINT ( 'NONE',  ( 0.1555634906104184600, 0.02970603556262510100, 0.01235238784441522800 ) ) ;
#1922 = LINE ( 'NONE', #7, #3318 ) ;
#1923 = LINE ( 'NONE', #1165, #1790 ) ;
#1924 = ORIENTED_EDGE ( 'NONE', *, *, #1939, .F. ) ;
#1925 = ORIENTED_EDGE ( 'NONE', *, *, #2784, .F. ) ;
#1926 = DIRECTION ( 'NONE',  ( -1.000000000000000000, -0.0000000000000000000, -0.0000000000000000000 ) ) ;
#1927 = EDGE_CURVE ( 'NONE', #4577, #1576, #5108, .T. ) ;
#1928 = AXIS2_PLACEMENT_3D ( 'NONE', #2212, #1373, #480 ) ;
#1929 = CARTESIAN_POINT ( 'NONE',  ( 0.1310470240948021800, 0.2699999999999999600, 0.1212500000000000400 ) ) ;
#1930 = LINE ( 'NONE', #1479, #2326 ) ;
#1931 = ORIENTED_EDGE ( 'NONE', *, *, #4899, .T. ) ;
#1932 = FACE_OUTER_BOUND ( 'NONE', #1536, .T. ) ;
#1933 = ORIENTED_EDGE ( 'NONE', *, *, #2096, .F. ) ;
#1934 = ORIENTED_EDGE ( 'NONE', *, *, #5445, .F. ) ;
#1935 = UNCERTAINTY_MEASURE_WITH_UNIT (LENGTH_MEASURE( 1.000000000000000100E-005 ), #4632, 'distance_accuracy_value', 'NONE');
#1936 = DIRECTION ( 'NONE',  ( -0.0000000000000000000, 1.000000000000000000, -0.0000000000000000000 ) ) ;
#1937 = LINE ( 'NONE', #3398, #4520 ) ;
#1938 = CARTESIAN_POINT ( 'NONE',  ( 0.1578129921052414400, -0.004249999999999901400, 0.04500000000000003300 ) ) ;
#1939 = EDGE_CURVE ( 'NONE', #1837, #405, #1724, .T. ) ;
#1940 = DIMENSIONAL_EXPONENTS ( 1.000000000000000000, 0.0000000000000000000, 0.0000000000000000000, 0.0000000000000000000, 0.0000000000000000000, 0.0000000000000000000, 0.0000000000000000000 ) ;
#1941 = ORIENTED_EDGE ( 'NONE', *, *, #2431, .F. ) ;
#1942 = LINE ( 'NONE', #1000, #1291 ) ;
#1943 = PLANE ( 'NONE',  #2984 ) ;
#1944 = LINE ( 'NONE', #3401, #4866 ) ;
#1945 = DIRECTION ( 'NONE',  ( 0.05727780436021254200, -0.8646036316403955500, 0.4991791394699025600 ) ) ;
#1946 = FACE_OUTER_BOUND ( 'NONE', #4962, .T. ) ;
#1947 = LINE ( 'NONE', #2455, #2863 ) ;
#1948 = EDGE_CURVE ( 'NONE', #1235, #2196, #317, .T. ) ;
#1949 = ORIENTED_EDGE ( 'NONE', *, *, #2559, .T. ) ;
#1950 = DIRECTION ( 'NONE',  ( 0.0000000000000000000, 1.000000000000000000, 0.0000000000000000000 ) ) ;
#1951 = ORIENTED_EDGE ( 'NONE', *, *, #3203, .T. ) ;
#1952 = VECTOR ( 'NONE', #2958, 39.37007874015748100 ) ;
#1953 = DIRECTION ( 'NONE',  ( -0.0000000000000000000, 0.0000000000000000000, 1.000000000000000000 ) ) ;
#1954 = PLANE ( 'NONE',  #1962 ) ;
#1955 = AXIS2_PLACEMENT_3D ( 'NONE', #3953, #1037, #1863 ) ;
#1956 = ORIENTED_EDGE ( 'NONE', *, *, #2046, .F. ) ;
#1957 = VECTOR ( 'NONE', #2412, 39.37007874015748100 ) ;
#1958 = DIRECTION ( 'NONE',  ( -1.000000000000000000, 0.0000000000000000000, 0.0000000000000000000 ) ) ;
#1959 = ORIENTED_EDGE ( 'NONE', *, *, #3355, .F. ) ;
#1960 = CARTESIAN_POINT ( 'NONE',  ( -0.1555634906104184600, 0.02970603556262510100, 0.1123523878444152300 ) ) ;
#1961 = EDGE_CURVE ( 'NONE', #4630, #3544, #1652, .T. ) ;
#1962 = AXIS2_PLACEMENT_3D ( 'NONE', #4531, #2416, #4560 ) ;
#1963 = DIRECTION ( 'NONE',  ( 0.06610257710436372200, -0.9978128327999003000, 0.0000000000000000000 ) ) ;
#1964 = ADVANCED_FACE ( 'NONE', ( #923 ), #1987, .F. ) ;
#1965 = ORIENTED_EDGE ( 'NONE', *, *, #3855, .T. ) ;
#1966 = PLANE ( 'NONE',  #1258 ) ;
#1967 = CARTESIAN_POINT ( 'NONE',  ( 0.1539194572176712000, 0.05452258113005163700, 0.001975451419294672400 ) ) ;
#1968 = EDGE_CURVE ( 'NONE', #760, #1582, #654, .T. ) ;
#1969 = VERTEX_POINT ( 'NONE', #2470 ) ;
#1970 = DIRECTION ( 'NONE',  ( 0.9961946980917455500, -0.08715574274765837400, 0.0000000000000000000 ) ) ;
#1971 = CARTESIAN_POINT ( 'NONE',  ( 2.488645014411724400E-015, 0.2585000000000012300, -0.1212499999999999700 ) ) ;
#1972 = DIRECTION ( 'NONE',  ( -1.000000000000000000, 0.0000000000000000000, 0.0000000000000000000 ) ) ;
#1973 = ORIENTED_EDGE ( 'NONE', *, *, #572, .F. ) ;
#1974 = CARTESIAN_POINT ( 'NONE',  ( 8.537024980200822600E-017, 0.3100000000000000500, -0.1810006801884445900 ) ) ;
#1975 = CARTESIAN_POINT ( 'NONE',  ( 0.1578129921052414400, -0.004249999999999901400, 0.1450000000000000200 ) ) ;
#1976 = ORIENTED_EDGE ( 'NONE', *, *, #5163, .F. ) ;
#1977 = EDGE_LOOP ( 'NONE', ( #1799, #1982, #4121, #231 ) ) ;
#1978 = DIRECTION ( 'NONE',  ( -0.04679272426934458900, -0.7063322309492396900, -0.7063322309492347000 ) ) ;
#1979 = CARTESIAN_POINT ( 'NONE',  ( 0.1683179463135507900, 0.01115063833466540200, -0.1212499999999999700 ) ) ;
#1980 = CARTESIAN_POINT ( 'NONE',  ( 2.488645014411724400E-015, 0.2585000000000012300, 0.1212500000000000400 ) ) ;
#1981 = CONICAL_SURFACE ( 'NONE', #4555, 0.03749999999999999200, 0.2094395102393200000 ) ;
#1982 = ORIENTED_EDGE ( 'NONE', *, *, #5494, .T. ) ;
#1983 = AXIS2_PLACEMENT_3D ( 'NONE', #3587, #1454, #4415 ) ;
#1984 = DIRECTION ( 'NONE',  ( -0.0000000000000000000, 0.0000000000000000000, 1.000000000000000000 ) ) ;
#1985 = VECTOR ( 'NONE', #1765, 39.37007874015748100 ) ;
#1986 = FACE_OUTER_BOUND ( 'NONE', #455, .T. ) ;
#1987 = PLANE ( 'NONE',  #4333 ) ;
#1988 = ORIENTED_EDGE ( 'NONE', *, *, #5359, .F. ) ;
#1989 = VERTEX_POINT ( 'NONE', #2828 ) ;
#1990 = ADVANCED_FACE ( 'NONE', ( #4901 ), #2868, .F. ) ;
#1991 = EDGE_CURVE ( 'NONE', #2636, #5532, #2422, .T. ) ;
#1992 = LINE ( 'NONE', #4049, #875 ) ;
#1993 = DIRECTION ( 'NONE',  ( -9.627253440664264800E-015, -1.000000000000000000, 0.0000000000000000000 ) ) ;
#1994 = ORIENTED_EDGE ( 'NONE', *, *, #1927, .T. ) ;
#1995 = VECTOR ( 'NONE', #507, 39.37007874015748100 ) ;
#1996 = ORIENTED_EDGE ( 'NONE', *, *, #3422, .T. ) ;
#1997 = ADVANCED_FACE ( 'NONE', ( #4165 ), #5377, .F. ) ;
#1998 = FACE_OUTER_BOUND ( 'NONE', #2456, .T. ) ;
#1999 = DIRECTION ( 'NONE',  ( 0.06610257710436372200, 0.9978128327999003000, 0.0000000000000000000 ) ) ;
#2000 = EDGE_LOOP ( 'NONE', ( #5043, #3051, #1374, #103 ) ) ;
#2001 = FACE_OUTER_BOUND ( 'NONE', #4649, .T. ) ;
#2002 = EDGE_CURVE ( 'NONE', #4307, #4642, #521, .T. ) ;
#2003 = CARTESIAN_POINT ( 'NONE',  ( -0.1565848870413174800, 0.1882601796367001900, 0.07875000000000004200 ) ) ;
#2004 = ORIENTED_EDGE ( 'NONE', *, *, #4087, .T. ) ;
#2005 = DIRECTION ( 'NONE',  ( -0.06610257710436373600, -0.9978128327999003000, 0.0000000000000000000 ) ) ;
#2006 = VERTEX_POINT ( 'NONE', #2809 ) ;
#2007 = VECTOR ( 'NONE', #5102, 39.37007874015748900 ) ;
#2008 = CARTESIAN_POINT ( 'NONE',  ( -0.1451100394641186300, 0.1874999999999999700, -0.1212499999999999700 ) ) ;
#2009 = DIRECTION ( 'NONE',  ( 1.000000000000000000, -9.627253440664264800E-015, -0.0000000000000000000 ) ) ;
#2010 = CARTESIAN_POINT ( 'NONE',  ( -0.1310470240948021800, 0.2699999999999999600, -0.1212499999999999700 ) ) ;
#2011 = EDGE_CURVE ( 'NONE', #4577, #1969, #3738, .T. ) ;
#2012 = FACE_OUTER_BOUND ( 'NONE', #3938, .T. ) ;
#2013 = CARTESIAN_POINT ( 'NONE',  ( 0.1555634906104184600, 0.02970603556262510100, 0.2123523878444152400 ) ) ;
#2014 = SURFACE_STYLE_FILL_AREA ( #2029 ) ;
#2015 = LINE ( 'NONE', #896, #1952 ) ;
#2016 = DIRECTION ( 'NONE',  ( -0.0000000000000000000, 0.0000000000000000000, 1.000000000000000000 ) ) ;
#2017 = ORIENTED_EDGE ( 'NONE', *, *, #5285, .F. ) ;
#2018 = AXIS2_PLACEMENT_3D ( 'NONE', #2304, #181, #5284 ) ;
#2019 = FACE_OUTER_BOUND ( 'NONE', #3603, .T. ) ;
#2020 = PLANE ( 'NONE',  #4583 ) ;
#2021 = EDGE_LOOP ( 'NONE', ( #3960, #2336, #2280, #3924 ) ) ;
#2022 = CARTESIAN_POINT ( 'NONE',  ( -0.1683179463135507900, 0.01115063833466540200, -0.1449999999999999900 ) ) ;
#2023 = LINE ( 'NONE', #3934, #3417 ) ;
#2024 = CARTESIAN_POINT ( 'NONE',  ( 0.1690062879289864800, 0.0007601796367005884500, 0.05925000000000000400 ) ) ;
#2025 = CARTESIAN_POINT ( 'NONE',  ( -2.599358428979363500E-015, 0.2700000000000012400, 0.1787500000000000500 ) ) ;
#2026 = AXIS2_PLACEMENT_3D ( 'NONE', #5186, #1399, #991 ) ;
#2027 = CARTESIAN_POINT ( 'NONE',  ( -0.1310470240948021800, 0.2699999999999999600, -0.02124999999999996000 ) ) ;
#2028 = EDGE_LOOP ( 'NONE', ( #3712, #1711, #188, #2382 ) ) ;
#2029 = FILL_AREA_STYLE ('',( #3254 ) ) ;
#2030 = DIRECTION ( 'NONE',  ( -0.06610257710436372200, -0.9978128327999003000, -0.0000000000000000000 ) ) ;
#2031 = EDGE_CURVE ( 'NONE', #4591, #2502, #1061, .T. ) ;
#2032 = ORIENTED_EDGE ( 'NONE', *, *, #3949, .F. ) ;
#2033 = CARTESIAN_POINT ( 'NONE',  ( -0.1690062879289864800, 0.0007601796367005884500, -0.1407500000000000100 ) ) ;
#2034 = CARTESIAN_POINT ( 'NONE',  ( 0.1585251524228011300, -0.01499999999999992500, 0.07875000000000004200 ) ) ;
#2035 = ORIENTED_EDGE ( 'NONE', *, *, #1184, .T. ) ;
#2036 = DIRECTION ( 'NONE',  ( 0.04679272426934443600, -0.7063322309492373600, 0.7063322309492368100 ) ) ;
#2037 = EDGE_CURVE ( 'NONE', #4631, #1782, #4105, .T. ) ;
#2038 = DIRECTION ( 'NONE',  ( -0.9978128327999003000, -0.06610257710436372200, -0.0000000000000000000 ) ) ;
#2039 = DIRECTION ( 'NONE',  ( 0.0000000000000000000, 0.0000000000000000000, -1.000000000000000000 ) ) ;
#2040 = VERTEX_POINT ( 'NONE', #2947 ) ;
#2041 = DIRECTION ( 'NONE',  ( 1.000000000000000000, 0.0000000000000000000, 0.0000000000000000000 ) ) ;
#2042 = FACE_OUTER_BOUND ( 'NONE', #4623, .T. ) ;
#2043 = CARTESIAN_POINT ( 'NONE',  ( 0.1585251524228011300, -0.01499999999999992500, 0.1787500000000000500 ) ) ;
#2044 = ORIENTED_EDGE ( 'NONE', *, *, #2218, .F. ) ;
#2045 = DIRECTION ( 'NONE',  ( 0.05727780436021247300, 0.8646036316403947800, 0.4991791394699038300 ) ) ;
#2046 = EDGE_CURVE ( 'NONE', #1009, #1118, #2759, .T. ) ;
#2047 = LINE ( 'NONE', #3806, #5187 ) ;
#2048 = ADVANCED_FACE ( 'NONE', ( #5125 ), #4605, .T. ) ;
#2049 = ORIENTED_EDGE ( 'NONE', *, *, #135, .F. ) ;
#2050 = ORIENTED_EDGE ( 'NONE', *, *, #2274, .T. ) ;
#2051 =( NAMED_UNIT ( * ) SI_UNIT ( $, .STERADIAN. ) SOLID_ANGLE_UNIT ( ) );
#2052 = LINE ( 'NONE', #4469, #330 ) ;
#2053 = CARTESIAN_POINT ( 'NONE',  ( 0.1699173094933273700, -0.01299161413106121900, -0.1454982062322385300 ) ) ;
#2054 = VECTOR ( 'NONE', #1713, 39.37007874015748100 ) ;
#2055 = AXIS2_PLACEMENT_3D ( 'NONE', #3913, #3081, #1760 ) ;
#2056 = VERTEX_POINT ( 'NONE', #441 ) ;
#2057 = ORIENTED_EDGE ( 'NONE', *, *, #1857, .T. ) ;
#2058 = ORIENTED_EDGE ( 'NONE', *, *, #3442, .F. ) ;
#2059 = DIRECTION ( 'NONE',  ( 0.9978128327999003000, 0.06610257710436373600, 7.920271606955852500E-018 ) ) ;
#2060 = CARTESIAN_POINT ( 'NONE',  ( 0.1578129921052414400, -0.004249999999999923100, 0.05500000000000002800 ) ) ;
#2061 = CARTESIAN_POINT ( 'NONE',  ( -0.1310470240948020700, 0.2585000000000000100, -0.02124999999999996000 ) ) ;
#2062 = VERTEX_POINT ( 'NONE', #4228 ) ;
#2063 = VECTOR ( 'NONE', #4806, 39.37007874015748100 ) ;
#2064 = ORIENTED_EDGE ( 'NONE', *, *, #2323, .F. ) ;
#2065 = ORIENTED_EDGE ( 'NONE', *, *, #1656, .F. ) ;
#2066 = EDGE_CURVE ( 'NONE', #4992, #3271, #3474, .T. ) ;
#2067 = MECHANICAL_DESIGN_GEOMETRIC_PRESENTATION_REPRESENTATION (  '', ( #1119 ), #1686 ) ;
#2068 = LINE ( 'NONE', #2186, #3655 ) ;
#2069 = DIRECTION ( 'NONE',  ( -0.0000000000000000000, -0.0000000000000000000, -1.000000000000000000 ) ) ;
#2070 = DIRECTION ( 'NONE',  ( -0.05727780436021247300, 0.8646036316403947800, 0.4991791394699038300 ) ) ;
#2071 = LINE ( 'NONE', #1836, #4452 ) ;
#2072 = MANIFOLD_SOLID_BREP ( 'Pin 1', #433 ) ;
#2073 = CARTESIAN_POINT ( 'NONE',  ( 0.1578129921052414400, -0.004249999999999901400, -0.05499999999999997900 ) ) ;
#2074 = LINE ( 'NONE', #3800, #4202 ) ;
#2075 = EDGE_CURVE ( 'NONE', #4186, #1819, #3482, .T. ) ;
#2076 = PRESENTATION_STYLE_ASSIGNMENT (( #483 ) ) ;
#2077 = DIRECTION ( 'NONE',  ( 1.000000000000000000, 0.0000000000000000000, 0.0000000000000000000 ) ) ;
#2078 = VECTOR ( 'NONE', #3556, 39.37007874015748900 ) ;
#2079 = ADVANCED_FACE ( 'NONE', ( #1243 ), #5096, .F. ) ;
#2080 = DIRECTION ( 'NONE',  ( -0.9978128327999003000, 0.06610257710436372200, -0.0000000000000000000 ) ) ;
#2081 = EDGE_CURVE ( 'NONE', #2593, #2588, #4883, .T. ) ;
#2082 = CARTESIAN_POINT ( 'NONE',  ( 0.1584424619161284900, -0.01375179376776140100, 0.1545017937677614600 ) ) ;
#2083 = ORIENTED_EDGE ( 'NONE', *, *, #523, .F. ) ;
#2084 = VECTOR ( 'NONE', #3262, 39.37007874015747400 ) ;
#2085 = CIRCLE ( 'NONE', #865, 0.03750000000000001200 ) ;
#2086 = DIRECTION ( 'NONE',  ( -9.627253440664264800E-015, -1.000000000000000000, 0.0000000000000000000 ) ) ;
#2087 = DIRECTION ( 'NONE',  ( -1.000000000000000000, 9.627253440664264800E-015, 0.0000000000000000000 ) ) ;
#2088 = CARTESIAN_POINT ( 'NONE',  ( -0.1568430987363519400, 0.01039045869796522000, -0.05924999999999996900 ) ) ;
#2089 = ORIENTED_EDGE ( 'NONE', *, *, #3886, .T. ) ;
#2090 = CARTESIAN_POINT ( 'NONE',  ( 0.1451100394641186300, 0.1875000000000000600, 0.02125000000000004700 ) ) ;
#2091 = LINE ( 'NONE', #3951, #5288 ) ;
#2092 = APPLICATION_CONTEXT ( 'automotive_design' ) ;
#2093 = AXIS2_PLACEMENT_3D ( 'NONE', #3466, #931, #3892 ) ;
#2094 = VERTEX_POINT ( 'NONE', #2542 ) ;
#2095 = ORIENTED_EDGE ( 'NONE', *, *, #4780, .F. ) ;
#2096 = EDGE_CURVE ( 'NONE', #4119, #41, #2556, .T. ) ;
#2097 = DIRECTION ( 'NONE',  ( -0.0000000000000000000, 0.0000000000000000000, 1.000000000000000000 ) ) ;
#2098 = ORIENTED_EDGE ( 'NONE', *, *, #2002, .F. ) ;
#2099 = CARTESIAN_POINT ( 'NONE',  ( 0.1670383381876173500, 0.03046621519932528300, 0.1123523878444152300 ) ) ;
#2100 = CARTESIAN_POINT ( 'NONE',  ( 0.1575314403517876200, 7.043045608665678100E-017, -0.04075000000000000100 ) ) ;
#2101 = DIRECTION ( 'NONE',  ( -1.000000000000000000, 0.0000000000000000000, 0.0000000000000000000 ) ) ;
#2102 = CARTESIAN_POINT ( 'NONE',  ( -0.1555634906104184600, 0.02970603556262510100, 0.1123523878444152300 ) ) ;
#2103 = EDGE_CURVE ( 'NONE', #5450, #3489, #84, .T. ) ;
#2104 = ADVANCED_FACE ( 'NONE', ( #2745 ), #4201, .F. ) ;
#2105 = AXIS2_PLACEMENT_3D ( 'NONE', #3620, #1970, #3632 ) ;
#2106 = ORIENTED_EDGE ( 'NONE', *, *, #579, .F. ) ;
#2107 = DIRECTION ( 'NONE',  ( 0.9961946980917455500, 0.08715574274765837400, 0.0000000000000000000 ) ) ;
#2108 = DIRECTION ( 'NONE',  ( -0.9978128327999003000, 0.06610257710436372200, -0.0000000000000000000 ) ) ;
#2109 = ORIENTED_EDGE ( 'NONE', *, *, #4580, .T. ) ;
#2110 = ORIENTED_EDGE ( 'NONE', *, *, #2888, .F. ) ;
#2111 = EDGE_CURVE ( 'NONE', #2398, #577, #4278, .T. ) ;
#2112 = DIRECTION ( 'NONE',  ( -1.000000000000000000, -9.627253440664264800E-015, 0.0000000000000000000 ) ) ;
#2113 = ORIENTED_EDGE ( 'NONE', *, *, #755, .T. ) ;
#2114 = VERTEX_POINT ( 'NONE', #3399 ) ;
#2115 = CYLINDRICAL_SURFACE ( 'NONE', #1502, 0.009999999999999979400 ) ;
#2116 = CARTESIAN_POINT ( 'NONE',  ( -0.1525000000000000200, 0.2499212054077438500, 0.07875000000000004200 ) ) ;
#2117 = VERTEX_POINT ( 'NONE', #1648 ) ;
#2118 = ORIENTED_EDGE ( 'NONE', *, *, #1501, .T. ) ;
#2119 = CARTESIAN_POINT ( 'NONE',  ( 0.1275000000000000000, 0.2700000000000000200, 0.02125000000000004700 ) ) ;
#2120 =( GEOMETRIC_REPRESENTATION_CONTEXT ( 3 ) GLOBAL_UNCERTAINTY_ASSIGNED_CONTEXT ( ( #5213 ) ) GLOBAL_UNIT_ASSIGNED_CONTEXT ( ( #2140, #1318, #1263 ) ) REPRESENTATION_CONTEXT ( 'NONE', 'WORKASPACE' ) );
#2121 = VECTOR ( 'NONE', #3774, 39.37007874015748900 ) ;
#2122 = ORIENTED_EDGE ( 'NONE', *, *, #5207, .T. ) ;
#2123 = ORIENTED_EDGE ( 'NONE', *, *, #5341, .F. ) ;
#2124 = DIRECTION ( 'NONE',  ( -0.06610257710436372200, 0.9978128327999003000, 0.0000000000000000000 ) ) ;
#2125 = PRESENTATION_LAYER_ASSIGNMENT (  '', '', ( #3479 ) ) ;
#2126 = ORIENTED_EDGE ( 'NONE', *, *, #3175, .T. ) ;
#2127 = ORIENTED_EDGE ( 'NONE', *, *, #1274, .F. ) ;
#2128 = DIRECTION ( 'NONE',  ( 7.038563640231725300E-018, 1.062465252090506800E-016, -1.000000000000000000 ) ) ;
#2129 = ADVANCED_FACE ( 'NONE', ( #3284 ), #5474, .F. ) ;
#2130 = DIRECTION ( 'NONE',  ( 1.000000000000000000, 0.0000000000000000000, 0.0000000000000000000 ) ) ;
#2131 = DIRECTION ( 'NONE',  ( 1.000000000000000000, 9.627253440664264800E-015, 0.0000000000000000000 ) ) ;
#2132 = FACE_OUTER_BOUND ( 'NONE', #1329, .T. ) ;
#2133 = ORIENTED_EDGE ( 'NONE', *, *, #1645, .T. ) ;
#2134 = LINE ( 'NONE', #3104, #748 ) ;
#2135 = EDGE_CURVE ( 'NONE', #3221, #4656, #1492, .T. ) ;
#2136 = DIRECTION ( 'NONE',  ( 0.0000000000000000000, 0.0000000000000000000, 1.000000000000000000 ) ) ;
#2137 = DIRECTION ( 'NONE',  ( -0.04679272426934443600, -0.7063322309492373600, 0.7063322309492368100 ) ) ;
#2138 = DIRECTION ( 'NONE',  ( 0.04669038075761918600, 0.7047873642613314800, 0.7078804839252695900 ) ) ;
#2139 = LINE ( 'NONE', #3022, #1296 ) ;
#2140 =( CONVERSION_BASED_UNIT ( 'INCH', #2339 ) LENGTH_UNIT ( ) NAMED_UNIT ( #2352 ) );
#2141 = ORIENTED_EDGE ( 'NONE', *, *, #834, .F. ) ;
#2142 = ORIENTED_EDGE ( 'NONE', *, *, #2373, .F. ) ;
#2143 = EDGE_CURVE ( 'NONE', #3437, #3585, #2152, .T. ) ;
#2144 = LINE ( 'NONE', #1677, #3542 ) ;
#2145 = CARTESIAN_POINT ( 'NONE',  ( 2.599358428979363500E-015, 0.2700000000000012400, 0.1212500000000000400 ) ) ;
#2146 = ORIENTED_EDGE ( 'NONE', *, *, #2431, .T. ) ;
#2147 = LINE ( 'NONE', #1545, #762 ) ;
#2148 = LINE ( 'NONE', #1980, #1957 ) ;
#2149 =( NAMED_UNIT ( * ) PLANE_ANGLE_UNIT ( ) SI_UNIT ( $, .RADIAN. ) );
#2150 = CARTESIAN_POINT ( 'NONE',  ( -0.1568430987363519400, 0.01039045869796522000, 0.04500000000000003300 ) ) ;
#2151 = ORIENTED_EDGE ( 'NONE', *, *, #2181, .T. ) ;
#2152 = LINE ( 'NONE', #4765, #3013 ) ;
#2153 = DIRECTION ( 'NONE',  ( -1.000000000000000000, -9.627253440664264800E-015, 0.0000000000000000000 ) ) ;
#2154 = CARTESIAN_POINT ( 'NONE',  ( -0.1469318449276434100, 0.1600000000000000000, -0.04074999999999998800 ) ) ;
#2155 = CARTESIAN_POINT ( 'NONE',  ( -0.1568430987363519400, 0.01039045869796522000, 0.07875000000000004200 ) ) ;
#2156 = VERTEX_POINT ( 'NONE', #1788 ) ;
#2157 = ADVANCED_FACE ( 'NONE', ( #1107 ), #4342, .F. ) ;
#2158 = FACE_OUTER_BOUND ( 'NONE', #1017, .T. ) ;
#2159 = AXIS2_PLACEMENT_3D ( 'NONE', #2504, #5495, #4182 ) ;
#2160 = CARTESIAN_POINT ( 'NONE',  ( 0.1692878396824403200, -0.003489820363299725200, 0.1450000000000000200 ) ) ;
#2161 = VERTEX_POINT ( 'NONE', #514 ) ;
#2162 = LINE ( 'NONE', #3490, #4158 ) ;
#2163 = CARTESIAN_POINT ( 'NONE',  ( 0.1683179463135507900, 0.01115063833466540200, 0.07875000000000004200 ) ) ;
#2164 = EDGE_CURVE ( 'NONE', #3448, #34, #4409, .T. ) ;
#2165 = ORIENTED_EDGE ( 'NONE', *, *, #3865, .T. ) ;
#2166 = UNCERTAINTY_MEASURE_WITH_UNIT (LENGTH_MEASURE( 1.000000000000000100E-005 ), #4065, 'distance_accuracy_value', 'NONE');
#2167 = CARTESIAN_POINT ( 'NONE',  ( 0.1683179463135507900, 0.01115063833466540200, 0.04500000000000003300 ) ) ;
#2168 = DIRECTION ( 'NONE',  ( 0.9978128327999003000, -0.06610257710436372200, 0.0000000000000000000 ) ) ;
#2169 = ORIENTED_EDGE ( 'NONE', *, *, #873, .T. ) ;
#2170 = DIRECTION ( 'NONE',  ( 0.0000000000000000000, -0.0000000000000000000, -1.000000000000000000 ) ) ;
#2171 = DIRECTION ( 'NONE',  ( -0.0000000000000000000, -0.0000000000000000000, -1.000000000000000000 ) ) ;
#2172 = EDGE_CURVE ( 'NONE', #5161, #1892, #974, .T. ) ;
#2173 = VECTOR ( 'NONE', #1629, 39.37007874015748900 ) ;
#2174 = AXIS2_PLACEMENT_3D ( 'NONE', #2277, #4841, #4443 ) ;
#2175 = EDGE_LOOP ( 'NONE', ( #1655, #3106, #1806, #1446 ) ) ;
#2176 = ORIENTED_EDGE ( 'NONE', *, *, #4299, .F. ) ;
#2177 = CARTESIAN_POINT ( 'NONE',  ( 0.1310470240948021800, 0.2699999999999999600, -0.07874999999999995900 ) ) ;
#2178 = PRESENTATION_STYLE_ASSIGNMENT (( #3564 ) ) ;
#2179 = FACE_OUTER_BOUND ( 'NONE', #3819, .T. ) ;
#2180 = DIRECTION ( 'NONE',  ( -0.9978128327999003000, 0.06610257710436316700, 0.0000000000000000000 ) ) ;
#2181 = EDGE_CURVE ( 'NONE', #359, #314, #5021, .T. ) ;
#2182 = ORIENTED_EDGE ( 'NONE', *, *, #3624, .F. ) ;
#2183 = ORIENTED_EDGE ( 'NONE', *, *, #1651, .F. ) ;
#2184 = CARTESIAN_POINT ( 'NONE',  ( -0.1568430987363519400, 0.01039045869796522000, 0.1550000000000000300 ) ) ;
#2185 = ADVANCED_FACE ( 'NONE', ( #3883 ), #2643, .F. ) ;
#2186 = CARTESIAN_POINT ( 'NONE',  ( 0.1699173094933273700, -0.01299161413106121900, -0.04549820623223850600 ) ) ;
#2187 = VECTOR ( 'NONE', #3754, 39.37007874015748900 ) ;
#2188 = DIRECTION ( 'NONE',  ( 0.9978128327999003000, 0.06610257710436372200, -0.0000000000000000000 ) ) ;
#2189 = VECTOR ( 'NONE', #5428, 39.37007874015748100 ) ;
#2190 = ORIENTED_EDGE ( 'NONE', *, *, #761, .T. ) ;
#2191 = ORIENTED_EDGE ( 'NONE', *, *, #334, .T. ) ;
#2192 = PLANE ( 'NONE',  #3198 ) ;
#2193 = DIRECTION ( 'NONE',  ( -0.06610257710436372200, -0.9978128327999003000, 0.0000000000000000000 ) ) ;
#2194 = LINE ( 'NONE', #4777, #4445 ) ;
#2195 = DIRECTION ( 'NONE',  ( 0.9978128327999003000, -0.06610257710436372200, 0.0000000000000000000 ) ) ;
#2196 = VERTEX_POINT ( 'NONE', #3842 ) ;
#2197 = LINE ( 'NONE', #3804, #3390 ) ;
#2198 = ORIENTED_EDGE ( 'NONE', *, *, #99, .F. ) ;
#2199 = LINE ( 'NONE', #1605, #3527 ) ;
#2200 = DIRECTION ( 'NONE',  ( -0.06610257710436372200, 0.9978128327999003000, 0.0000000000000000000 ) ) ;
#2201 = DIRECTION ( 'NONE',  ( -1.000000000000000000, -9.627253440664264800E-015, 0.0000000000000000000 ) ) ;
#2202 = EDGE_CURVE ( 'NONE', #2588, #314, #639, .T. ) ;
#2203 = AXIS2_PLACEMENT_3D ( 'NONE', #973, #524, #4731 ) ;
#2204 = LINE ( 'NONE', #5432, #4732 ) ;
#2205 = FACE_OUTER_BOUND ( 'NONE', #4967, .T. ) ;
#2206 = CARTESIAN_POINT ( 'NONE',  ( 0.1568430987363519400, 0.01039045869796522000, -0.05499999999999997900 ) ) ;
#2207 = PLANE ( 'NONE',  #2026 ) ;
#2208 = LENGTH_MEASURE_WITH_UNIT ( LENGTH_MEASURE( 0.02539999999999999900 ), #1592 );
#2209 = DIRECTION ( 'NONE',  ( 0.0000000000000000000, 0.0000000000000000000, 1.000000000000000000 ) ) ;
#2210 = EDGE_CURVE ( 'NONE', #2684, #442, #298, .T. ) ;
#2211 = CARTESIAN_POINT ( 'NONE',  ( 0.1274999999999998900, 0.2585000000000000100, 0.07875000000000004200 ) ) ;
#2212 = CARTESIAN_POINT ( 'NONE',  ( 0.1310470240948021800, 0.2485000000000000300, 0.07875000000000004200 ) ) ;
#2213 = CARTESIAN_POINT ( 'NONE',  ( 0.1310470240948021800, 0.2485000000000000300, 0.07875000000000004200 ) ) ;
#2214 = ORIENTED_EDGE ( 'NONE', *, *, #873, .F. ) ;
#2215 = CARTESIAN_POINT ( 'NONE',  ( 0.1469318449276434100, 0.1600000000000000000, 0.03712713240271451500 ) ) ;
#2216 = ADVANCED_FACE ( 'NONE', ( #1311 ), #3681, .T. ) ;
#2217 = LINE ( 'NONE', #1342, #3350 ) ;
#2218 = EDGE_CURVE ( 'NONE', #980, #2853, #4683, .T. ) ;
#2219 = VERTEX_POINT ( 'NONE', #4283 ) ;
#2220 = CARTESIAN_POINT ( 'NONE',  ( 0.1568430987363519400, 0.01039045869796522200, 0.1587499999999999700 ) ) ;
#2221 = LINE ( 'NONE', #2167, #1041 ) ;
#2222 = VECTOR ( 'NONE', #3430, 39.37007874015748100 ) ;
#2223 = VERTEX_POINT ( 'NONE', #1368 ) ;
#2224 = CARTESIAN_POINT ( 'NONE',  ( -0.1410251524228011700, 0.2491610257710437400, 0.07875000000000004200 ) ) ;
#2225 = DIRECTION ( 'NONE',  ( 0.06610257710436372200, 0.9978128327999003000, 1.064794134897212500E-016 ) ) ;
#2226 = DIRECTION ( 'NONE',  ( -0.04669038075761918600, 0.7047873642613314800, 0.7078804839252695900 ) ) ;
#2227 = EDGE_CURVE ( 'NONE', #1213, #1500, #2221, .T. ) ;
#2228 = ORIENTED_EDGE ( 'NONE', *, *, #5033, .T. ) ;
#2229 = CARTESIAN_POINT ( 'NONE',  ( -0.1310470240948021800, 0.2485000000000000300, -0.07874999999999995900 ) ) ;
#2230 = DIRECTION ( 'NONE',  ( -0.0000000000000000000, -0.0000000000000000000, -1.000000000000000000 ) ) ;
#2231 = ORIENTED_EDGE ( 'NONE', *, *, #608, .T. ) ;
#2232 = CARTESIAN_POINT ( 'NONE',  ( -0.1578129921052414400, -0.004249999999999923100, 0.1550000000000000300 ) ) ;
#2233 = AXIS2_PLACEMENT_3D ( 'NONE', #137, #3112, #578 ) ;
#2234 = EDGE_LOOP ( 'NONE', ( #3997, #3288, #4292, #1005 ) ) ;
#2235 = ADVANCED_FACE ( 'NONE', ( #227 ), #4697, .F. ) ;
#2236 = DIRECTION ( 'NONE',  ( -0.06610257710436372200, -0.9978128327999003000, -0.0000000000000000000 ) ) ;
#2237 = EDGE_CURVE ( 'NONE', #3110, #5084, #907, .T. ) ;
#2238 = VECTOR ( 'NONE', #3452, 39.37007874015748900 ) ;
#2239 = AXIS2_PLACEMENT_3D ( 'NONE', #855, #1744, #3850 ) ;
#2240 = CARTESIAN_POINT ( 'NONE',  ( 0.1690062879289864800, 0.0007601796367005884500, -0.04075000000000000100 ) ) ;
#2241 = ORIENTED_EDGE ( 'NONE', *, *, #3664, .F. ) ;
#2242 = VERTEX_POINT ( 'NONE', #3447 ) ;
#2243 = DIRECTION ( 'NONE',  ( 0.06610257710436373600, -0.9978128327999003000, 0.0000000000000000000 ) ) ;
#2244 = DIRECTION ( 'NONE',  ( 1.000000000000000000, 0.0000000000000000000, 0.0000000000000000000 ) ) ;
#2245 = CARTESIAN_POINT ( 'NONE',  ( 0.1469318449276434100, 0.1600000000000000000, 0.1787500000000000500 ) ) ;
#2246 = CARTESIAN_POINT ( 'NONE',  ( -0.1310470240948021800, 0.2699999999999999600, 0.02125000000000004700 ) ) ;
#2247 = EDGE_LOOP ( 'NONE', ( #856, #4096, #2133, #3148 ) ) ;
#2248 = ORIENTED_EDGE ( 'NONE', *, *, #1433, .T. ) ;
#2249 = EDGE_CURVE ( 'NONE', #552, #1213, #16, .T. ) ;
#2250 = VECTOR ( 'NONE', #5269, 39.37007874015748100 ) ;
#2251 = CARTESIAN_POINT ( 'NONE',  ( -0.1699999999999999800, 0.2700000000000000200, -0.1587500000000000000 ) ) ;
#2252 = VECTOR ( 'NONE', #2976, 39.37007874015748900 ) ;
#2253 = ORIENTED_EDGE ( 'NONE', *, *, #5150, .T. ) ;
#2254 = PLANE ( 'NONE',  #4875 ) ;
#2255 = LINE ( 'NONE', #3146, #4721 ) ;
#2256 = ORIENTED_EDGE ( 'NONE', *, *, #4951, .T. ) ;
#2257 = VERTEX_POINT ( 'NONE', #3019 ) ;
#2258 = ORIENTED_EDGE ( 'NONE', *, *, #1796, .T. ) ;
#2259 = CARTESIAN_POINT ( 'NONE',  ( 0.1274999999999998900, 0.2585000000000000100, 0.02125000000000004700 ) ) ;
#2260 = PRESENTATION_STYLE_ASSIGNMENT (( #513 ) ) ;
#2261 = EDGE_LOOP ( 'NONE', ( #3972, #4425, #4312, #905 ) ) ;
#2262 = VECTOR ( 'NONE', #2036, 39.37007874015748900 ) ;
#2263 =( NAMED_UNIT ( * ) PLANE_ANGLE_UNIT ( ) SI_UNIT ( $, .RADIAN. ) );
#2264 = DIRECTION ( 'NONE',  ( 7.038563640231725300E-018, 1.062465252090506800E-016, -1.000000000000000000 ) ) ;
#2265 = VECTOR ( 'NONE', #3922, 39.37007874015748100 ) ;
#2266 = DIRECTION ( 'NONE',  ( 0.04679272426934458900, -0.7063322309492396900, -0.7063322309492347000 ) ) ;
#2267 = ADVANCED_FACE ( 'NONE', ( #157 ), #2207, .F. ) ;
#2268 = EDGE_LOOP ( 'NONE', ( #2198, #837, #1875, #159 ) ) ;
#2269 = FACE_OUTER_BOUND ( 'NONE', #4343, .T. ) ;
#2270 = FILL_AREA_STYLE_COLOUR ( '', #3191 ) ;
#2271 = VECTOR ( 'NONE', #2858, 39.37007874015748900 ) ;
#2272 = CARTESIAN_POINT ( 'NONE',  ( -0.1565420173799203800, 0.01493525640970793700, 0.07418525640970775900 ) ) ;
#2273 = ORIENTED_EDGE ( 'NONE', *, *, #1820, .T. ) ;
#2274 = EDGE_CURVE ( 'NONE', #954, #760, #2091, .T. ) ;
#2275 = AXIS2_PLACEMENT_3D ( 'NONE', #1188, #3733, #3352 ) ;
#2276 = ORIENTED_EDGE ( 'NONE', *, *, #2461, .F. ) ;
#2277 = CARTESIAN_POINT ( 'NONE',  ( -0.1310470240948021800, 0.2485000000000000300, 0.1212500000000000400 ) ) ;
#2278 = LINE ( 'NONE', #3858, #2668 ) ;
#2279 = DIRECTION ( 'NONE',  ( -1.000000000000000000, -9.627253440664264800E-015, -0.0000000000000000000 ) ) ;
#2280 = ORIENTED_EDGE ( 'NONE', *, *, #2359, .T. ) ;
#2281 = CARTESIAN_POINT ( 'NONE',  ( 0.0000000000000000000, 0.3100000000000000500, 0.0000000000000000000 ) ) ;
#2282 = EDGE_CURVE ( 'NONE', #4207, #4999, #2023, .T. ) ;
#2283 = VECTOR ( 'NONE', #5007, 39.37007874015748900 ) ;
#2284 = LINE ( 'NONE', #3295, #2553 ) ;
#2285 =( GEOMETRIC_REPRESENTATION_CONTEXT ( 3 ) GLOBAL_UNCERTAINTY_ASSIGNED_CONTEXT ( ( #2741 ) ) GLOBAL_UNIT_ASSIGNED_CONTEXT ( ( #5071, #2495, #3781 ) ) REPRESENTATION_CONTEXT ( 'NONE', 'WORKASPACE' ) );
#2286 = CARTESIAN_POINT ( 'NONE',  ( -0.1683179463135507900, 0.01115063833466540200, 0.1550000000000000300 ) ) ;
#2287 = CARTESIAN_POINT ( 'NONE',  ( -0.1469318449276434100, 0.1600000000000000000, -0.06287286759728549800 ) ) ;
#2288 = DIRECTION ( 'NONE',  ( 0.0000000000000000000, 0.0000000000000000000, 1.000000000000000000 ) ) ;
#2289 = CARTESIAN_POINT ( 'NONE',  ( 0.1451100394641186300, 0.1875000000000000600, 0.1212500000000000400 ) ) ;
#2290 = VERTEX_POINT ( 'NONE', #4356 ) ;
#2291 = DIRECTION ( 'NONE',  ( 1.000000000000000000, 0.0000000000000000000, -0.0000000000000000000 ) ) ;
#2292 = EDGE_CURVE ( 'NONE', #1989, #288, #4214, .T. ) ;
#2293 = DIRECTION ( 'NONE',  ( -7.038563640231725300E-018, 1.062465252090506800E-016, -1.000000000000000000 ) ) ;
#2294 = ORIENTED_EDGE ( 'NONE', *, *, #3281, .F. ) ;
#2295 = DIRECTION ( 'NONE',  ( 0.0000000000000000000, 0.0000000000000000000, 1.000000000000000000 ) ) ;
#2296 = VECTOR ( 'NONE', #598, 39.37007874015748900 ) ;
#2297 = CARTESIAN_POINT ( 'NONE',  ( -2.599358428979363500E-015, 0.2700000000000012400, 0.07875000000000004200 ) ) ;
#2298 = ORIENTED_EDGE ( 'NONE', *, *, #4663, .F. ) ;
#2299 = AXIS2_PLACEMENT_3D ( 'NONE', #1166, #378, #4582 ) ;
#2300 = DIRECTION ( 'NONE',  ( -0.9978128327999003000, 0.06610257710436372200, -0.0000000000000000000 ) ) ;
#2301 = EDGE_LOOP ( 'NONE', ( #4948, #1518, #1909, #4261 ) ) ;
#2302 = DIRECTION ( 'NONE',  ( -0.9978128327999003000, 0.06610257710436372200, -0.0000000000000000000 ) ) ;
#2303 = DIRECTION ( 'NONE',  ( -0.9978128327999003000, 0.06610257710436372200, -0.0000000000000000000 ) ) ;
#2304 = CARTESIAN_POINT ( 'NONE',  ( 0.1275000000000000000, 0.2700000000000000200, -0.02124999999999996000 ) ) ;
#2305 = EDGE_CURVE ( 'NONE', #2845, #900, #3218, .T. ) ;
#2306 = EDGE_LOOP ( 'NONE', ( #3652, #3251, #1147, #3715 ) ) ;
#2307 = VERTEX_POINT ( 'NONE', #3140 ) ;
#2308 = AXIS2_PLACEMENT_3D ( 'NONE', #3964, #5279, #3577 ) ;
#2309 = CARTESIAN_POINT ( 'NONE',  ( 0.0000000000000000000, 0.1875000000000000300, 0.0000000000000000000 ) ) ;
#2310 = ORIENTED_EDGE ( 'NONE', *, *, #2841, .T. ) ;
#2311 = ORIENTED_EDGE ( 'NONE', *, *, #487, .F. ) ;
#2312 = EDGE_CURVE ( 'NONE', #1304, #5161, #5155, .T. ) ;
#2313 = FACE_OUTER_BOUND ( 'NONE', #4112, .T. ) ;
#2314 = AXIS2_PLACEMENT_3D ( 'NONE', #4701, #3937, #2648 ) ;
#2315 = DIRECTION ( 'NONE',  ( 0.0000000000000000000, -0.0000000000000000000, -1.000000000000000000 ) ) ;
#2316 = LINE ( 'NONE', #5503, #3708 ) ;
#2317 = VERTEX_POINT ( 'NONE', #2240 ) ;
#2318 = ORIENTED_EDGE ( 'NONE', *, *, #170, .T. ) ;
#2319 = LINE ( 'NONE', #2985, #3253 ) ;
#2320 = LINE ( 'NONE', #1142, #3320 ) ;
#2321 = ORIENTED_EDGE ( 'NONE', *, *, #843, .F. ) ;
#2322 = ORIENTED_EDGE ( 'NONE', *, *, #4014, .F. ) ;
#2323 = EDGE_CURVE ( 'NONE', #3370, #2257, #2673, .T. ) ;
#2324 = VERTEX_POINT ( 'NONE', #3153 ) ;
#2325 = ADVANCED_FACE ( 'NONE', ( #4403 ), #3008, .F. ) ;
#2326 = VECTOR ( 'NONE', #1057, 39.37007874015748900 ) ;
#2327 = ORIENTED_EDGE ( 'NONE', *, *, #2599, .F. ) ;
#2328 = LINE ( 'NONE', #1455, #683 ) ;
#2329 = PLANE ( 'NONE',  #791 ) ;
#2330 = ORIENTED_EDGE ( 'NONE', *, *, #4408, .F. ) ;
#2331 = ORIENTED_EDGE ( 'NONE', *, *, #5136, .F. ) ;
#2332 = ADVANCED_FACE ( 'NONE', ( #565 ), #5226, .F. ) ;
#2333 = CONICAL_SURFACE ( 'NONE', #444, 0.03749999999999999200, 0.2094395102393200000 ) ;
#2334 = DIRECTION ( 'NONE',  ( 0.9978128327999003000, 0.06610257710436372200, -0.0000000000000000000 ) ) ;
#2335 = EDGE_CURVE ( 'NONE', #3370, #2406, #1487, .T. ) ;
#2336 = ORIENTED_EDGE ( 'NONE', *, *, #4669, .T. ) ;
#2337 = LINE ( 'NONE', #2953, #825 ) ;
#2338 = LINE ( 'NONE', #1849, #71 ) ;
#2339 = LENGTH_MEASURE_WITH_UNIT ( LENGTH_MEASURE( 0.02539999999999999900 ), #4668 );
#2340 = CARTESIAN_POINT ( 'NONE',  ( -0.1525000000000000200, 0.2499212054077438500, -0.1212499999999999700 ) ) ;
#2341 = CARTESIAN_POINT ( 'NONE',  ( -0.1310470240948021800, 0.2700000000000000200, 0.1587500000000000000 ) ) ;
#2342 = DIRECTION ( 'NONE',  ( 0.0000000000000000000, 0.9781476007338054700, 0.2079116908177597900 ) ) ;
#2343 = AXIS2_PLACEMENT_3D ( 'NONE', #380, #5058, #4216 ) ;
#2344 = VECTOR ( 'NONE', #3163, 39.37007874015748900 ) ;
#2345 = ORIENTED_EDGE ( 'NONE', *, *, #1612, .T. ) ;
#2346 = CARTESIAN_POINT ( 'NONE',  ( -0.1310470240948020700, 0.2585000000000000100, 0.1212500000000000400 ) ) ;
#2347 = ORIENTED_EDGE ( 'NONE', *, *, #4291, .T. ) ;
#2348 = CARTESIAN_POINT ( 'NONE',  ( -0.1568430987363519400, 0.01039045869796522000, 0.05500000000000002800 ) ) ;
#2349 = LINE ( 'NONE', #5090, #82 ) ;
#2350 = EDGE_CURVE ( 'NONE', #773, #4577, #1889, .T. ) ;
#2351 = ORIENTED_EDGE ( 'NONE', *, *, #5533, .F. ) ;
#2352 = DIMENSIONAL_EXPONENTS ( 1.000000000000000000, 0.0000000000000000000, 0.0000000000000000000, 0.0000000000000000000, 0.0000000000000000000, 0.0000000000000000000, 0.0000000000000000000 ) ;
#2353 = VECTOR ( 'NONE', #3810, 39.37007874015748100 ) ;
#2354 = EDGE_CURVE ( 'NONE', #2793, #1500, #702, .T. ) ;
#2355 = EDGE_LOOP ( 'NONE', ( #2322, #2064, #1290, #5228 ) ) ;
#2356 = DIRECTION ( 'NONE',  ( -0.04679272426934443600, -0.7063322309492373600, 0.7063322309492368100 ) ) ;
#2357 = ADVANCED_FACE ( 'NONE', ( #2871 ), #4004, .F. ) ;
#2358 = DIRECTION ( 'NONE',  ( 0.9978128327999003000, 0.06610257710436372200, -0.0000000000000000000 ) ) ;
#2359 = EDGE_CURVE ( 'NONE', #41, #824, #1036, .T. ) ;
#2360 = CARTESIAN_POINT ( 'NONE',  ( 0.1699999999999999800, -0.01423982036329964400, -0.1550000000000000000 ) ) ;
#2361 = ORIENTED_EDGE ( 'NONE', *, *, #2282, .T. ) ;
#2362 = CARTESIAN_POINT ( 'NONE',  ( -2.599358428979363500E-015, 0.2700000000000012400, -0.1212499999999999700 ) ) ;
#2363 = ORIENTED_EDGE ( 'NONE', *, *, #2804, .T. ) ;
#2364 = VERTEX_POINT ( 'NONE', #2259 ) ;
#2365 = AXIS2_PLACEMENT_3D ( 'NONE', #4748, #5447, #5167 ) ;
#2366 = DIRECTION ( 'NONE',  ( 0.0000000000000000000, 0.0000000000000000000, 1.000000000000000000 ) ) ;
#2367 = CARTESIAN_POINT ( 'NONE',  ( 0.1275000000000000000, 0.1875000000000000300, 0.1800383048896593600 ) ) ;
#2368 = ORIENTED_EDGE ( 'NONE', *, *, #281, .F. ) ;
#2369 = ORIENTED_EDGE ( 'NONE', *, *, #4349, .T. ) ;
#2370 = DIRECTION ( 'NONE',  ( -0.04679272426934458900, -0.7063322309492396900, -0.7063322309492347000 ) ) ;
#2371 = ADVANCED_FACE ( 'NONE', ( #2421 ), #1419, .F. ) ;
#2372 = VECTOR ( 'NONE', #5003, 39.37007874015748100 ) ;
#2373 = EDGE_CURVE ( 'NONE', #954, #1235, #3280, .T. ) ;
#2374 = LENGTH_MEASURE_WITH_UNIT ( LENGTH_MEASURE( 0.02539999999999999900 ), #389 );
#2375 = AXIS2_PLACEMENT_3D ( 'NONE', #3820, #2555, #1710 ) ;
#2376 = ORIENTED_EDGE ( 'NONE', *, *, #244, .T. ) ;
#2377 = CARTESIAN_POINT ( 'NONE',  ( 0.1585251524228011300, -0.01499999999999983600, -0.04499999999999998400 ) ) ;
#2378 = DIRECTION ( 'NONE',  ( 0.0000000000000000000, 0.0000000000000000000, 1.000000000000000000 ) ) ;
#2379 = VECTOR ( 'NONE', #4830, 39.37007874015748100 ) ;
#2380 = ADVANCED_FACE ( 'NONE', ( #1701 ), #640, .F. ) ;
#2381 = LINE ( 'NONE', #4678, #5115 ) ;
#2382 = ORIENTED_EDGE ( 'NONE', *, *, #4718, .F. ) ;
#2383 = ORIENTED_EDGE ( 'NONE', *, *, #5533, .T. ) ;
#2384 = DIRECTION ( 'NONE',  ( -0.06610257710436372200, 0.9978128327999003000, 1.064794134897212500E-016 ) ) ;
#2385 = EDGE_CURVE ( 'NONE', #1989, #4760, #1308, .T. ) ;
#2386 = AXIS2_PLACEMENT_3D ( 'NONE', #1898, #1473, #2681 ) ;
#2387 = CARTESIAN_POINT ( 'NONE',  ( -0.1525000000000000200, 0.2499212054077438500, 0.1212500000000000400 ) ) ;
#2388 = EDGE_LOOP ( 'NONE', ( #735, #1527, #1566, #4047, #2190, #1668, #2095, #4127, #3511, #3323, #1435, #404, #2549, #1316 ) ) ;
#2389 = VECTOR ( 'NONE', #4241, 39.37007874015748100 ) ;
#2390 = ORIENTED_EDGE ( 'NONE', *, *, #5425, .F. ) ;
#2391 = ORIENTED_EDGE ( 'NONE', *, *, #3451, .F. ) ;
#2392 = DIRECTION ( 'NONE',  ( 0.9978128327999003000, -0.06610257710436372200, 0.0000000000000000000 ) ) ;
#2393 = DIRECTION ( 'NONE',  ( 0.04679272426934458900, -0.7063322309492396900, -0.7063322309492347000 ) ) ;
#2394 = FACE_OUTER_BOUND ( 'NONE', #1716, .T. ) ;
#2395 = DIRECTION ( 'NONE',  ( 9.627253440664264800E-015, 1.000000000000000000, 0.0000000000000000000 ) ) ;
#2396 = EDGE_CURVE ( 'NONE', #3370, #2161, #2943, .T. ) ;
#2397 = DIRECTION ( 'NONE',  ( 1.000000000000000000, -0.0000000000000000000, -0.0000000000000000000 ) ) ;
#2398 = VERTEX_POINT ( 'NONE', #3169 ) ;
#2399 = VECTOR ( 'NONE', #5023, 39.37007874015748100 ) ;
#2400 = DIRECTION ( 'NONE',  ( 1.000000000000000000, -0.0000000000000000000, -0.0000000000000000000 ) ) ;
#2401 = LINE ( 'NONE', #2682, #2265 ) ;
#2402 = CARTESIAN_POINT ( 'NONE',  ( 0.1310470240948021800, 0.2485000000000000300, 0.1787500000000000500 ) ) ;
#2403 = DIRECTION ( 'NONE',  ( -0.9978128327999003000, 0.06610257710436372200, -0.0000000000000000000 ) ) ;
#2404 = VERTEX_POINT ( 'NONE', #1135 ) ;
#2405 = LINE ( 'NONE', #1355, #3596 ) ;
#2406 = VERTEX_POINT ( 'NONE', #1108 ) ;
#2407 = DIRECTION ( 'NONE',  ( 0.06610257710436373600, -0.9978128327999003000, 0.0000000000000000000 ) ) ;
#2408 = VECTOR ( 'NONE', #4515, 39.37007874015748100 ) ;
#2409 = AXIS2_PLACEMENT_3D ( 'NONE', #5422, #5480, #3354 ) ;
#2410 = CARTESIAN_POINT ( 'NONE',  ( 0.1469318449276434100, 0.1600000000000000000, -0.1407499999999999900 ) ) ;
#2411 = ORIENTED_EDGE ( 'NONE', *, *, #618, .F. ) ;
#2412 = DIRECTION ( 'NONE',  ( 1.000000000000000000, -9.627253440664264800E-015, -0.0000000000000000000 ) ) ;
#2413 = VERTEX_POINT ( 'NONE', #1563 ) ;
#2414 = LINE ( 'NONE', #4498, #1300 ) ;
#2415 = VECTOR ( 'NONE', #75, 39.37007874015748100 ) ;
#2416 = DIRECTION ( 'NONE',  ( -0.9978128327999003000, -0.06610257710436372200, 0.0000000000000000000 ) ) ;
#2417 = CARTESIAN_POINT ( 'NONE',  ( -0.1578129921052414400, -0.004249999999999901400, -0.05499999999999997900 ) ) ;
#2418 = AXIS2_PLACEMENT_3D ( 'NONE', #2082, #3769, #1662 ) ;
#2419 = DIRECTION ( 'NONE',  ( 0.0000000000000000000, 0.0000000000000000000, 1.000000000000000000 ) ) ;
#2420 = ORIENTED_EDGE ( 'NONE', *, *, #3292, .T. ) ;
#2421 = FACE_OUTER_BOUND ( 'NONE', #4411, .T. ) ;
#2422 = LINE ( 'NONE', #772, #787 ) ;
#2423 = CARTESIAN_POINT ( 'NONE',  ( -0.1275000000000000000, 0.2700000000000000200, 0.1862500000000000000 ) ) ;
#2424 = CARTESIAN_POINT ( 'NONE',  ( -2.599358428979363500E-015, 0.2700000000000012400, -0.1212499999999999700 ) ) ;
#2425 = ORIENTED_EDGE ( 'NONE', *, *, #761, .F. ) ;
#2426 = EDGE_CURVE ( 'NONE', #2591, #1989, #152, .T. ) ;
#2427 = LENGTH_MEASURE_WITH_UNIT ( LENGTH_MEASURE( 0.02539999999999999900 ), #423 );
#2428 = ORIENTED_EDGE ( 'NONE', *, *, #3519, .F. ) ;
#2429 = CARTESIAN_POINT ( 'NONE',  ( -0.1568430987363519400, 0.01039045869796522000, -0.07874999999999995900 ) ) ;
#2430 = CARTESIAN_POINT ( 'NONE',  ( -0.1699999999999999800, 0.2700000000000000200, -0.1587500000000000000 ) ) ;
#2431 = EDGE_CURVE ( 'NONE', #4930, #2094, #293, .T. ) ;
#2432 = ORIENTED_EDGE ( 'NONE', *, *, #4611, .F. ) ;
#2433 = CARTESIAN_POINT ( 'NONE',  ( -0.1584066925048422700, 0.1607601796367002200, -0.1371271324027144900 ) ) ;
#2434 = CARTESIAN_POINT ( 'NONE',  ( -0.1275000000000000000, 0.2700000000000000200, -0.1862500000000000000 ) ) ;
#2435 = ORIENTED_EDGE ( 'NONE', *, *, #3141, .T. ) ;
#2436 = VERTEX_POINT ( 'NONE', #217 ) ;
#2437 = CARTESIAN_POINT ( 'NONE',  ( 2.599358428979363500E-015, 0.2700000000000012400, 0.07875000000000004200 ) ) ;
#2438 = ADVANCED_FACE ( 'NONE', ( #841 ), #5016, .F. ) ;
#2439 = EDGE_LOOP ( 'NONE', ( #1720, #4380, #3428, #2722 ) ) ;
#2440 = CARTESIAN_POINT ( 'NONE',  ( -0.1310470240948021800, 0.2485000000000000300, 0.02125000000000004700 ) ) ;
#2441 = VERTEX_POINT ( 'NONE', #2803 ) ;
#2442 = ORIENTED_EDGE ( 'NONE', *, *, #587, .T. ) ;
#2443 = AXIS2_PLACEMENT_3D ( 'NONE', #5502, #4707, #3440 ) ;
#2444 = CARTESIAN_POINT ( 'NONE',  ( -0.1275000000000000000, 0.2700000000000000200, -0.1862500000000000000 ) ) ;
#2445 = COLOUR_RGB ( '',0.7921568627450980000, 0.8196078431372548800, 0.9333333333333333500 ) ;
#2446 = VECTOR ( 'NONE', #3136, 39.37007874015748900 ) ;
#2447 = DIRECTION ( 'NONE',  ( 1.000000000000000000, 9.627253440664264800E-015, 0.0000000000000000000 ) ) ;
#2448 = PLANE ( 'NONE',  #1113 ) ;
#2449 = CLOSED_SHELL ( 'NONE', ( #4198, #1031, #2267, #1725, #4832, #4898, #1001, #749, #2703, #1314, #3196, #576, #5070, #3689, #5121, #1336, #1700, #951, #5233, #2467, #1906, #1389, #2129, #2810 ) ) ;
#2450 = EDGE_CURVE ( 'NONE', #1794, #5536, #2148, .T. ) ;
#2451 = FACE_OUTER_BOUND ( 'NONE', #4523, .T. ) ;
#2452 = MECHANICAL_DESIGN_GEOMETRIC_PRESENTATION_REPRESENTATION (  '', ( #756 ), #3018 ) ;
#2453 = ORIENTED_EDGE ( 'NONE', *, *, #5069, .T. ) ;
#2454 = ORIENTED_EDGE ( 'NONE', *, *, #771, .F. ) ;
#2455 = CARTESIAN_POINT ( 'NONE',  ( 0.1275000000000000000, 0.2700000000000000200, -0.02124999999999996000 ) ) ;
#2456 = EDGE_LOOP ( 'NONE', ( #3224, #1583, #867, #2428 ) ) ;
#2457 = ORIENTED_EDGE ( 'NONE', *, *, #146, .T. ) ;
#2458 = DIRECTION ( 'NONE',  ( 0.06610257710436372200, 0.9978128327999003000, 0.0000000000000000000 ) ) ;
#2459 = ORIENTED_EDGE ( 'NONE', *, *, #1228, .T. ) ;
#2460 = FACE_OUTER_BOUND ( 'NONE', #5261, .T. ) ;
#2461 = EDGE_CURVE ( 'NONE', #1009, #5427, #2802, .T. ) ;
#2462 = EDGE_LOOP ( 'NONE', ( #3961, #2577, #3405, #4179 ) ) ;
#2463 =( NAMED_UNIT ( * ) PLANE_ANGLE_UNIT ( ) SI_UNIT ( $, .RADIAN. ) );
#2464 = ORIENTED_EDGE ( 'NONE', *, *, #5324, .T. ) ;
#2465 = LINE ( 'NONE', #3566, #5141 ) ;
#2466 = PLANE ( 'NONE',  #1896 ) ;
#2467 = ADVANCED_FACE ( 'NONE', ( #3818 ), #3615, .F. ) ;
#2468 = CARTESIAN_POINT ( 'NONE',  ( 0.1310470240948021800, 0.2699999999999999600, 0.1212500000000000400 ) ) ;
#2469 = EDGE_CURVE ( 'NONE', #5536, #824, #5417, .T. ) ;
#2470 = CARTESIAN_POINT ( 'NONE',  ( 0.1222506801884445500, 0.3300000000000000200, -0.1810006801884445600 ) ) ;
#2471 = VECTOR ( 'NONE', #4740, 39.37007874015748100 ) ;
#2472 = PLANE ( 'NONE',  #3974 ) ;
#2473 = CARTESIAN_POINT ( 'NONE',  ( -0.1469318449276434100, 0.1600000000000000000, -0.1407499999999999900 ) ) ;
#2474 = VECTOR ( 'NONE', #5382, 39.37007874015748100 ) ;
#2475 = ORIENTED_EDGE ( 'NONE', *, *, #4020, .T. ) ;
#2476 = VERTEX_POINT ( 'NONE', #4499 ) ;
#2477 = VECTOR ( 'NONE', #1484, 39.37007874015748900 ) ;
#2478 = VECTOR ( 'NONE', #3439, 39.37007874015748100 ) ;
#2479 = CARTESIAN_POINT ( 'NONE',  ( 0.1683179463135507900, 0.01115063833466540200, 0.1407500000000000400 ) ) ;
#2480 = ORIENTED_EDGE ( 'NONE', *, *, #4279, .F. ) ;
#2481 = CARTESIAN_POINT ( 'NONE',  ( -0.1469318449276434100, 0.1600000000000000000, -0.1212499999999999700 ) ) ;
#2482 = FACE_OUTER_BOUND ( 'NONE', #4561, .T. ) ;
#2483 = EDGE_CURVE ( 'NONE', #4119, #5536, #763, .T. ) ;
#2484 = CARTESIAN_POINT ( 'NONE',  ( 0.1525000000000000200, 0.2499212054077438500, -0.1587500000000000000 ) ) ;
#2485 = ORIENTED_EDGE ( 'NONE', *, *, #2748, .F. ) ;
#2486 = DIRECTION ( 'NONE',  ( 1.000000000000000000, -0.0000000000000000000, -0.0000000000000000000 ) ) ;
#2487 = DIRECTION ( 'NONE',  ( -0.9978128327999003000, 0.06610257710436316700, 0.0000000000000000000 ) ) ;
#2488 = LINE ( 'NONE', #4492, #912 ) ;
#2489 = CARTESIAN_POINT ( 'NONE',  ( 0.1699999999999999800, -0.01423982036329964400, -0.1449999999999999900 ) ) ;
#2490 = CARTESIAN_POINT ( 'NONE',  ( -0.1578129921052414400, -0.004249999999999923100, 0.05500000000000002800 ) ) ;
#2491 = EDGE_CURVE ( 'NONE', #4082, #3569, #3877, .T. ) ;
#2492 = ORIENTED_EDGE ( 'NONE', *, *, #3598, .T. ) ;
#2493 = ADVANCED_FACE ( 'NONE', ( #2019 ), #5335, .T. ) ;
#2494 = AXIS2_PLACEMENT_3D ( 'NONE', #5100, #4685, #3400 ) ;
#2495 =( NAMED_UNIT ( * ) PLANE_ANGLE_UNIT ( ) SI_UNIT ( $, .RADIAN. ) );
#2496 = CARTESIAN_POINT ( 'NONE',  ( -0.1683179463135507900, 0.01115063833466540200, 0.1212500000000000400 ) ) ;
#2497 = ORIENTED_EDGE ( 'NONE', *, *, #1776, .T. ) ;
#2498 = DIRECTION ( 'NONE',  ( 0.0000000000000000000, 0.0000000000000000000, 1.000000000000000000 ) ) ;
#2499 = EDGE_CURVE ( 'NONE', #2257, #3559, #4816, .T. ) ;
#2500 = DIRECTION ( 'NONE',  ( -1.000000000000000000, -9.627253440664264800E-015, 0.0000000000000000000 ) ) ;
#2501 = DIRECTION ( 'NONE',  ( 0.0000000000000000000, 1.000000000000000000, 0.0000000000000000000 ) ) ;
#2502 = VERTEX_POINT ( 'NONE', #3241 ) ;
#2503 = DIRECTION ( 'NONE',  ( 0.0000000000000000000, 0.0000000000000000000, 1.000000000000000000 ) ) ;
#2504 = CARTESIAN_POINT ( 'NONE',  ( 0.1683179463135507900, 0.01115063833466540200, 0.1550000000000000300 ) ) ;
#2505 = VERTEX_POINT ( 'NONE', #2033 ) ;
#2506 = DIRECTION ( 'NONE',  ( 0.0000000000000000000, 0.0000000000000000000, 1.000000000000000000 ) ) ;
#2507 = CARTESIAN_POINT ( 'NONE',  ( 0.1451100394641186300, 0.1875000000000000600, -0.07874999999999995900 ) ) ;
#2508 = EDGE_CURVE ( 'NONE', #4186, #2883, #486, .T. ) ;
#2509 = VECTOR ( 'NONE', #4559, 39.37007874015748900 ) ;
#2510 = VECTOR ( 'NONE', #4475, 39.37007874015748900 ) ;
#2511 = ORIENTED_EDGE ( 'NONE', *, *, #4423, .T. ) ;
#2512 =( NAMED_UNIT ( * ) PLANE_ANGLE_UNIT ( ) SI_UNIT ( $, .RADIAN. ) );
#2513 = PLANE ( 'NONE',  #2660 ) ;
#2514 = SURFACE_STYLE_FILL_AREA ( #583 ) ;
#2515 = LINE ( 'NONE', #3397, #257 ) ;
#2516 = AXIS2_PLACEMENT_3D ( 'NONE', #1437, #1859, #1879 ) ;
#2517 = EDGE_LOOP ( 'NONE', ( #339, #3494, #5034, #4187 ) ) ;
#2518 = ORIENTED_EDGE ( 'NONE', *, *, #3628, .T. ) ;
#2519 = CARTESIAN_POINT ( 'NONE',  ( 0.1585251524228011300, -0.01499999999999983600, -0.05499999999999997900 ) ) ;
#2520 = ADVANCED_FACE ( 'NONE', ( #4679 ), #1966, .F. ) ;
#2521 = CARTESIAN_POINT ( 'NONE',  ( -0.1683179463135507900, 0.01115063833466540200, 0.07875000000000004200 ) ) ;
#2522 = LINE ( 'NONE', #184, #3921 ) ;
#2523 = DIRECTION ( 'NONE',  ( -0.9978128327999003000, -0.06610257710436372200, -0.0000000000000000000 ) ) ;
#2524 = ORIENTED_EDGE ( 'NONE', *, *, #3879, .T. ) ;
#2525 = LINE ( 'NONE', #19, #2540 ) ;
#2526 = ORIENTED_EDGE ( 'NONE', *, *, #4178, .T. ) ;
#2527 = EDGE_CURVE ( 'NONE', #2161, #5188, #2738, .T. ) ;
#2528 = CARTESIAN_POINT ( 'NONE',  ( -0.1575314403517876200, 5.975917486140575200E-017, 0.04075000000000003600 ) ) ;
#2529 = CYLINDRICAL_SURFACE ( 'NONE', #5208, 0.009999999999999979400 ) ;
#2530 = DIRECTION ( 'NONE',  ( 9.627253440664264800E-015, 1.000000000000000000, -0.0000000000000000000 ) ) ;
#2531 = EDGE_LOOP ( 'NONE', ( #4371, #1559, #2526, #2622, #1803, #1846, #4172, #5140 ) ) ;
#2532 = LINE ( 'NONE', #770, #4661 ) ;
#2533 = CARTESIAN_POINT ( 'NONE',  ( 0.0000000000000000000, 0.0000000000000000000, 0.0000000000000000000 ) ) ;
#2534 = LINE ( 'NONE', #2771, #275 ) ;
#2535 = EDGE_CURVE ( 'NONE', #2543, #2436, #1632, .T. ) ;
#2536 = CIRCLE ( 'NONE', #3617, 0.009999999999999979400 ) ;
#2537 = DIRECTION ( 'NONE',  ( 1.000000000000000000, 0.0000000000000000000, 0.0000000000000000000 ) ) ;
#2538 = CARTESIAN_POINT ( 'NONE',  ( 0.1683179463135507900, 0.01115063833466540200, -0.1587500000000000000 ) ) ;
#2539 = CARTESIAN_POINT ( 'NONE',  ( 0.1310470240948021800, 0.2700000000000000200, -0.1587500000000000000 ) ) ;
#2540 = VECTOR ( 'NONE', #2180, 39.37007874015748100 ) ;
#2541 = DIRECTION ( 'NONE',  ( -0.0000000000000000000, -0.0000000000000000000, -1.000000000000000000 ) ) ;
#2542 = CARTESIAN_POINT ( 'NONE',  ( -0.1565848870413174800, 0.1882601796367001900, -0.1212499999999999700 ) ) ;
#2543 = VERTEX_POINT ( 'NONE', #1581 ) ;
#2544 = VECTOR ( 'NONE', #1120, 39.37007874015748900 ) ;
#2545 = VECTOR ( 'NONE', #1007, 39.37007874015748100 ) ;
#2546 = DIRECTION ( 'NONE',  ( 0.06610257710436373600, -0.9978128327999003000, 0.0000000000000000000 ) ) ;
#2547 = CARTESIAN_POINT ( 'NONE',  ( 0.1683179463135507900, 0.01115063833466540200, 0.1407500000000000400 ) ) ;
#2548 = DIRECTION ( 'NONE',  ( 0.9978128327999003000, 0.06610257710436316700, 0.0000000000000000000 ) ) ;
#2549 = ORIENTED_EDGE ( 'NONE', *, *, #1096, .F. ) ;
#2550 = DIRECTION ( 'NONE',  ( 0.03299702755569916500, 0.4980873512290799900, 0.8664988094152741300 ) ) ;
#2551 = LINE ( 'NONE', #734, #2283 ) ;
#2552 = ADVANCED_FACE ( 'NONE', ( #1562 ), #5438, .T. ) ;
#2553 = VECTOR ( 'NONE', #765, 39.37007874015748900 ) ;
#2554 = EDGE_LOOP ( 'NONE', ( #371, #4270, #4101, #3263 ) ) ;
#2555 = DIRECTION ( 'NONE',  ( 0.0000000000000000000, 0.0000000000000000000, 1.000000000000000000 ) ) ;
#2556 = LINE ( 'NONE', #5524, #1436 ) ;
#2557 = ORIENTED_EDGE ( 'NONE', *, *, #649, .T. ) ;
#2558 = CARTESIAN_POINT ( 'NONE',  ( -0.1310470240948021800, 0.2585000000000000100, -0.02124999999999996000 ) ) ;
#2559 = EDGE_CURVE ( 'NONE', #3723, #4306, #903, .T. ) ;
#2560 = VECTOR ( 'NONE', #4622, 39.37007874015748900 ) ;
#2561 = AXIS2_PLACEMENT_3D ( 'NONE', #2362, #5353, #3225 ) ;
#2562 = EDGE_LOOP ( 'NONE', ( #4151, #1595, #4564, #1886 ) ) ;
#2563 = CARTESIAN_POINT ( 'NONE',  ( 0.03320279457757047800, 0.3100000000000000500, -0.1827504534589630400 ) ) ;
#2564 = DIRECTION ( 'NONE',  ( -0.0000000000000000000, 1.000000000000000000, -0.0000000000000000000 ) ) ;
#2565 = PLANE ( 'NONE',  #3771 ) ;
#2566 = CARTESIAN_POINT ( 'NONE',  ( 0.1683179463135507900, 0.01115063833466540200, -0.04499999999999998400 ) ) ;
#2567 = EDGE_CURVE ( 'NONE', #1219, #1663, #4879, .T. ) ;
#2568 = AXIS2_PLACEMENT_3D ( 'NONE', #3839, #4245, #5109 ) ;
#2569 = EDGE_LOOP ( 'NONE', ( #4897, #1211, #179, #4585 ) ) ;
#2570 = CARTESIAN_POINT ( 'NONE',  ( 0.1539194572176712000, 0.05452258113005163700, -0.09802454858070533400 ) ) ;
#2571 = ORIENTED_EDGE ( 'NONE', *, *, #1622, .T. ) ;
#2572 = EDGE_CURVE ( 'NONE', #4540, #2612, #3608, .T. ) ;
#2573 = VECTOR ( 'NONE', #1845, 39.37007874015748100 ) ;
#2574 = ADVANCED_FACE ( 'NONE', ( #3946 ), #294, .F. ) ;
#2575 = CARTESIAN_POINT ( 'NONE',  ( -0.1575645640874880600, -0.0004999999999999363700, 0.1587499999999999700 ) ) ;
#2576 = ORIENTED_EDGE ( 'NONE', *, *, #5481, .T. ) ;
#2577 = ORIENTED_EDGE ( 'NONE', *, *, #3845, .F. ) ;
#2578 = VECTOR ( 'NONE', #3868, 39.37007874015748900 ) ;
#2579 = FACE_OUTER_BOUND ( 'NONE', #454, .T. ) ;
#2580 = DIRECTION ( 'NONE',  ( 0.06610257710436372200, 0.9978128327999003000, 0.0000000000000000000 ) ) ;
#2581 = VERTEX_POINT ( 'NONE', #1623 ) ;
#2582 = ORIENTED_EDGE ( 'NONE', *, *, #4837, .T. ) ;
#2583 = FILL_AREA_STYLE ('',( #3816 ) ) ;
#2584 = MECHANICAL_DESIGN_GEOMETRIC_PRESENTATION_REPRESENTATION (  '', ( #11 ), #3406 ) ;
#2585 = VECTOR ( 'NONE', #2564, 39.37007874015748100 ) ;
#2586 = ORIENTED_EDGE ( 'NONE', *, *, #4135, .F. ) ;
#2587 = ORIENTED_EDGE ( 'NONE', *, *, #3495, .T. ) ;
#2588 = VERTEX_POINT ( 'NONE', #1239 ) ;
#2589 = EDGE_CURVE ( 'NONE', #5427, #5527, #2609, .T. ) ;
#2590 = VECTOR ( 'NONE', #4788, 39.37007874015748100 ) ;
#2591 = VERTEX_POINT ( 'NONE', #782 ) ;
#2592 = LINE ( 'NONE', #5399, #882 ) ;
#2593 = VERTEX_POINT ( 'NONE', #723 ) ;
#2594 = CARTESIAN_POINT ( 'NONE',  ( -0.1469318449276434100, 0.1600000000000000000, -0.02124999999999996000 ) ) ;
#2595 = CARTESIAN_POINT ( 'NONE',  ( -0.1568430987363519400, 0.01039045869796522000, 0.07875000000000004200 ) ) ;
#2596 = DIRECTION ( 'NONE',  ( -0.06610257710436372200, -0.9978128327999003000, 0.0000000000000000000 ) ) ;
#2597 = LENGTH_MEASURE_WITH_UNIT ( LENGTH_MEASURE( 0.02539999999999999900 ), #5317 );
#2598 = VECTOR ( 'NONE', #2701, 39.37007874015748100 ) ;
#2599 = EDGE_CURVE ( 'NONE', #3713, #1576, #5282, .T. ) ;
#2600 = DIRECTION ( 'NONE',  ( -1.000000000000000000, 0.0000000000000000000, 0.0000000000000000000 ) ) ;
#2601 = CARTESIAN_POINT ( 'NONE',  ( 0.1680168649571192300, 0.01569543604640812100, -0.02581474359029225400 ) ) ;
#2602 = DIRECTION ( 'NONE',  ( -0.9978128327999003000, -0.06610257710436372200, 0.0000000000000000000 ) ) ;
#2603 = ADVANCED_FACE ( 'NONE', ( #439 ), #3702, .F. ) ;
#2604 = VECTOR ( 'NONE', #2070, 39.37007874015748900 ) ;
#2605 = EDGE_CURVE ( 'NONE', #3431, #4972, #2284, .T. ) ;
#2606 = LINE ( 'NONE', #4822, #4667 ) ;
#2607 = ORIENTED_EDGE ( 'NONE', *, *, #3592, .T. ) ;
#2608 = DIRECTION ( 'NONE',  ( -0.06610257710436372200, 0.9978128327999003000, 0.0000000000000000000 ) ) ;
#2609 = CIRCLE ( 'NONE', #1821, 0.02149999999999997700 ) ;
#2610 = DIRECTION ( 'NONE',  ( 0.06610257710436372200, -0.9978128327999003000, -0.0000000000000000000 ) ) ;
#2611 = CARTESIAN_POINT ( 'NONE',  ( -0.1310470240948021800, 0.2485000000000000300, 0.1587500000000000000 ) ) ;
#2612 = VERTEX_POINT ( 'NONE', #329 ) ;
#2613 = DIRECTION ( 'NONE',  ( -0.04679272426934443600, -0.7063322309492373600, 0.7063322309492368100 ) ) ;
#2614 = EDGE_CURVE ( 'NONE', #4642, #3926, #13, .T. ) ;
#2615 = VECTOR ( 'NONE', #4512, 39.37007874015748100 ) ;
#2616 = CARTESIAN_POINT ( 'NONE',  ( -0.1274999999999998900, 0.2585000000000000100, 0.07875000000000004200 ) ) ;
#2617 = CARTESIAN_POINT ( 'NONE',  ( -0.1274999999999998900, 0.2585000000000000100, 0.02125000000000004700 ) ) ;
#2618 = PLANE ( 'NONE',  #4867 ) ;
#2619 = ORIENTED_EDGE ( 'NONE', *, *, #213, .T. ) ;
#2620 = CARTESIAN_POINT ( 'NONE',  ( 0.1310470240948021800, 0.2485000000000000300, -0.02124999999999996000 ) ) ;
#2621 = PLANE ( 'NONE',  #3056 ) ;
#2622 = ORIENTED_EDGE ( 'NONE', *, *, #4211, .F. ) ;
#2623 = VERTEX_POINT ( 'NONE', #4597 ) ;
#2624 = ADVANCED_FACE ( 'NONE', ( #3407 ), #2020, .T. ) ;
#2625 = DIRECTION ( 'NONE',  ( 0.06610257710436373600, -0.9978128327999003000, 0.0000000000000000000 ) ) ;
#2626 = EDGE_CURVE ( 'NONE', #943, #3115, #1432, .T. ) ;
#2627 = VERTEX_POINT ( 'NONE', #1320 ) ;
#2628 = AXIS2_PLACEMENT_3D ( 'NONE', #1353, #2138, #8 ) ;
#2629 = CARTESIAN_POINT ( 'NONE',  ( -0.1410251524228011700, 0.2491610257710437400, 0.1787500000000000500 ) ) ;
#2630 = EDGE_LOOP ( 'NONE', ( #4710, #2671, #1174, #1904 ) ) ;
#2631 = CARTESIAN_POINT ( 'NONE',  ( 0.1699999999999999800, -0.01423982036329964400, 0.1450000000000000200 ) ) ;
#2632 = DIRECTION ( 'NONE',  ( -0.0000000000000000000, 0.0000000000000000000, 1.000000000000000000 ) ) ;
#2633 = CARTESIAN_POINT ( 'NONE',  ( 0.1584424619161284900, -0.01375179376776140100, 0.05450179376776150000 ) ) ;
#2634 = EDGE_CURVE ( 'NONE', #3515, #5450, #1823, .T. ) ;
#2635 = AXIS2_PLACEMENT_3D ( 'NONE', #271, #2818, #1597 ) ;
#2636 = VERTEX_POINT ( 'NONE', #4706 ) ;
#2637 = DIRECTION ( 'NONE',  ( 0.06610257710436372200, -0.9978128327999003000, -1.195558326902133200E-016 ) ) ;
#2638 = VECTOR ( 'NONE', #4618, 39.37007874015748900 ) ;
#2639 = VERTEX_POINT ( 'NONE', #2160 ) ;
#2640 = ORIENTED_EDGE ( 'NONE', *, *, #2728, .F. ) ;
#2641 = CARTESIAN_POINT ( 'NONE',  ( -0.1699999999999999800, -0.01423982036329973400, -0.1212499999999999700 ) ) ;
#2642 = CYLINDRICAL_SURFACE ( 'NONE', #100, 0.02149999999999997700 ) ;
#2643 = PLANE ( 'NONE',  #2055 ) ;
#2644 = LINE ( 'NONE', #4863, #400 ) ;
#2645 = ORIENTED_EDGE ( 'NONE', *, *, #474, .T. ) ;
#2646 = EDGE_LOOP ( 'NONE', ( #3131, #3635, #4691, #9 ) ) ;
#2647 = DIRECTION ( 'NONE',  ( 1.000000000000000000, 0.0000000000000000000, 0.0000000000000000000 ) ) ;
#2648 = DIRECTION ( 'NONE',  ( 0.05727780436021254200, -0.8646036316403955500, 0.4991791394699025600 ) ) ;
#2649 = DIRECTION ( 'NONE',  ( -0.08682659386424780600, -0.9924325091389671900, 0.08682659386424780600 ) ) ;
#2650 = ORIENTED_EDGE ( 'NONE', *, *, #2713, .F. ) ;
#2651 = LINE ( 'NONE', #3874, #4514 ) ;
#2652 = ORIENTED_EDGE ( 'NONE', *, *, #3203, .F. ) ;
#2653 = ADVANCED_FACE ( 'NONE', ( #5217 ), #2513, .T. ) ;
#2654 =( CONVERSION_BASED_UNIT ( 'INCH', #544 ) LENGTH_UNIT ( ) NAMED_UNIT ( #1024 ) );
#2655 = LINE ( 'NONE', #3894, #4383 ) ;
#2656 = ORIENTED_EDGE ( 'NONE', *, *, #1483, .F. ) ;
#2657 = VECTOR ( 'NONE', #1245, 39.37007874015748900 ) ;
#2658 = CARTESIAN_POINT ( 'NONE',  ( -0.1683179463135507900, 0.01115063833466540200, -0.1550000000000000000 ) ) ;
#2659 = EDGE_CURVE ( 'NONE', #3445, #3569, #2349, .T. ) ;
#2660 = AXIS2_PLACEMENT_3D ( 'NONE', #4657, #3393, #4277 ) ;
#2661 = VECTOR ( 'NONE', #1547, 39.37007874015748100 ) ;
#2662 = EDGE_CURVE ( 'NONE', #3059, #4186, #2085, .T. ) ;
#2663 = FACE_OUTER_BOUND ( 'NONE', #5508, .T. ) ;
#2664 = CARTESIAN_POINT ( 'NONE',  ( -0.1275000000000000000, 0.2700000000000000200, 0.1862500000000000000 ) ) ;
#2665 = CARTESIAN_POINT ( 'NONE',  ( 0.1584066925048422700, 0.1607601796367002200, -0.1371271324027144900 ) ) ;
#2666 = DIRECTION ( 'NONE',  ( 1.000000000000000000, 0.0000000000000000000, 0.0000000000000000000 ) ) ;
#2667 = CLOSED_SHELL ( 'NONE', ( #3047, #2898, #3469, #3554, #3217, #978, #2840, #3188, #3862, #3910, #90, #1619, #5542, #2520, #2380, #502, #4694, #2104, #5093 ) ) ;
#2668 = VECTOR ( 'NONE', #5515, 39.37007874015748900 ) ;
#2669 = DIRECTION ( 'NONE',  ( 0.0000000000000000000, 1.000000000000000000, 1.198178944589589900E-016 ) ) ;
#2670 = EDGE_CURVE ( 'NONE', #5131, #2942, #4338, .T. ) ;
#2671 = ORIENTED_EDGE ( 'NONE', *, *, #523, .T. ) ;
#2672 = CARTESIAN_POINT ( 'NONE',  ( -0.1310470240948021800, 0.2699999999999999600, -0.1212499999999999700 ) ) ;
#2673 = LINE ( 'NONE', #3526, #4007 ) ;
#2674 = FACE_OUTER_BOUND ( 'NONE', #2175, .T. ) ;
#2675 = ORIENTED_EDGE ( 'NONE', *, *, #1264, .T. ) ;
#2676 = CARTESIAN_POINT ( 'NONE',  ( 0.1568430987363519400, 0.01039045869796522000, -0.1550000000000000000 ) ) ;
#2677 = ADVANCED_FACE ( 'NONE', ( #1237 ), #3784, .T. ) ;
#2678 = CARTESIAN_POINT ( 'NONE',  ( -0.1451100394641186300, 0.1875000000000000600, 0.1212500000000000400 ) ) ;
#2679 = ORIENTED_EDGE ( 'NONE', *, *, #1156, .F. ) ;
#2680 = CARTESIAN_POINT ( 'NONE',  ( -0.1274999999999998900, 0.2585000000000000100, -0.1212499999999999700 ) ) ;
#2681 = DIRECTION ( 'NONE',  ( 0.06610257710436373600, -0.9978128327999003000, 0.0000000000000000000 ) ) ;
#2682 = CARTESIAN_POINT ( 'NONE',  ( 0.1469318449276434100, 0.1600000000000000000, -0.02124999999999996000 ) ) ;
#2683 = DIRECTION ( 'NONE',  ( -0.04679272426934443600, -0.7063322309492373600, 0.7063322309492368100 ) ) ;
#2684 = VERTEX_POINT ( 'NONE', #1292 ) ;
#2685 =( NAMED_UNIT ( * ) SI_UNIT ( $, .STERADIAN. ) SOLID_ANGLE_UNIT ( ) );
#2686 = EDGE_CURVE ( 'NONE', #2593, #3827, #2144, .T. ) ;
#2687 = EDGE_LOOP ( 'NONE', ( #4113, #2106, #4192, #738 ) ) ;
#2688 = DIRECTION ( 'NONE',  ( -0.04679272426934458900, -0.7063322309492396900, -0.7063322309492347000 ) ) ;
#2689 = ORIENTED_EDGE ( 'NONE', *, *, #3304, .T. ) ;
#2690 = ORIENTED_EDGE ( 'NONE', *, *, #1761, .T. ) ;
#2691 = DIRECTION ( 'NONE',  ( 0.9978128327999003000, 0.06610257710436372200, -0.0000000000000000000 ) ) ;
#2692 = EDGE_CURVE ( 'NONE', #943, #4207, #696, .T. ) ;
#2693 = DIRECTION ( 'NONE',  ( 0.06610257710436372200, -0.9978128327999003000, -0.0000000000000000000 ) ) ;
#2694 = ORIENTED_EDGE ( 'NONE', *, *, #3031, .F. ) ;
#2695 = VERTEX_POINT ( 'NONE', #2940 ) ;
#2696 = LINE ( 'NONE', #5005, #2173 ) ;
#2697 = VECTOR ( 'NONE', #1270, 39.37007874015748900 ) ;
#2698 = PLANE ( 'NONE',  #693 ) ;
#2699 = EDGE_LOOP ( 'NONE', ( #5435, #3717, #4011, #2925 ) ) ;
#2700 = ORIENTED_EDGE ( 'NONE', *, *, #2670, .F. ) ;
#2701 = DIRECTION ( 'NONE',  ( 0.0000000000000000000, 0.0000000000000000000, 1.000000000000000000 ) ) ;
#2702 = EDGE_CURVE ( 'NONE', #4654, #1040, #3812, .T. ) ;
#2703 = ADVANCED_FACE ( 'NONE', ( #4945 ), #4224, .F. ) ;
#2704 = FACE_OUTER_BOUND ( 'NONE', #1854, .T. ) ;
#2705 = CARTESIAN_POINT ( 'NONE',  ( -0.1310470240948021800, 0.2485000000000000300, 0.1587500000000000000 ) ) ;
#2706 = LINE ( 'NONE', #4018, #2446 ) ;
#2707 = ORIENTED_EDGE ( 'NONE', *, *, #5163, .T. ) ;
#2708 = ORIENTED_EDGE ( 'NONE', *, *, #2143, .F. ) ;
#2709 = LINE ( 'NONE', #5322, #1865 ) ;
#2710 = ORIENTED_EDGE ( 'NONE', *, *, #5341, .T. ) ;
#2711 = ORIENTED_EDGE ( 'NONE', *, *, #63, .F. ) ;
#2712 = ORIENTED_EDGE ( 'NONE', *, *, #1787, .T. ) ;
#2713 = EDGE_CURVE ( 'NONE', #60, #171, #2015, .T. ) ;
#2714 = DIRECTION ( 'NONE',  ( 0.0000000000000000000, -0.0000000000000000000, -1.000000000000000000 ) ) ;
#2715 = FACE_OUTER_BOUND ( 'NONE', #3114, .T. ) ;
#2716 = ORIENTED_EDGE ( 'NONE', *, *, #5539, .F. ) ;
#2717 = VECTOR ( 'NONE', #4027, 39.37007874015748100 ) ;
#2718 = ORIENTED_EDGE ( 'NONE', *, *, #5313, .F. ) ;
#2719 = DIRECTION ( 'NONE',  ( -0.9978128327999003000, -0.06610257710436372200, 0.0000000000000000000 ) ) ;
#2720 = LINE ( 'NONE', #4144, #2661 ) ;
#2721 = DIRECTION ( 'NONE',  ( 0.9978128327999003000, 0.06610257710436372200, -0.0000000000000000000 ) ) ;
#2722 = ORIENTED_EDGE ( 'NONE', *, *, #1467, .F. ) ;
#2723 = VECTOR ( 'NONE', #2342, 39.37007874015748100 ) ;
#2724 = DIRECTION ( 'NONE',  ( -1.000000000000000000, 0.0000000000000000000, 0.0000000000000000000 ) ) ;
#2725 = DIRECTION ( 'NONE',  ( -0.06610257710436372200, 0.9978128327999003000, 0.0000000000000000000 ) ) ;
#2726 = LINE ( 'NONE', #46, #1480 ) ;
#2727 = PLANE ( 'NONE',  #2945 ) ;
#2728 = EDGE_CURVE ( 'NONE', #102, #288, #895, .T. ) ;
#2729 = VECTOR ( 'NONE', #5506, 39.37007874015748100 ) ;
#2730 = AXIS2_PLACEMENT_3D ( 'NONE', #5143, #2580, #1706 ) ;
#2731 = DIRECTION ( 'NONE',  ( -0.0000000000000000000, 1.000000000000000000, -0.0000000000000000000 ) ) ;
#2732 = ADVANCED_FACE ( 'NONE', ( #5484 ), #5538, .F. ) ;
#2733 = FACE_OUTER_BOUND ( 'NONE', #788, .T. ) ;
#2734 = CARTESIAN_POINT ( 'NONE',  ( -0.1469318449276434100, 0.1600000000000000000, 0.07875000000000004200 ) ) ;
#2735 = ORIENTED_EDGE ( 'NONE', *, *, #2960, .F. ) ;
#2736 = EDGE_CURVE ( 'NONE', #402, #1139, #2278, .T. ) ;
#2737 = COLOUR_RGB ( '',0.7921568627450980000, 0.8196078431372548800, 0.9333333333333333500 ) ;
#2738 = LINE ( 'NONE', #2893, #3739 ) ;
#2739 = CARTESIAN_POINT ( 'NONE',  ( -0.1469318449276434100, 0.1600000000000000000, 0.04075000000000003600 ) ) ;
#2740 = ADVANCED_FACE ( 'NONE', ( #3274 ), #4761, .T. ) ;
#2741 = UNCERTAINTY_MEASURE_WITH_UNIT (LENGTH_MEASURE( 1.000000000000000100E-005 ), #5071, 'distance_accuracy_value', 'NONE');
#2742 = DIRECTION ( 'NONE',  ( -9.627253440664264800E-015, -1.000000000000000000, 0.0000000000000000000 ) ) ;
#2743 = CARTESIAN_POINT ( 'NONE',  ( 0.1584066925048422700, 0.1607601796367002200, 0.1787500000000000500 ) ) ;
#2744 = ORIENTED_EDGE ( 'NONE', *, *, #379, .T. ) ;
#2745 = FACE_OUTER_BOUND ( 'NONE', #3261, .T. ) ;
#2746 = PLANE ( 'NONE',  #1762 ) ;
#2747 = LINE ( 'NONE', #4550, #5354 ) ;
#2748 = EDGE_CURVE ( 'NONE', #3585, #2581, #1032, .T. ) ;
#2749 = ORIENTED_EDGE ( 'NONE', *, *, #1903, .T. ) ;
#2750 = DIRECTION ( 'NONE',  ( -9.627253440664264800E-015, -1.000000000000000000, 0.0000000000000000000 ) ) ;
#2751 = CARTESIAN_POINT ( 'NONE',  ( 0.1275000000000000000, 0.2585000000000000100, -0.1862500000000000000 ) ) ;
#2752 = ORIENTED_EDGE ( 'NONE', *, *, #3980, .F. ) ;
#2753 = CARTESIAN_POINT ( 'NONE',  ( 0.1310470240948021800, 0.2485000000000000300, 0.1212500000000000400 ) ) ;
#2754 = AXIS2_PLACEMENT_3D ( 'NONE', #3286, #5414, #1972 ) ;
#2755 = ORIENTED_EDGE ( 'NONE', *, *, #2305, .F. ) ;
#2756 = CARTESIAN_POINT ( 'NONE',  ( 0.1584066925048422700, 0.1607601796367002200, 0.07875000000000004200 ) ) ;
#2757 = DIRECTION ( 'NONE',  ( -0.0000000000000000000, -0.0000000000000000000, 1.000000000000000000 ) ) ;
#2758 = EDGE_CURVE ( 'NONE', #4990, #1582, #5412, .T. ) ;
#2759 = LINE ( 'NONE', #4681, #2560 ) ;
#2760 = ORIENTED_EDGE ( 'NONE', *, *, #618, .T. ) ;
#2761 = DIRECTION ( 'NONE',  ( 0.06610257710436372200, -0.9978128327999003000, -0.0000000000000000000 ) ) ;
#2762 = ORIENTED_EDGE ( 'NONE', *, *, #3999, .F. ) ;
#2763 = EDGE_CURVE ( 'NONE', #1360, #4781, #2217, .T. ) ;
#2764 = PLANE ( 'NONE',  #3010 ) ;
#2765 = VECTOR ( 'NONE', #4083, 39.37007874015748100 ) ;
#2766 = STYLED_ITEM ( 'NONE', ( #2178 ), #4621 ) ;
#2767 = COLOUR_RGB ( '',0.7921568627450980000, 0.8196078431372548800, 0.9333333333333333500 ) ;
#2768 = ORIENTED_EDGE ( 'NONE', *, *, #4211, .T. ) ;
#2769 = ORIENTED_EDGE ( 'NONE', *, *, #3105, .T. ) ;
#2770 = LINE ( 'NONE', #4932, #2978 ) ;
#2771 = CARTESIAN_POINT ( 'NONE',  ( 0.1568430987363519400, 0.01039045869796522000, -0.04499999999999998400 ) ) ;
#2772 = FACE_OUTER_BOUND ( 'NONE', #1902, .T. ) ;
#2773 = EDGE_LOOP ( 'NONE', ( #4467, #1269, #1206, #694 ) ) ;
#2774 = EDGE_CURVE ( 'NONE', #3529, #5161, #286, .T. ) ;
#2775 = EDGE_LOOP ( 'NONE', ( #817, #1062, #604, #3563 ) ) ;
#2776 = DIRECTION ( 'NONE',  ( 0.06610257710436372200, 0.9978128327999003000, 0.0000000000000000000 ) ) ;
#2777 = ORIENTED_EDGE ( 'NONE', *, *, #3692, .T. ) ;
#2778 = LINE ( 'NONE', #2538, #4251 ) ;
#2779 = CARTESIAN_POINT ( 'NONE',  ( 0.1410251524228011700, 0.2491610257710437400, -0.02124999999999996000 ) ) ;
#2780 = VERTEX_POINT ( 'NONE', #3052 ) ;
#2781 = VERTEX_POINT ( 'NONE', #1801 ) ;
#2782 = CARTESIAN_POINT ( 'NONE',  ( -0.1275000000000000000, 0.2700000000000000200, -0.07874999999999995900 ) ) ;
#2783 = LINE ( 'NONE', #5413, #953 ) ;
#2784 = EDGE_CURVE ( 'NONE', #3569, #4108, #1427, .T. ) ;
#2785 = EDGE_LOOP ( 'NONE', ( #477, #1579, #732, #1912 ) ) ;
#2786 = CYLINDRICAL_SURFACE ( 'NONE', #2754, 0.009999999999999979400 ) ;
#2787 = CARTESIAN_POINT ( 'NONE',  ( 0.1568430987363519400, 0.01039045869796522000, 0.07875000000000004200 ) ) ;
#2788 = VECTOR ( 'NONE', #2458, 39.37007874015748900 ) ;
#2789 = DIRECTION ( 'NONE',  ( 0.9978128327999003000, -0.06610257710436372200, 0.0000000000000000000 ) ) ;
#2790 = CARTESIAN_POINT ( 'NONE',  ( -2.488645014411724400E-015, 0.2585000000000012300, -0.02124999999999996000 ) ) ;
#2791 = AXIS2_PLACEMENT_3D ( 'NONE', #1226, #2979, #2131 ) ;
#2792 = VECTOR ( 'NONE', #3679, 39.37007874015748900 ) ;
#2793 = VERTEX_POINT ( 'NONE', #3518 ) ;
#2794 = ORIENTED_EDGE ( 'NONE', *, *, #1335, .F. ) ;
#2795 = DIRECTION ( 'NONE',  ( 0.9978128327999003000, 0.06610257710436372200, -0.0000000000000000000 ) ) ;
#2796 = VECTOR ( 'NONE', #1221, 39.37007874015748900 ) ;
#2797 = EDGE_CURVE ( 'NONE', #3736, #2695, #3941, .T. ) ;
#2798 = AXIS2_PLACEMENT_3D ( 'NONE', #1331, #70, #3087 ) ;
#2799 = ORIENTED_EDGE ( 'NONE', *, *, #1045, .F. ) ;
#2800 = CARTESIAN_POINT ( 'NONE',  ( 0.1451100394641186300, 0.1875000000000000600, -0.07874999999999995900 ) ) ;
#2801 = VECTOR ( 'NONE', #4658, 39.37007874015748900 ) ;
#2802 = LINE ( 'NONE', #2387, #4541 ) ;
#2803 = CARTESIAN_POINT ( 'NONE',  ( 0.1275000000000000000, 0.2700000000000000200, -0.1862500000000000000 ) ) ;
#2804 = EDGE_CURVE ( 'NONE', #2882, #808, #1301, .T. ) ;
#2805 = ORIENTED_EDGE ( 'NONE', *, *, #2876, .T. ) ;
#2806 = CARTESIAN_POINT ( 'NONE',  ( -0.1310470240948021800, 0.2485000000000000300, -0.1587500000000000000 ) ) ;
#2807 = CARTESIAN_POINT ( 'NONE',  ( 0.1451100394641186300, 0.1874999999999999700, -0.1212499999999999700 ) ) ;
#2808 = DIRECTION ( 'NONE',  ( -0.0000000000000000000, -0.0000000000000000000, -1.000000000000000000 ) ) ;
#2809 = CARTESIAN_POINT ( 'NONE',  ( 0.03750000000000008200, 0.3300000000000000200, -0.1810006801884445300 ) ) ;
#2810 = ADVANCED_FACE ( 'NONE', ( #4 ), #2254, .F. ) ;
#2811 = ORIENTED_EDGE ( 'NONE', *, *, #5105, .T. ) ;
#2812 = LINE ( 'NONE', #2680, #1709 ) ;
#2813 = DIRECTION ( 'NONE',  ( 0.0000000000000000000, 1.000000000000000000, -0.0000000000000000000 ) ) ;
#2814 = DIRECTION ( 'NONE',  ( -1.000000000000000000, -0.0000000000000000000, -0.0000000000000000000 ) ) ;
#2815 = DIRECTION ( 'NONE',  ( -1.000000000000000000, 9.627253440664264800E-015, 0.0000000000000000000 ) ) ;
#2816 = ORIENTED_EDGE ( 'NONE', *, *, #2491, .T. ) ;
#2817 = ADVANCED_FACE ( 'NONE', ( #147 ), #1102, .T. ) ;
#2818 = DIRECTION ( 'NONE',  ( -0.0000000000000000000, -0.0000000000000000000, -1.000000000000000000 ) ) ;
#2819 = CARTESIAN_POINT ( 'NONE',  ( 0.1525000000000000200, 0.2499212054077438500, 0.07875000000000004200 ) ) ;
#2820 = ORIENTED_EDGE ( 'NONE', *, *, #2736, .T. ) ;
#2821 = ORIENTED_EDGE ( 'NONE', *, *, #755, .F. ) ;
#2822 = CARTESIAN_POINT ( 'NONE',  ( 0.1525000000000000200, 0.2499212054077438500, -0.1212499999999999700 ) ) ;
#2823 = STYLED_ITEM ( 'NONE', ( #4078 ), #1434 ) ;
#2824 = CARTESIAN_POINT ( 'NONE',  ( -0.1469318449276434100, 0.1600000000000000000, -0.02124999999999996000 ) ) ;
#2825 = CARTESIAN_POINT ( 'NONE',  ( 2.599358428979363500E-015, 0.2700000000000012400, -0.1212499999999999700 ) ) ;
#2826 = ORIENTED_EDGE ( 'NONE', *, *, #906, .F. ) ;
#2827 = PLANE ( 'NONE',  #994 ) ;
#2828 = CARTESIAN_POINT ( 'NONE',  ( -0.1410251524228011700, 0.2491610257710437400, -0.1587500000000000000 ) ) ;
#2829 = VECTOR ( 'NONE', #4412, 39.37007874015748900 ) ;
#2830 = EDGE_CURVE ( 'NONE', #1333, #34, #1557, .T. ) ;
#2831 = CIRCLE ( 'NONE', #3240, 0.02149999999999997700 ) ;
#2832 = CARTESIAN_POINT ( 'NONE',  ( 0.1275000000000000000, 0.2700000000000000200, -0.1212499999999999700 ) ) ;
#2833 = ORIENTED_EDGE ( 'NONE', *, *, #4034, .F. ) ;
#2834 = EDGE_LOOP ( 'NONE', ( #97, #4280, #1470, #4614 ) ) ;
#2835 = CARTESIAN_POINT ( 'NONE',  ( 0.1469318449276434100, 0.1600000000000000000, 0.07875000000000004200 ) ) ;
#2836 = VECTOR ( 'NONE', #45, 39.37007874015748100 ) ;
#2837 = CIRCLE ( 'NONE', #3992, 0.009999999999999979400 ) ;
#2838 = ORIENTED_EDGE ( 'NONE', *, *, #1302, .F. ) ;
#2839 = ORIENTED_EDGE ( 'NONE', *, *, #1672, .F. ) ;
#2840 = ADVANCED_FACE ( 'NONE', ( #970 ), #2621, .T. ) ;
#2841 = EDGE_CURVE ( 'NONE', #3907, #5286, #3078, .T. ) ;
#2842 = DIRECTION ( 'NONE',  ( 0.0000000000000000000, 0.0000000000000000000, -1.000000000000000000 ) ) ;
#2843 = CARTESIAN_POINT ( 'NONE',  ( -0.03465176902548602900, 0.3166631115225530500, -0.1821675067369306600 ) ) ;
#2844 = FACE_OUTER_BOUND ( 'NONE', #2268, .T. ) ;
#2845 = VERTEX_POINT ( 'NONE', #929 ) ;
#2846 = VECTOR ( 'NONE', #391, 39.37007874015748100 ) ;
#2847 = ORIENTED_EDGE ( 'NONE', *, *, #2111, .T. ) ;
#2848 = CARTESIAN_POINT ( 'NONE',  ( 2.599358428979363500E-015, 0.2700000000000012400, 0.07875000000000004200 ) ) ;
#2849 = FACE_OUTER_BOUND ( 'NONE', #5406, .T. ) ;
#2850 = CARTESIAN_POINT ( 'NONE',  ( 0.1565420173799203800, 0.01493525640970793700, 0.07418525640970775900 ) ) ;
#2851 = EDGE_CURVE ( 'NONE', #4306, #1913, #4397, .T. ) ;
#2852 = CARTESIAN_POINT ( 'NONE',  ( -0.1585251524228011300, -0.01499999999999992500, -0.1212499999999999700 ) ) ;
#2853 = VERTEX_POINT ( 'NONE', #3890 ) ;
#2854 = VECTOR ( 'NONE', #2900, 39.37007874015748900 ) ;
#2855 = ORIENTED_EDGE ( 'NONE', *, *, #649, .F. ) ;
#2856 =( NAMED_UNIT ( * ) SI_UNIT ( $, .STERADIAN. ) SOLID_ANGLE_UNIT ( ) );
#2857 = FACE_OUTER_BOUND ( 'NONE', #1822, .T. ) ;
#2858 = DIRECTION ( 'NONE',  ( 0.9978128327999003000, -0.06610257710436372200, 0.0000000000000000000 ) ) ;
#2859 = VERTEX_POINT ( 'NONE', #1359 ) ;
#2860 = VECTOR ( 'NONE', #1780, 39.37007874015748100 ) ;
#2861 = VECTOR ( 'NONE', #2045, 39.37007874015748900 ) ;
#2862 = DIRECTION ( 'NONE',  ( 0.0000000000000000000, 0.0000000000000000000, 1.000000000000000000 ) ) ;
#2863 = VECTOR ( 'NONE', #836, 39.37007874015748100 ) ;
#2864 = DIRECTION ( 'NONE',  ( -0.0000000000000000000, -0.0000000000000000000, -1.000000000000000000 ) ) ;
#2865 = CARTESIAN_POINT ( 'NONE',  ( -0.1310470240948021800, 0.2485000000000000300, -0.1212499999999999700 ) ) ;
#2866 = PLANE ( 'NONE',  #4393 ) ;
#2867 = AXIS2_PLACEMENT_3D ( 'NONE', #98, #4268, #1738 ) ;
#2868 = PLANE ( 'NONE',  #3268 ) ;
#2869 = VERTEX_POINT ( 'NONE', #4334 ) ;
#2870 = FACE_OUTER_BOUND ( 'NONE', #4997, .T. ) ;
#2871 = FACE_OUTER_BOUND ( 'NONE', #5396, .T. ) ;
#2872 = PLANE ( 'NONE',  #1884 ) ;
#2873 = CARTESIAN_POINT ( 'NONE',  ( 0.03320279457757047800, 0.3100000000000000500, -0.1827504534589630400 ) ) ;
#2874 = ORIENTED_EDGE ( 'NONE', *, *, #987, .F. ) ;
#2875 = CARTESIAN_POINT ( 'NONE',  ( -0.1653943047948700800, 0.05528276076675182200, 0.001975451419294672400 ) ) ;
#2876 = EDGE_CURVE ( 'NONE', #2942, #2636, #4537, .T. ) ;
#2877 = ADVANCED_FACE ( 'NONE', ( #3671 ), #4782, .F. ) ;
#2878 = VECTOR ( 'NONE', #1775, 39.37007874015748100 ) ;
#2879 = ORIENTED_EDGE ( 'NONE', *, *, #5105, .F. ) ;
#2880 = CARTESIAN_POINT ( 'NONE',  ( -0.1568430987363519400, 0.01039045869796522000, 0.1787500000000000500 ) ) ;
#2881 = EDGE_CURVE ( 'NONE', #3306, #5427, #4269, .T. ) ;
#2882 = VERTEX_POINT ( 'NONE', #3092 ) ;
#2883 = VERTEX_POINT ( 'NONE', #4746 ) ;
#2884 = CARTESIAN_POINT ( 'NONE',  ( 0.1683179463135507900, 0.01115063833466540200, -0.05499999999999997900 ) ) ;
#2885 = DIRECTION ( 'NONE',  ( -0.0000000000000000000, -0.0000000000000000000, -1.000000000000000000 ) ) ;
#2886 = CARTESIAN_POINT ( 'NONE',  ( -0.1699999999999999800, -0.01423982036329964400, -0.04499999999999998400 ) ) ;
#2887 = CARTESIAN_POINT ( 'NONE',  ( 0.1575314403517876200, 7.896748106685761000E-017, 0.04075000000000003600 ) ) ;
#2888 = EDGE_CURVE ( 'NONE', #5220, #1576, #3004, .T. ) ;
#2889 = PRODUCT_DEFINITION_SHAPE ( 'NONE', 'NONE',  #874 ) ;
#2890 = ORIENTED_EDGE ( 'NONE', *, *, #3276, .F. ) ;
#2891 = ORIENTED_EDGE ( 'NONE', *, *, #2888, .T. ) ;
#2892 = DIRECTION ( 'NONE',  ( 0.0000000000000000000, 0.0000000000000000000, 1.000000000000000000 ) ) ;
#2893 = CARTESIAN_POINT ( 'NONE',  ( 0.1451100394641186300, 0.1874999999999999700, 0.07875000000000004200 ) ) ;
#2894 = DIRECTION ( 'NONE',  ( 0.06610257710436372200, 0.9978128327999003000, 0.0000000000000000000 ) ) ;
#2895 = ORIENTED_EDGE ( 'NONE', *, *, #2011, .T. ) ;
#2896 = DIRECTION ( 'NONE',  ( 1.000000000000000000, 0.0000000000000000000, 0.0000000000000000000 ) ) ;
#2897 = LINE ( 'NONE', #1488, #3914 ) ;
#2898 = ADVANCED_FACE ( 'NONE', ( #4674 ), #1027, .F. ) ;
#2899 = VECTOR ( 'NONE', #1963, 39.37007874015748900 ) ;
#2900 = DIRECTION ( 'NONE',  ( -0.9978128327999003000, 0.06610257710436372200, -0.0000000000000000000 ) ) ;
#2901 = SURFACE_SIDE_STYLE ('',( #238 ) ) ;
#2902 = ORIENTED_EDGE ( 'NONE', *, *, #3817, .F. ) ;
#2903 = CLOSED_SHELL ( 'NONE', ( #1513, #1233, #290, #2624, #810, #3745, #1466, #4864, #3633, #2325, #1056, #210, #450, #2357, #4246, #2740, #2079, #1085, #1856 ) ) ;
#2904 = EDGE_CURVE ( 'NONE', #2982, #5053, #833, .T. ) ;
#2905 = LINE ( 'NONE', #1915, #1208 ) ;
#2906 = AXIS2_PLACEMENT_3D ( 'NONE', #5338, #2742, #201 ) ;
#2907 = ADVANCED_BREP_SHAPE_REPRESENTATION ( 'IL610-2E', ( #263, #3157, #857, #1434, #4149, #3631, #2072, #3969, #4621, #3316 ), #2285 ) ;
#2908 = CARTESIAN_POINT ( 'NONE',  ( -0.1451100394641186300, 0.1874999999999999700, -0.02124999999999996000 ) ) ;
#2909 = LINE ( 'NONE', #2340, #2765 ) ;
#2910 = ORIENTED_EDGE ( 'NONE', *, *, #2426, .F. ) ;
#2911 = ORIENTED_EDGE ( 'NONE', *, *, #1776, .F. ) ;
#2912 = ORIENTED_EDGE ( 'NONE', *, *, #3054, .T. ) ;
#2913 = DIRECTION ( 'NONE',  ( 0.9978128327999003000, 0.06610257710436372200, -0.0000000000000000000 ) ) ;
#2914 = LINE ( 'NONE', #3090, #57 ) ;
#2915 = PLANE ( 'NONE',  #5246 ) ;
#2916 = EDGE_LOOP ( 'NONE', ( #5426, #4987, #237, #1453 ) ) ;
#2917 = VECTOR ( 'NONE', #2923, 39.37007874015748100 ) ;
#2918 = EDGE_CURVE ( 'NONE', #471, #2588, #5277, .T. ) ;
#2919 = ORIENTED_EDGE ( 'NONE', *, *, #2103, .T. ) ;
#2920 = AXIS2_PLACEMENT_3D ( 'NONE', #1133, #3260, #4521 ) ;
#2921 = DIRECTION ( 'NONE',  ( 0.0000000000000000000, 0.0000000000000000000, -1.000000000000000000 ) ) ;
#2922 = PLANE ( 'NONE',  #2443 ) ;
#2923 = DIRECTION ( 'NONE',  ( -0.0000000000000000000, -0.0000000000000000000, -1.000000000000000000 ) ) ;
#2924 = VECTOR ( 'NONE', #1683, 39.37007874015748100 ) ;
#2925 = ORIENTED_EDGE ( 'NONE', *, *, #5150, .F. ) ;
#2926 = LINE ( 'NONE', #500, #4592 ) ;
#2927 = CARTESIAN_POINT ( 'NONE',  ( 0.1699999999999999800, -0.01423982036329964400, -0.1550000000000000000 ) ) ;
#2928 = DIRECTION ( 'NONE',  ( 0.0000000000000000000, 0.0000000000000000000, 1.000000000000000000 ) ) ;
#2929 = VECTOR ( 'NONE', #2530, 39.37007874015748100 ) ;
#2930 = LINE ( 'NONE', #3099, #4332 ) ;
#2931 = DIRECTION ( 'NONE',  ( 0.04679272426934458900, -0.7063322309492396900, -0.7063322309492347000 ) ) ;
#2932 = VECTOR ( 'NONE', #5344, 39.37007874015748100 ) ;
#2933 = CARTESIAN_POINT ( 'NONE',  ( 0.1410251524228011700, 0.2491610257710437400, 0.07875000000000004200 ) ) ;
#2934 = ADVANCED_FACE ( 'NONE', ( #3145 ), #2329, .T. ) ;
#2935 = ORIENTED_EDGE ( 'NONE', *, *, #627, .F. ) ;
#2936 = EDGE_LOOP ( 'NONE', ( #3063, #1109, #303, #3237 ) ) ;
#2937 = APPLICATION_PROTOCOL_DEFINITION ( 'draft international standard', 'automotive_design', 1998, #2957 ) ;
#2938 = LINE ( 'NONE', #3613, #2544 ) ;
#2939 = VECTOR ( 'NONE', #109, 39.37007874015748100 ) ;
#2940 = CARTESIAN_POINT ( 'NONE',  ( 0.1310470240948021800, 0.2700000000000000200, 0.1587500000000000000 ) ) ;
#2941 = ORIENTED_EDGE ( 'NONE', *, *, #1149, .T. ) ;
#2942 = VERTEX_POINT ( 'NONE', #2672 ) ;
#2943 = LINE ( 'NONE', #2787, #5088 ) ;
#2944 = EDGE_CURVE ( 'NONE', #1805, #4336, #4872, .T. ) ;
#2945 = AXIS2_PLACEMENT_3D ( 'NONE', #4001, #2293, #3979 ) ;
#2946 = VECTOR ( 'NONE', #3382, 39.37007874015748100 ) ;
#2947 = CARTESIAN_POINT ( 'NONE',  ( -0.1699999999999999800, -0.01423982036329964400, 0.04500000000000003300 ) ) ;
#2948 = VERTEX_POINT ( 'NONE', #1430 ) ;
#2949 = VECTOR ( 'NONE', #4302, 39.37007874015748100 ) ;
#2950 = CARTESIAN_POINT ( 'NONE',  ( 0.1699999999999999800, -0.01423982036329973400, -0.1212499999999999700 ) ) ;
#2951 = DIRECTION ( 'NONE',  ( -1.000000000000000000, -9.627253440664264800E-015, -0.0000000000000000000 ) ) ;
#2952 = CARTESIAN_POINT ( 'NONE',  ( -0.1310470240948021800, 0.2699999999999999600, 0.1212500000000000400 ) ) ;
#2953 = CARTESIAN_POINT ( 'NONE',  ( -0.1275000000000000000, 0.2700000000000000200, 0.07875000000000004200 ) ) ;
#2954 = EDGE_CURVE ( 'NONE', #1220, #4097, #1231, .T. ) ;
#2955 = ORIENTED_EDGE ( 'NONE', *, *, #1255, .F. ) ;
#2956 = LINE ( 'NONE', #4285, #374 ) ;
#2957 = APPLICATION_CONTEXT ( 'automotive_design' ) ;
#2958 = DIRECTION ( 'NONE',  ( -0.04679272426934458900, -0.7063322309492396900, -0.7063322309492347000 ) ) ;
#2959 = PLANE ( 'NONE',  #858 ) ;
#2960 = EDGE_CURVE ( 'NONE', #2974, #171, #3071, .T. ) ;
#2961 = ADVANCED_FACE ( 'NONE', ( #5479 ), #2727, .F. ) ;
#2962 = CARTESIAN_POINT ( 'NONE',  ( -0.1275000000000000000, 0.2700000000000000200, 0.1212500000000000400 ) ) ;
#2963 = ORIENTED_EDGE ( 'NONE', *, *, #3822, .F. ) ;
#2964 = CARTESIAN_POINT ( 'NONE',  ( 0.1699999999999999800, -0.01423982036329964400, 0.1450000000000000200 ) ) ;
#2965 = VERTEX_POINT ( 'NONE', #4896 ) ;
#2966 = ORIENTED_EDGE ( 'NONE', *, *, #1361, .F. ) ;
#2967 = CARTESIAN_POINT ( 'NONE',  ( -0.1274999999999998900, 0.2585000000000000100, 0.1787500000000000500 ) ) ;
#2968 = DIRECTION ( 'NONE',  ( -0.04679272426934443600, -0.7063322309492373600, 0.7063322309492368100 ) ) ;
#2969 = LINE ( 'NONE', #4996, #464 ) ;
#2970 = ORIENTED_EDGE ( 'NONE', *, *, #3886, .F. ) ;
#2971 = CARTESIAN_POINT ( 'NONE',  ( -0.1275000000000000000, 0.2585000000000000100, -0.1862500000000000000 ) ) ;
#2972 = DIRECTION ( 'NONE',  ( 1.000000000000000000, -9.627253440664264800E-015, 0.0000000000000000000 ) ) ;
#2973 = FACE_OUTER_BOUND ( 'NONE', #166, .T. ) ;
#2974 = VERTEX_POINT ( 'NONE', #150 ) ;
#2975 = ORIENTED_EDGE ( 'NONE', *, *, #2748, .T. ) ;
#2976 = DIRECTION ( 'NONE',  ( -0.06610257710436372200, -0.9978128327999003000, -0.0000000000000000000 ) ) ;
#2977 = CARTESIAN_POINT ( 'NONE',  ( 0.1690062879289864800, 0.0007601796367002576600, 0.04075000000000003600 ) ) ;
#2978 = VECTOR ( 'NONE', #4894, 39.37007874015748100 ) ;
#2979 = DIRECTION ( 'NONE',  ( 9.627253440664264800E-015, -1.000000000000000000, 0.0000000000000000000 ) ) ;
#2980 = ORIENTED_EDGE ( 'NONE', *, *, #5136, .T. ) ;
#2981 = LINE ( 'NONE', #3504, #676 ) ;
#2982 = VERTEX_POINT ( 'NONE', #208 ) ;
#2983 = EDGE_CURVE ( 'NONE', #1782, #3606, #354, .T. ) ;
#2984 = AXIS2_PLACEMENT_3D ( 'NONE', #4908, #4086, #2776 ) ;
#2985 = CARTESIAN_POINT ( 'NONE',  ( -0.1699173094933273700, -0.01299161413106121900, 0.1545017937677614600 ) ) ;
#2986 = LINE ( 'NONE', #1644, #1810 ) ;
#2987 = CARTESIAN_POINT ( 'NONE',  ( -0.1575314403517876200, 7.896748106685761000E-017, 0.04075000000000003600 ) ) ;
#2988 = CARTESIAN_POINT ( 'NONE',  ( -0.1310470240948020700, 0.2585000000000000100, -0.1587500000000000000 ) ) ;
#2989 = ORIENTED_EDGE ( 'NONE', *, *, #3065, .T. ) ;
#2990 = LINE ( 'NONE', #3749, #2399 ) ;
#2991 = ORIENTED_EDGE ( 'NONE', *, *, #4273, .T. ) ;
#2992 = ADVANCED_FACE ( 'NONE', ( #1550 ), #4015, .F. ) ;
#2993 = LINE ( 'NONE', #1094, #886 ) ;
#2994 = EDGE_CURVE ( 'NONE', #5519, #3713, #4939, .T. ) ;
#2995 = ORIENTED_EDGE ( 'NONE', *, *, #4028, .F. ) ;
#2996 = FACE_OUTER_BOUND ( 'NONE', #80, .T. ) ;
#2997 = DIRECTION ( 'NONE',  ( -0.05727780436021247300, 0.8646036316403947800, 0.4991791394699038300 ) ) ;
#2998 = CARTESIAN_POINT ( 'NONE',  ( -0.1653943047948700800, 0.05528276076675182200, -0.09802454858070533400 ) ) ;
#2999 = LINE ( 'NONE', #4629, #826 ) ;
#3000 = DIRECTION ( 'NONE',  ( 0.0000000000000000000, 1.198178944589589900E-016, -1.000000000000000000 ) ) ;
#3001 = LINE ( 'NONE', #5457, #558 ) ;
#3002 = CARTESIAN_POINT ( 'NONE',  ( 0.1699999999999999800, -0.01423982036329973400, 0.1787500000000000500 ) ) ;
#3003 = CARTESIAN_POINT ( 'NONE',  ( -0.1683179463135507900, 0.01115063833466540200, 0.1407500000000000400 ) ) ;
#3004 = LINE ( 'NONE', #4860, #1366 ) ;
#3005 = EDGE_CURVE ( 'NONE', #3926, #1213, #2606, .T. ) ;
#3006 = ORIENTED_EDGE ( 'NONE', *, *, #2499, .F. ) ;
#3007 = DIRECTION ( 'NONE',  ( -0.06610257710436372200, 0.9978128327999003000, 0.0000000000000000000 ) ) ;
#3008 = CYLINDRICAL_SURFACE ( 'NONE', #1783, 0.009999999999999979400 ) ;
#3009 = VECTOR ( 'NONE', #3828, 39.37007874015748100 ) ;
#3010 = AXIS2_PLACEMENT_3D ( 'NONE', #1907, #4940, #4093 ) ;
#3011 = ORIENTED_EDGE ( 'NONE', *, *, #5245, .T. ) ;
#3012 = DIRECTION ( 'NONE',  ( -0.0000000000000000000, -0.0000000000000000000, -1.000000000000000000 ) ) ;
#3013 = VECTOR ( 'NONE', #3034, 39.37007874015748100 ) ;
#3014 = ORIENTED_EDGE ( 'NONE', *, *, #5076, .F. ) ;
#3015 = PLANE ( 'NONE',  #5147 ) ;
#3016 = ADVANCED_FACE ( 'NONE', ( #1885 ), #5291, .T. ) ;
#3017 = EDGE_CURVE ( 'NONE', #547, #4606, #3666, .T. ) ;
#3018 =( GEOMETRIC_REPRESENTATION_CONTEXT ( 3 ) GLOBAL_UNCERTAINTY_ASSIGNED_CONTEXT ( ( #1267 ) ) GLOBAL_UNIT_ASSIGNED_CONTEXT ( ( #4753, #2149, #5135 ) ) REPRESENTATION_CONTEXT ( 'NONE', 'WORKASPACE' ) );
#3019 = CARTESIAN_POINT ( 'NONE',  ( 0.1525000000000000200, 0.2499212054077438500, 0.07875000000000004200 ) ) ;
#3020 = ORIENTED_EDGE ( 'NONE', *, *, #3486, .F. ) ;
#3021 = CARTESIAN_POINT ( 'NONE',  ( -0.1584066925048422700, 0.1607601796367002200, -0.1407499999999999900 ) ) ;
#3022 = CARTESIAN_POINT ( 'NONE',  ( -0.1578129921052414400, -0.004249999999999923100, 0.1550000000000000300 ) ) ;
#3023 = CARTESIAN_POINT ( 'NONE',  ( 0.1469318449276434100, 0.1600000000000000000, -0.04074999999999998800 ) ) ;
#3024 = ORIENTED_EDGE ( 'NONE', *, *, #4624, .T. ) ;
#3025 = EDGE_CURVE ( 'NONE', #1969, #2006, #691, .T. ) ;
#3026 = AXIS2_PLACEMENT_3D ( 'NONE', #2297, #1030, #1877 ) ;
#3027 = ORIENTED_EDGE ( 'NONE', *, *, #3025, .T. ) ;
#3028 = DIRECTION ( 'NONE',  ( 1.000000000000000000, -9.627253440664264800E-015, 0.0000000000000000000 ) ) ;
#3029 = ORIENTED_EDGE ( 'NONE', *, *, #4206, .F. ) ;
#3030 = ORIENTED_EDGE ( 'NONE', *, *, #3345, .F. ) ;
#3031 = EDGE_CURVE ( 'NONE', #3221, #3789, #280, .T. ) ;
#3032 = DIRECTION ( 'NONE',  ( -0.04679272426934458900, -0.7063322309492396900, -0.7063322309492347000 ) ) ;
#3033 = DIRECTION ( 'NONE',  ( 1.000000000000000000, 9.627253440664264800E-015, 0.0000000000000000000 ) ) ;
#3034 = DIRECTION ( 'NONE',  ( 1.000000000000000000, -9.627253440664264800E-015, -0.0000000000000000000 ) ) ;
#3035 = EDGE_LOOP ( 'NONE', ( #586, #5113, #3823, #4696 ) ) ;
#3036 = ORIENTED_EDGE ( 'NONE', *, *, #170, .F. ) ;
#3037 = CARTESIAN_POINT ( 'NONE',  ( 0.1584424619161284900, -0.01375179376776140100, -0.1454982062322385300 ) ) ;
#3038 = VECTOR ( 'NONE', #3361, 39.37007874015748900 ) ;
#3039 = CARTESIAN_POINT ( 'NONE',  ( -0.1275000000000000000, 0.2700000000000000200, -0.1212499999999999700 ) ) ;
#3040 = LINE ( 'NONE', #2800, #4176 ) ;
#3041 = CARTESIAN_POINT ( 'NONE',  ( -0.1310470240948020700, 0.2585000000000000100, 0.07875000000000004200 ) ) ;
#3042 = CARTESIAN_POINT ( 'NONE',  ( -0.1451100394641186300, 0.1875000000000000600, 0.02125000000000004700 ) ) ;
#3043 = ORIENTED_EDGE ( 'NONE', *, *, #3836, .T. ) ;
#3044 = ORIENTED_EDGE ( 'NONE', *, *, #4669, .F. ) ;
#3045 = PLANE ( 'NONE',  #781 ) ;
#3046 = AXIS2_PLACEMENT_3D ( 'NONE', #5339, #1901, #626 ) ;
#3047 = ADVANCED_FACE ( 'NONE', ( #1482 ), #3220, .T. ) ;
#3048 = LINE ( 'NONE', #5509, #938 ) ;
#3049 = LINE ( 'NONE', #4064, #5046 ) ;
#3050 = EDGE_LOOP ( 'NONE', ( #1247, #4724, #3952, #252 ) ) ;
#3051 = ORIENTED_EDGE ( 'NONE', *, *, #1325, .F. ) ;
#3052 = CARTESIAN_POINT ( 'NONE',  ( 0.1585251524228011300, -0.01499999999999983600, -0.1550000000000000000 ) ) ;
#3053 = CARTESIAN_POINT ( 'NONE',  ( 0.1469318449276434100, 0.1600000000000000000, -0.1371271324027144900 ) ) ;
#3054 = EDGE_CURVE ( 'NONE', #552, #4225, #4003, .T. ) ;
#3055 = LINE ( 'NONE', #3501, #1216 ) ;
#3056 = AXIS2_PLACEMENT_3D ( 'NONE', #3931, #36, #543 ) ;
#3057 = UNCERTAINTY_MEASURE_WITH_UNIT (LENGTH_MEASURE( 1.000000000000000100E-005 ), #5018, 'distance_accuracy_value', 'NONE');
#3058 = ORIENTED_EDGE ( 'NONE', *, *, #1477, .T. ) ;
#3059 = VERTEX_POINT ( 'NONE', #3642 ) ;
#3060 = DIRECTION ( 'NONE',  ( 0.0000000000000000000, 0.0000000000000000000, 1.000000000000000000 ) ) ;
#3061 = DIRECTION ( 'NONE',  ( -0.0000000000000000000, -1.198178944589589900E-016, 1.000000000000000000 ) ) ;
#3062 = VECTOR ( 'NONE', #697, 39.37007874015748100 ) ;
#3063 = ORIENTED_EDGE ( 'NONE', *, *, #987, .T. ) ;
#3064 = VECTOR ( 'NONE', #5510, 39.37007874015748100 ) ;
#3065 = EDGE_CURVE ( 'NONE', #5053, #2942, #4804, .T. ) ;
#3066 = DIRECTION ( 'NONE',  ( -0.04679272426934458900, -0.7063322309492396900, -0.7063322309492347000 ) ) ;
#3067 = CYLINDRICAL_SURFACE ( 'NONE', #1647, 0.02149999999999997700 ) ;
#3068 = CARTESIAN_POINT ( 'NONE',  ( -0.1275000000000000000, 0.2700000000000000200, -0.02124999999999996000 ) ) ;
#3069 = LINE ( 'NONE', #1636, #2788 ) ;
#3070 = EDGE_CURVE ( 'NONE', #2883, #144, #4067, .T. ) ;
#3071 = LINE ( 'NONE', #2348, #3602 ) ;
#3072 = CARTESIAN_POINT ( 'NONE',  ( 0.1565420173799203800, 0.01493525640970793700, -0.1258147435902922700 ) ) ;
#3073 = ORIENTED_EDGE ( 'NONE', *, *, #5056, .T. ) ;
#3074 = ORIENTED_EDGE ( 'NONE', *, *, #3956, .T. ) ;
#3075 = LINE ( 'NONE', #722, #3540 ) ;
#3076 = DIRECTION ( 'NONE',  ( -0.0000000000000000000, -0.0000000000000000000, -1.000000000000000000 ) ) ;
#3077 = ADVANCED_FACE ( 'NONE', ( #2733 ), #1509, .F. ) ;
#3078 = LINE ( 'NONE', #3465, #2415 ) ;
#3079 = DIRECTION ( 'NONE',  ( 0.06610257710436372200, 0.9978128327999003000, 0.0000000000000000000 ) ) ;
#3080 = ORIENTED_EDGE ( 'NONE', *, *, #4611, .T. ) ;
#3081 = DIRECTION ( 'NONE',  ( -1.000000000000000000, -9.627253440664264800E-015, 0.0000000000000000000 ) ) ;
#3082 = ORIENTED_EDGE ( 'NONE', *, *, #3005, .T. ) ;
#3083 = FACE_OUTER_BOUND ( 'NONE', #2646, .T. ) ;
#3084 = VECTOR ( 'NONE', #309, 39.37007874015748100 ) ;
#3085 = CARTESIAN_POINT ( 'NONE',  ( 0.1310470240948021800, 0.2699999999999999600, 0.07875000000000004200 ) ) ;
#3086 = DIRECTION ( 'NONE',  ( 0.06610257710436372200, -0.9978128327999003000, -0.0000000000000000000 ) ) ;
#3087 = DIRECTION ( 'NONE',  ( -1.000000000000000000, 0.0000000000000000000, 0.0000000000000000000 ) ) ;
#3088 = DIRECTION ( 'NONE',  ( 0.04679272426934444300, -0.7063322309492374700, 0.7063322309492369200 ) ) ;
#3089 = ORIENTED_EDGE ( 'NONE', *, *, #3531, .F. ) ;
#3090 = CARTESIAN_POINT ( 'NONE',  ( -0.1469318449276434100, 0.1600000000000000000, -0.03712713240271448000 ) ) ;
#3091 = MECHANICAL_DESIGN_GEOMETRIC_PRESENTATION_REPRESENTATION (  '', ( #3479 ), #1754 ) ;
#3092 = CARTESIAN_POINT ( 'NONE',  ( 0.1410251524228011700, 0.2491610257710437400, 0.1587500000000000000 ) ) ;
#3093 = ORIENTED_EDGE ( 'NONE', *, *, #3770, .F. ) ;
#3094 = CARTESIAN_POINT ( 'NONE',  ( 2.599358428979363500E-015, 0.2700000000000012400, -0.07874999999999995900 ) ) ;
#3095 = EDGE_CURVE ( 'NONE', #1118, #3529, #5077, .T. ) ;
#3096 = EDGE_LOOP ( 'NONE', ( #4673, #410, #3011, #2586 ) ) ;
#3097 = AXIS2_PLACEMENT_3D ( 'NONE', #4347, #2632, #567 ) ;
#3098 = DIRECTION ( 'NONE',  ( 1.000000000000000000, 0.0000000000000000000, 0.0000000000000000000 ) ) ;
#3099 = CARTESIAN_POINT ( 'NONE',  ( -0.1575314403517876200, 7.896748106685761000E-017, -0.05924999999999996900 ) ) ;
#3100 = CARTESIAN_POINT ( 'NONE',  ( -0.1575314403517876200, 7.043045608665678100E-017, -0.1407500000000000100 ) ) ;
#3101 = EDGE_LOOP ( 'NONE', ( #1996, #2032, #2879, #4858 ) ) ;
#3102 = PLANE ( 'NONE',  #2386 ) ;
#3103 = DIRECTION ( 'NONE',  ( 0.06610257710436372200, 0.9978128327999003000, 1.064794134897212500E-016 ) ) ;
#3104 = CARTESIAN_POINT ( 'NONE',  ( 0.1565420173799203800, 0.01493525640970793700, 0.1741852564097077500 ) ) ;
#3105 = EDGE_CURVE ( 'NONE', #1777, #1919, #4737, .T. ) ;
#3106 = ORIENTED_EDGE ( 'NONE', *, *, #4152, .F. ) ;
#3107 = VERTEX_POINT ( 'NONE', #2360 ) ;
#3108 = LINE ( 'NONE', #3238, #724 ) ;
#3109 = EDGE_LOOP ( 'NONE', ( #2694, #3966, #3584, #806 ) ) ;
#3110 = VERTEX_POINT ( 'NONE', #2377 ) ;
#3111 = DIRECTION ( 'NONE',  ( 0.0000000000000000000, -0.0000000000000000000, -1.000000000000000000 ) ) ;
#3112 = DIRECTION ( 'NONE',  ( 0.0000000000000000000, 0.0000000000000000000, 1.000000000000000000 ) ) ;
#3113 = VECTOR ( 'NONE', #960, 39.37007874015748100 ) ;
#3114 = EDGE_LOOP ( 'NONE', ( #1510, #1011, #388, #3698, #2347, #2294, #2582, #3553 ) ) ;
#3115 = VERTEX_POINT ( 'NONE', #4935 ) ;
#3116 = CARTESIAN_POINT ( 'NONE',  ( -0.1584424619161284900, -0.01375179376776140100, -0.04549820623223850600 ) ) ;
#3117 = DIRECTION ( 'NONE',  ( -0.05727780436021254200, -0.8646036316403955500, 0.4991791394699025600 ) ) ;
#3118 = FACE_OUTER_BOUND ( 'NONE', #3801, .T. ) ;
#3119 = CARTESIAN_POINT ( 'NONE',  ( 0.1565848870413174800, 0.1882601796367002800, -0.07874999999999995900 ) ) ;
#3120 = DIRECTION ( 'NONE',  ( 0.06610257710436372200, 0.9978128327999003000, 0.0000000000000000000 ) ) ;
#3121 = CARTESIAN_POINT ( 'NONE',  ( -2.599358428979363500E-015, 0.2700000000000012400, -0.02124999999999996000 ) ) ;
#3122 = PRESENTATION_LAYER_ASSIGNMENT (  '', '', ( #2823 ) ) ;
#3123 = ORIENTED_EDGE ( 'NONE', *, *, #1869, .T. ) ;
#3124 = LINE ( 'NONE', #4404, #2063 ) ;
#3125 = ORIENTED_EDGE ( 'NONE', *, *, #975, .F. ) ;
#3126 = DIRECTION ( 'NONE',  ( -0.0000000000000000000, 0.0000000000000000000, 1.000000000000000000 ) ) ;
#3127 = LINE ( 'NONE', #2558, #5529 ) ;
#3128 = ORIENTED_EDGE ( 'NONE', *, *, #2499, .T. ) ;
#3129 = LENGTH_MEASURE_WITH_UNIT ( LENGTH_MEASURE( 0.02539999999999999900 ), #1137 );
#3130 = DIRECTION ( 'NONE',  ( -0.06610257710436372200, -0.9978128327999003000, 0.0000000000000000000 ) ) ;
#3131 = ORIENTED_EDGE ( 'NONE', *, *, #2181, .F. ) ;
#3132 = DIRECTION ( 'NONE',  ( -1.000000000000000000, 0.0000000000000000000, 0.0000000000000000000 ) ) ;
#3133 = EDGE_CURVE ( 'NONE', #2114, #4630, #3805, .T. ) ;
#3134 = AXIS2_PLACEMENT_3D ( 'NONE', #5073, #3408, #2537 ) ;
#3135 = VECTOR ( 'NONE', #3300, 39.37007874015748100 ) ;
#3136 = DIRECTION ( 'NONE',  ( -0.06610257710436372200, -0.9978128327999003000, 0.0000000000000000000 ) ) ;
#3137 = ADVANCED_FACE ( 'NONE', ( #1097 ), #3661, .F. ) ;
#3138 = ORIENTED_EDGE ( 'NONE', *, *, #146, .F. ) ;
#3139 = LINE ( 'NONE', #32, #617 ) ;
#3140 = CARTESIAN_POINT ( 'NONE',  ( 0.1310470240948020700, 0.2585000000000000100, -0.02124999999999996000 ) ) ;
#3141 = EDGE_CURVE ( 'NONE', #2623, #671, #1358, .T. ) ;
#3142 = AXIS2_PLACEMENT_3D ( 'NONE', #4764, #1786, #3500 ) ;
#3143 = PLANE ( 'NONE',  #362 ) ;
#3144 = DIRECTION ( 'NONE',  ( 0.9978128327999003000, 0.06610257710436372200, 0.0000000000000000000 ) ) ;
#3145 = FACE_OUTER_BOUND ( 'NONE', #2517, .T. ) ;
#3146 = CARTESIAN_POINT ( 'NONE',  ( 0.1275000000000000000, 0.2700000000000000200, -0.02124999999999996000 ) ) ;
#3147 = EDGE_CURVE ( 'NONE', #2398, #1256, #429, .T. ) ;
#3148 = ORIENTED_EDGE ( 'NONE', *, *, #206, .T. ) ;
#3149 = VECTOR ( 'NONE', #4921, 39.37007874015748900 ) ;
#3150 = ORIENTED_EDGE ( 'NONE', *, *, #3414, .F. ) ;
#3151 = CARTESIAN_POINT ( 'NONE',  ( 0.1469318449276434100, 0.1600000000000000000, -0.04074999999999998800 ) ) ;
#3152 = VECTOR ( 'NONE', #1382, 39.37007874015748900 ) ;
#3153 = CARTESIAN_POINT ( 'NONE',  ( -0.1310470240948020700, 0.2585000000000000100, -0.1212499999999999700 ) ) ;
#3154 = ORIENTED_EDGE ( 'NONE', *, *, #4749, .F. ) ;
#3155 = CARTESIAN_POINT ( 'NONE',  ( -0.1683179463135507900, 0.01115063833466540200, 0.04075000000000003600 ) ) ;
#3156 = CARTESIAN_POINT ( 'NONE',  ( -0.1555634906104184600, 0.02970603556262510100, 0.2123523878444152400 ) ) ;
#3157 = MANIFOLD_SOLID_BREP ( 'Pin 2', #2449 ) ;
#3158 = DIRECTION ( 'NONE',  ( -9.627253440664264800E-015, 1.000000000000000000, -0.0000000000000000000 ) ) ;
#3159 = CARTESIAN_POINT ( 'NONE',  ( -0.1525000000000000200, 0.2499212054077438500, -0.07874999999999995900 ) ) ;
#3160 = ORIENTED_EDGE ( 'NONE', *, *, #487, .T. ) ;
#3161 = EDGE_CURVE ( 'NONE', #3854, #4840, #827, .T. ) ;
#3162 = AXIS2_PLACEMENT_3D ( 'NONE', #65, #885, #964 ) ;
#3163 = DIRECTION ( 'NONE',  ( -0.9978128327999003000, 0.06610257710436372200, -0.0000000000000000000 ) ) ;
#3164 = ORIENTED_EDGE ( 'NONE', *, *, #2396, .F. ) ;
#3165 = CARTESIAN_POINT ( 'NONE',  ( 0.1670383381876173500, 0.03046621519932528300, 0.2123523878444152400 ) ) ;
#3166 = CARTESIAN_POINT ( 'NONE',  ( -0.1275000000000000000, 0.3100000000000000500, -0.1827504534589630400 ) ) ;
#3167 = EDGE_CURVE ( 'NONE', #1654, #2006, #4309, .T. ) ;
#3168 = AXIS2_PLACEMENT_3D ( 'NONE', #5158, #518, #2600 ) ;
#3169 = CARTESIAN_POINT ( 'NONE',  ( -0.1525000000000000200, 0.2499212054077438500, 0.07875000000000004200 ) ) ;
#3170 = EDGE_LOOP ( 'NONE', ( #305, #4378, #1141, #2821 ) ) ;
#3171 = CARTESIAN_POINT ( 'NONE',  ( -0.1469318449276434100, 0.1600000000000000000, 0.1407500000000000400 ) ) ;
#3172 = VERTEX_POINT ( 'NONE', #1975 ) ;
#3173 = ORIENTED_EDGE ( 'NONE', *, *, #664, .F. ) ;
#3174 = DIRECTION ( 'NONE',  ( 0.0000000000000000000, -0.0000000000000000000, -1.000000000000000000 ) ) ;
#3175 = EDGE_CURVE ( 'NONE', #747, #2219, #1947, .T. ) ;
#3176 = FACE_OUTER_BOUND ( 'NONE', #5103, .T. ) ;
#3177 = CARTESIAN_POINT ( 'NONE',  ( 0.1274999999999998900, 0.2585000000000000100, -0.1212499999999999700 ) ) ;
#3178 = LINE ( 'NONE', #1905, #1523 ) ;
#3179 = EDGE_LOOP ( 'NONE', ( #1931, #4527, #1924, #58 ) ) ;
#3180 = EDGE_LOOP ( 'NONE', ( #2890, #3521, #5381, #2712 ) ) ;
#3181 = DIRECTION ( 'NONE',  ( 0.06610257710436372200, 0.9978128327999003000, 0.0000000000000000000 ) ) ;
#3182 = FACE_OUTER_BOUND ( 'NONE', #1630, .T. ) ;
#3183 = LINE ( 'NONE', #917, #4639 ) ;
#3184 = VERTEX_POINT ( 'NONE', #2507 ) ;
#3185 = VERTEX_POINT ( 'NONE', #3290 ) ;
#3186 = VERTEX_POINT ( 'NONE', #5045 ) ;
#3187 = PLANE ( 'NONE',  #4275 ) ;
#3188 = ADVANCED_FACE ( 'NONE', ( #3872 ), #3067, .T. ) ;
#3189 = EDGE_CURVE ( 'NONE', #4387, #4082, #1091, .T. ) ;
#3190 = CARTESIAN_POINT ( 'NONE',  ( -0.1568430987363519400, 0.01039045869796522000, -0.1587500000000000000 ) ) ;
#3191 = COLOUR_RGB ( '',0.7921568627450980000, 0.8196078431372548800, 0.9333333333333333500 ) ;
#3192 = ORIENTED_EDGE ( 'NONE', *, *, #3700, .T. ) ;
#3193 = LINE ( 'NONE', #5075, #2846 ) ;
#3194 = ORIENTED_EDGE ( 'NONE', *, *, #3575, .T. ) ;
#3195 = PLANE ( 'NONE',  #1303 ) ;
#3196 = ADVANCED_FACE ( 'NONE', ( #891 ), #1227, .T. ) ;
#3197 = FACE_OUTER_BOUND ( 'NONE', #319, .T. ) ;
#3198 = AXIS2_PLACEMENT_3D ( 'NONE', #908, #6, #4326 ) ;
#3199 = LINE ( 'NONE', #2743, #2598 ) ;
#3200 = DIRECTION ( 'NONE',  ( 0.0000000000000000000, 0.0000000000000000000, 1.000000000000000000 ) ) ;
#3201 = LINE ( 'NONE', #1306, #5408 ) ;
#3202 = LINE ( 'NONE', #2119, #5206 ) ;
#3203 = EDGE_CURVE ( 'NONE', #4990, #40, #4329, .T. ) ;
#3204 = AXIS2_PLACEMENT_3D ( 'NONE', #4619, #5444, #357 ) ;
#3205 = CARTESIAN_POINT ( 'NONE',  ( -0.1699999999999999800, -0.01423982036329964400, 0.04500000000000003300 ) ) ;
#3206 = VECTOR ( 'NONE', #5008, 39.37007874015748900 ) ;
#3207 = CARTESIAN_POINT ( 'NONE',  ( 0.1692878396824403200, -0.003489820363299725200, 0.04500000000000003300 ) ) ;
#3208 = ORIENTED_EDGE ( 'NONE', *, *, #1584, .T. ) ;
#3209 = EDGE_LOOP ( 'NONE', ( #571, #4988, #3650, #4501 ) ) ;
#3210 = EDGE_CURVE ( 'NONE', #1969, #2441, #753, .T. ) ;
#3211 = VECTOR ( 'NONE', #5128, 39.37007874015748100 ) ;
#3212 = AXIS2_PLACEMENT_3D ( 'NONE', #5153, #5520, #4662 ) ;
#3213 = VECTOR ( 'NONE', #5042, 39.37007874015748100 ) ;
#3214 = CARTESIAN_POINT ( 'NONE',  ( 0.1578129921052414400, -0.004249999999999923100, -0.1449999999999999900 ) ) ;
#3215 = CARTESIAN_POINT ( 'NONE',  ( 0.1275000000000000000, 0.2700000000000000200, -0.07874999999999995900 ) ) ;
#3216 = ORIENTED_EDGE ( 'NONE', *, *, #4743, .T. ) ;
#3217 = ADVANCED_FACE ( 'NONE', ( #138 ), #3308, .F. ) ;
#3218 = LINE ( 'NONE', #173, #5423 ) ;
#3219 = CARTESIAN_POINT ( 'NONE',  ( 0.1469318449276434100, 0.1600000000000000000, -0.1212499999999999700 ) ) ;
#3220 = PLANE ( 'NONE',  #510 ) ;
#3221 = VERTEX_POINT ( 'NONE', #4162 ) ;
#3222 = CARTESIAN_POINT ( 'NONE',  ( 0.1525000000000000200, 0.2499212054077438500, 0.1212500000000000400 ) ) ;
#3223 = DIRECTION ( 'NONE',  ( -0.06610257710436372200, -0.9978128327999003000, 0.0000000000000000000 ) ) ;
#3224 = ORIENTED_EDGE ( 'NONE', *, *, #4857, .T. ) ;
#3225 = DIRECTION ( 'NONE',  ( -1.000000000000000000, -9.627253440664264800E-015, 0.0000000000000000000 ) ) ;
#3226 = CARTESIAN_POINT ( 'NONE',  ( -0.1469318449276434100, 0.1600000000000000000, 0.1371271324027145100 ) ) ;
#3227 = ORIENTED_EDGE ( 'NONE', *, *, #1645, .F. ) ;
#3228 = CARTESIAN_POINT ( 'NONE',  ( -0.1699999999999999800, -0.01423982036329964400, -0.1449999999999999900 ) ) ;
#3229 = CARTESIAN_POINT ( 'NONE',  ( 0.1575314403517876200, 8.110173731190781100E-017, 0.05925000000000000400 ) ) ;
#3230 = EDGE_CURVE ( 'NONE', #4954, #4920, #1354, .T. ) ;
#3231 = ORIENTED_EDGE ( 'NONE', *, *, #1829, .F. ) ;
#3232 = AXIS2_PLACEMENT_3D ( 'NONE', #2272, #1081, #2688 ) ;
#3233 = DIRECTION ( 'NONE',  ( -1.000000000000000000, 9.627253440664264800E-015, 0.0000000000000000000 ) ) ;
#3234 = FILL_AREA_STYLE ('',( #3273 ) ) ;
#3235 = CARTESIAN_POINT ( 'NONE',  ( -0.1212883048896593900, 0.1875000000000000300, 0.1800383048896593600 ) ) ;
#3236 = ORIENTED_EDGE ( 'NONE', *, *, #3845, .T. ) ;
#3237 = ORIENTED_EDGE ( 'NONE', *, *, #3095, .F. ) ;
#3238 = CARTESIAN_POINT ( 'NONE',  ( 0.1469318449276434100, 0.1600000000000000000, 0.06287286759728552600 ) ) ;
#3239 = EDGE_CURVE ( 'NONE', #359, #471, #3339, .T. ) ;
#3240 = AXIS2_PLACEMENT_3D ( 'NONE', #2440, #5424, #4613 ) ;
#3241 = CARTESIAN_POINT ( 'NONE',  ( 0.1585251524228011300, -0.01499999999999983600, 0.1450000000000000200 ) ) ;
#3242 = EDGE_LOOP ( 'NONE', ( #3944, #4212, #5025, #3252 ) ) ;
#3243 = CARTESIAN_POINT ( 'NONE',  ( -0.1469318449276434100, 0.1600000000000000000, 0.05925000000000002500 ) ) ;
#3244 = DIRECTION ( 'NONE',  ( -0.06610257710436373600, -0.9978128327999003000, 0.0000000000000000000 ) ) ;
#3245 = VECTOR ( 'NONE', #161, 39.37007874015748100 ) ;
#3246 = DIRECTION ( 'NONE',  ( -0.0000000000000000000, 0.0000000000000000000, 1.000000000000000000 ) ) ;
#3247 = LINE ( 'NONE', #420, #2252 ) ;
#3248 = DIRECTION ( 'NONE',  ( -0.9978128327999003000, -0.06610257710436372200, -0.0000000000000000000 ) ) ;
#3249 = EDGE_CURVE ( 'NONE', #747, #2307, #2074, .T. ) ;
#3250 = DIRECTION ( 'NONE',  ( 0.0000000000000000000, 0.0000000000000000000, 1.000000000000000000 ) ) ;
#3251 = ORIENTED_EDGE ( 'NONE', *, *, #3189, .T. ) ;
#3252 = ORIENTED_EDGE ( 'NONE', *, *, #135, .T. ) ;
#3253 = VECTOR ( 'NONE', #2137, 39.37007874015748900 ) ;
#3254 = FILL_AREA_STYLE_COLOUR ( '', #2737 ) ;
#3255 = ORIENTED_EDGE ( 'NONE', *, *, #1753, .F. ) ;
#3256 = DIRECTION ( 'NONE',  ( -0.06610257710436372200, 0.9978128327999003000, 0.0000000000000000000 ) ) ;
#3257 = ORIENTED_EDGE ( 'NONE', *, *, #4448, .F. ) ;
#3258 = ORIENTED_EDGE ( 'NONE', *, *, #3414, .T. ) ;
#3259 = CARTESIAN_POINT ( 'NONE',  ( 0.1310470240948021800, 0.2699999999999999600, 0.02125000000000004700 ) ) ;
#3260 = DIRECTION ( 'NONE',  ( -1.000000000000000000, -9.627253440664264800E-015, 0.0000000000000000000 ) ) ;
#3261 = EDGE_LOOP ( 'NONE', ( #3899, #3080, #4428, #1082 ) ) ;
#3262 = DIRECTION ( 'NONE',  ( -0.08682659386424780600, -0.9924325091389671900, -0.08682659386424780600 ) ) ;
#3263 = ORIENTED_EDGE ( 'NONE', *, *, #4994, .F. ) ;
#3264 = VECTOR ( 'NONE', #277, 39.37007874015748900 ) ;
#3265 = LINE ( 'NONE', #3995, #3337 ) ;
#3266 = DIRECTION ( 'NONE',  ( -0.06610257710436372200, -0.9978128327999003000, 0.0000000000000000000 ) ) ;
#3267 = CARTESIAN_POINT ( 'NONE',  ( -0.1683179463135507900, 0.01115063833466540200, 0.1212500000000000400 ) ) ;
#3268 = AXIS2_PLACEMENT_3D ( 'NONE', #731, #358, #3329 ) ;
#3269 = ADVANCED_FACE ( 'NONE', ( #2012 ), #3775, .F. ) ;
#3270 = LINE ( 'NONE', #5530, #2929 ) ;
#3271 = VERTEX_POINT ( 'NONE', #5030 ) ;
#3272 = DIRECTION ( 'NONE',  ( 9.627253440664264800E-015, 1.000000000000000000, 0.0000000000000000000 ) ) ;
#3273 = FILL_AREA_STYLE_COLOUR ( '', #4600 ) ;
#3274 = FACE_OUTER_BOUND ( 'NONE', #1058, .T. ) ;
#3275 = CARTESIAN_POINT ( 'NONE',  ( 0.1310470240948021800, 0.2699999999999999600, -0.02124999999999996000 ) ) ;
#3276 = EDGE_CURVE ( 'NONE', #5532, #102, #2204, .T. ) ;
#3277 = AXIS2_PLACEMENT_3D ( 'NONE', #3798, #461, #4218 ) ;
#3278 = ORIENTED_EDGE ( 'NONE', *, *, #3700, .F. ) ;
#3279 = CARTESIAN_POINT ( 'NONE',  ( -0.1246917756177300200, 0.3020981515672353500, -0.1834417756177300400 ) ) ;
#3280 = LINE ( 'NONE', #4023, #360 ) ;
#3281 = EDGE_CURVE ( 'NONE', #392, #4991, #2999, .T. ) ;
#3282 = VERTEX_POINT ( 'NONE', #1615 ) ;
#3283 = CARTESIAN_POINT ( 'NONE',  ( -0.1275000000000000000, 0.2700000000000000200, 0.07875000000000004200 ) ) ;
#3284 = FACE_OUTER_BOUND ( 'NONE', #5402, .T. ) ;
#3285 = PLANE ( 'NONE',  #245 ) ;
#3286 = CARTESIAN_POINT ( 'NONE',  ( -0.1310470240948021800, 0.2485000000000000300, 0.1787500000000000500 ) ) ;
#3287 = DIRECTION ( 'NONE',  ( 0.0000000000000000000, -0.0000000000000000000, -1.000000000000000000 ) ) ;
#3288 = ORIENTED_EDGE ( 'NONE', *, *, #2111, .F. ) ;
#3289 = CARTESIAN_POINT ( 'NONE',  ( -0.1310470240948021800, 0.2699999999999999600, -0.07874999999999995900 ) ) ;
#3290 = CARTESIAN_POINT ( 'NONE',  ( 0.1565848870413174800, 0.1882601796367002800, 0.1212500000000000400 ) ) ;
#3291 = PLANE ( 'NONE',  #1356 ) ;
#3292 = EDGE_CURVE ( 'NONE', #1919, #1649, #5273, .T. ) ;
#3293 = VERTEX_POINT ( 'NONE', #5497 ) ;
#3294 = CARTESIAN_POINT ( 'NONE',  ( -0.1584424619161284900, -0.01375179376776140100, 0.05450179376776150000 ) ) ;
#3295 = CARTESIAN_POINT ( 'NONE',  ( -0.1451100394641186300, 0.1875000000000000600, 0.02125000000000004700 ) ) ;
#3296 = ORIENTED_EDGE ( 'NONE', *, *, #5272, .T. ) ;
#3297 = DIRECTION ( 'NONE',  ( 0.0000000000000000000, 0.0000000000000000000, -1.000000000000000000 ) ) ;
#3298 = DIRECTION ( 'NONE',  ( 0.06610257710436372200, 0.9978128327999003000, 0.0000000000000000000 ) ) ;
#3299 = ADVANCED_FACE ( 'NONE', ( #5540 ), #4648, .F. ) ;
#3300 = DIRECTION ( 'NONE',  ( 0.0000000000000000000, 0.0000000000000000000, 1.000000000000000000 ) ) ;
#3301 = ORIENTED_EDGE ( 'NONE', *, *, #42, .F. ) ;
#3302 = CARTESIAN_POINT ( 'NONE',  ( -0.1275000000000000000, 0.1875000000000000300, -0.1800383048896593600 ) ) ;
#3303 = LINE ( 'NONE', #5229, #2573 ) ;
#3304 = EDGE_CURVE ( 'NONE', #3766, #1913, #3270, .T. ) ;
#3305 = CARTESIAN_POINT ( 'NONE',  ( 0.1683179463135507900, 0.01115063833466540600, 0.1587499999999999700 ) ) ;
#3306 = VERTEX_POINT ( 'NONE', #3385 ) ;
#3307 = ORIENTED_EDGE ( 'NONE', *, *, #1167, .F. ) ;
#3308 = PLANE ( 'NONE',  #2275 ) ;
#3309 = CARTESIAN_POINT ( 'NONE',  ( -0.1699999999999999800, -0.01423982036329964400, 0.1450000000000000200 ) ) ;
#3310 = LINE ( 'NONE', #4304, #1593 ) ;
#3311 = CYLINDRICAL_SURFACE ( 'NONE', #3783, 0.02149999999999997700 ) ;
#3312 = ORIENTED_EDGE ( 'NONE', *, *, #1344, .F. ) ;
#3313 = EDGE_LOOP ( 'NONE', ( #5259, #2826, #5325, #3503 ) ) ;
#3314 = SURFACE_SIDE_STYLE ('',( #1660 ) ) ;
#3315 = EDGE_CURVE ( 'NONE', #3282, #1256, #1944, .T. ) ;
#3316 = AXIS2_PLACEMENT_3D ( 'NONE', #2533, #2892, #5514 ) ;
#3317 = CARTESIAN_POINT ( 'NONE',  ( -0.03749999999999990800, 0.3300000000000000200, -0.1810006801884445300 ) ) ;
#3318 = VECTOR ( 'NONE', #2951, 39.37007874015748100 ) ;
#3319 = PLANE ( 'NONE',  #1138 ) ;
#3320 = VECTOR ( 'NONE', #4099, 39.37007874015748900 ) ;
#3321 = ORIENTED_EDGE ( 'NONE', *, *, #2763, .T. ) ;
#3322 = ORIENTED_EDGE ( 'NONE', *, *, #3728, .F. ) ;
#3323 = ORIENTED_EDGE ( 'NONE', *, *, #2918, .F. ) ;
#3324 = CARTESIAN_POINT ( 'NONE',  ( 0.1699999999999999800, -0.01423982036329964400, -0.04499999999999998400 ) ) ;
#3325 = CARTESIAN_POINT ( 'NONE',  ( 0.1410251524228011700, 0.2491610257710437400, -0.1212499999999999700 ) ) ;
#3326 = VECTOR ( 'NONE', #2225, 39.37007874015748900 ) ;
#3327 = CARTESIAN_POINT ( 'NONE',  ( -0.1469318449276434100, 0.1600000000000000000, 0.03712713240271451500 ) ) ;
#3328 = EDGE_CURVE ( 'NONE', #4236, #5527, #1816, .T. ) ;
#3329 = DIRECTION ( 'NONE',  ( -0.06610257710436372200, 0.9978128327999003000, 0.0000000000000000000 ) ) ;
#3330 = ORIENTED_EDGE ( 'NONE', *, *, #3575, .F. ) ;
#3331 = VECTOR ( 'NONE', #2894, 39.37007874015748900 ) ;
#3332 = EDGE_LOOP ( 'NONE', ( #1127, #107, #2017, #3089 ) ) ;
#3333 = DIRECTION ( 'NONE',  ( -1.000000000000000000, 0.0000000000000000000, 0.0000000000000000000 ) ) ;
#3334 = LINE ( 'NONE', #3707, #551 ) ;
#3335 = DIRECTION ( 'NONE',  ( -0.0000000000000000000, -0.0000000000000000000, -1.000000000000000000 ) ) ;
#3336 = DIRECTION ( 'NONE',  ( -0.05727780436021254200, -0.8646036316403955500, 0.4991791394699025600 ) ) ;
#3337 = VECTOR ( 'NONE', #5319, 39.37007874015748100 ) ;
#3338 = ADVANCED_FACE ( 'NONE', ( #959 ), #4666, .T. ) ;
#3339 = LINE ( 'NONE', #2886, #2271 ) ;
#3340 = AXIS2_PLACEMENT_3D ( 'NONE', #1921, #648, #1945 ) ;
#3341 = LINE ( 'NONE', #2566, #5476 ) ;
#3342 = DIRECTION ( 'NONE',  ( 0.06610257710436372200, 0.9978128327999003000, 0.0000000000000000000 ) ) ;
#3343 = PRESENTATION_STYLE_ASSIGNMENT (( #4089 ) ) ;
#3344 = DIRECTION ( 'NONE',  ( -0.0000000000000000000, 0.0000000000000000000, 1.000000000000000000 ) ) ;
#3345 = EDGE_CURVE ( 'NONE', #2317, #4085, #4264, .T. ) ;
#3346 = CARTESIAN_POINT ( 'NONE',  ( -0.1222506801884445500, 0.3300000000000000200, 0.1810006801884445600 ) ) ;
#3347 = DIRECTION ( 'NONE',  ( 0.9978128327999003000, 0.06610257710436372200, 0.0000000000000000000 ) ) ;
#3348 = ORIENTED_EDGE ( 'NONE', *, *, #1246, .T. ) ;
#3349 = LINE ( 'NONE', #3279, #2084 ) ;
#3350 = VECTOR ( 'NONE', #2200, 39.37007874015748900 ) ;
#3351 = CARTESIAN_POINT ( 'NONE',  ( -0.1699999999999999800, 0.2700000000000000200, 0.1587500000000000000 ) ) ;
#3352 = DIRECTION ( 'NONE',  ( 0.0000000000000000000, -0.0000000000000000000, -1.000000000000000000 ) ) ;
#3353 = ORIENTED_EDGE ( 'NONE', *, *, #1693, .F. ) ;
#3354 = DIRECTION ( 'NONE',  ( 0.0000000000000000000, -0.0000000000000000000, -1.000000000000000000 ) ) ;
#3355 = EDGE_CURVE ( 'NONE', #4495, #887, #2726, .T. ) ;
#3356 = AXIS2_PLACEMENT_3D ( 'NONE', #5117, #1424, #3079 ) ;
#3357 = VECTOR ( 'NONE', #3753, 39.37007874015748900 ) ;
#3358 = ORIENTED_EDGE ( 'NONE', *, *, #3315, .F. ) ;
#3359 = EDGE_CURVE ( 'NONE', #4167, #4825, #2139, .T. ) ;
#3360 = ORIENTED_EDGE ( 'NONE', *, *, #5278, .F. ) ;
#3361 = DIRECTION ( 'NONE',  ( -0.9978128327999003000, -0.06610257710436372200, -0.0000000000000000000 ) ) ;
#3362 = ADVANCED_FACE ( 'NONE', ( #350 ), #4722, .F. ) ;
#3363 = CARTESIAN_POINT ( 'NONE',  ( -0.1683179463135507900, 0.01115063833466540200, 0.02125000000000004700 ) ) ;
#3364 = CARTESIAN_POINT ( 'NONE',  ( -0.1469318449276434100, 0.1600000000000000000, -0.02124999999999996000 ) ) ;
#3365 = ORIENTED_EDGE ( 'NONE', *, *, #3345, .T. ) ;
#3366 = DIRECTION ( 'NONE',  ( 0.0000000000000000000, 0.0000000000000000000, 1.000000000000000000 ) ) ;
#3367 = CARTESIAN_POINT ( 'NONE',  ( -0.1275000000000000000, 0.2700000000000000200, -0.1862500000000000000 ) ) ;
#3368 = CARTESIAN_POINT ( 'NONE',  ( 0.03608229377831227000, 0.3233302166230526100, -0.1815842106221010900 ) ) ;
#3369 = EDGE_CURVE ( 'NONE', #4495, #4433, #5203, .T. ) ;
#3370 = VERTEX_POINT ( 'NONE', #1721 ) ;
#3371 = CARTESIAN_POINT ( 'NONE',  ( 2.488645014411724400E-015, 0.2585000000000012300, 0.02125000000000004700 ) ) ;
#3372 = CARTESIAN_POINT ( 'NONE',  ( 0.1275000000000000000, 0.2700000000000000200, 0.1862500000000000000 ) ) ;
#3373 = CARTESIAN_POINT ( 'NONE',  ( -0.1310470240948021800, 0.2699999999999999600, 0.07875000000000004200 ) ) ;
#3374 = EDGE_LOOP ( 'NONE', ( #3301, #2718, #2435, #2511 ) ) ;
#3375 = ORIENTED_EDGE ( 'NONE', *, *, #1916, .T. ) ;
#3376 = DIRECTION ( 'NONE',  ( -0.0000000000000000000, -0.0000000000000000000, -1.000000000000000000 ) ) ;
#3377 = DIRECTION ( 'NONE',  ( -0.06610257710436373600, -0.9978128327999003000, 0.0000000000000000000 ) ) ;
#3378 =( NAMED_UNIT ( * ) SI_UNIT ( $, .STERADIAN. ) SOLID_ANGLE_UNIT ( ) );
#3379 = ORIENTED_EDGE ( 'NONE', *, *, #979, .F. ) ;
#3380 = EDGE_CURVE ( 'NONE', #1596, #1639, #207, .T. ) ;
#3381 = LINE ( 'NONE', #624, #2250 ) ;
#3382 = DIRECTION ( 'NONE',  ( -9.627253440664264800E-015, -1.000000000000000000, -1.198178944589589900E-016 ) ) ;
#3383 = LINE ( 'NONE', #3094, #1458 ) ;
#3384 = DIRECTION ( 'NONE',  ( -0.08682659386424780600, 0.9924325091389671900, 0.08682659386424780600 ) ) ;
#3385 = CARTESIAN_POINT ( 'NONE',  ( -0.1525000000000000200, 0.2499212054077438500, 0.1587500000000000000 ) ) ;
#3386 = EDGE_LOOP ( 'NONE', ( #2110, #3257, #4196, #1851 ) ) ;
#3387 = DIRECTION ( 'NONE',  ( -0.06610257710436372200, -0.9978128327999003000, 0.0000000000000000000 ) ) ;
#3388 = ADVANCED_FACE ( 'NONE', ( #4392 ), #1284, .F. ) ;
#3389 = ORIENTED_EDGE ( 'NONE', *, *, #3782, .T. ) ;
#3390 = VECTOR ( 'NONE', #4635, 39.37007874015748100 ) ;
#3391 = EDGE_CURVE ( 'NONE', #3789, #545, #5336, .T. ) ;
#3392 = ORIENTED_EDGE ( 'NONE', *, *, #4734, .T. ) ;
#3393 = DIRECTION ( 'NONE',  ( -0.06610257710436372200, -0.9978128327999003000, 0.0000000000000000000 ) ) ;
#3394 = VECTOR ( 'NONE', #3344, 39.37007874015748100 ) ;
#3395 = ORIENTED_EDGE ( 'NONE', *, *, #4349, .F. ) ;
#3396 = LINE ( 'NONE', #3267, #4998 ) ;
#3397 = CARTESIAN_POINT ( 'NONE',  ( 0.1275000000000000000, 0.2700000000000000200, 0.1862500000000000000 ) ) ;
#3398 = CARTESIAN_POINT ( 'NONE',  ( -0.1575314403517876200, 8.110173731190781100E-017, -0.1407500000000000100 ) ) ;
#3399 = CARTESIAN_POINT ( 'NONE',  ( 0.1525000000000000200, 0.2499212054077438500, -0.02124999999999996000 ) ) ;
#3400 = DIRECTION ( 'NONE',  ( -1.000000000000000000, 0.0000000000000000000, 0.0000000000000000000 ) ) ;
#3401 = CARTESIAN_POINT ( 'NONE',  ( -0.1451100394641186300, 0.1874999999999999700, 0.07875000000000004200 ) ) ;
#3402 = VECTOR ( 'NONE', #385, 39.37007874015747400 ) ;
#3403 = PLANE ( 'NONE',  #1638 ) ;
#3404 = ORIENTED_EDGE ( 'NONE', *, *, #1612, .F. ) ;
#3405 = ORIENTED_EDGE ( 'NONE', *, *, #2763, .F. ) ;
#3406 =( GEOMETRIC_REPRESENTATION_CONTEXT ( 3 ) GLOBAL_UNCERTAINTY_ASSIGNED_CONTEXT ( ( #3057 ) ) GLOBAL_UNIT_ASSIGNED_CONTEXT ( ( #5018, #2463, #4978 ) ) REPRESENTATION_CONTEXT ( 'NONE', 'WORKASPACE' ) );
#3407 = FACE_OUTER_BOUND ( 'NONE', #915, .T. ) ;
#3408 = DIRECTION ( 'NONE',  ( 0.0000000000000000000, -0.0000000000000000000, -1.000000000000000000 ) ) ;
#3409 = ORIENTED_EDGE ( 'NONE', *, *, #4454, .T. ) ;
#3410 = CARTESIAN_POINT ( 'NONE',  ( -0.1310470240948021800, 0.2485000000000000300, -0.02124999999999996000 ) ) ;
#3411 = ADVANCED_FACE ( 'NONE', ( #1026 ), #2565, .F. ) ;
#3412 = VECTOR ( 'NONE', #744, 39.37007874015748100 ) ;
#3413 = CARTESIAN_POINT ( 'NONE',  ( -2.488645014411724400E-015, 0.2585000000000012300, -0.1212499999999999700 ) ) ;
#3414 = EDGE_CURVE ( 'NONE', #5092, #3107, #3201, .T. ) ;
#3415 = CARTESIAN_POINT ( 'NONE',  ( -0.1584066925048422700, 0.1607601796367002200, 0.1787500000000000500 ) ) ;
#3416 = VERTEX_POINT ( 'NONE', #3455 ) ;
#3417 = VECTOR ( 'NONE', #2693, 39.37007874015748900 ) ;
#3418 = VECTOR ( 'NONE', #1703, 39.37007874015748100 ) ;
#3419 = DIRECTION ( 'NONE',  ( 0.05727780436021247300, 0.8646036316403947800, 0.4991791394699037800 ) ) ;
#3420 = DIRECTION ( 'NONE',  ( -0.9978128327999003000, 0.06610257710436372200, -0.0000000000000000000 ) ) ;
#3421 = DIRECTION ( 'NONE',  ( 9.627253440664264800E-015, 1.000000000000000000, 0.0000000000000000000 ) ) ;
#3422 = EDGE_CURVE ( 'NONE', #1219, #2196, #3597, .T. ) ;
#3423 = ORIENTED_EDGE ( 'NONE', *, *, #5296, .T. ) ;
#3424 = ORIENTED_EDGE ( 'NONE', *, *, #2143, .T. ) ;
#3425 = CARTESIAN_POINT ( 'NONE',  ( 0.1565848870413174800, 0.1882601796367001900, -0.1212499999999999700 ) ) ;
#3426 = EDGE_CURVE ( 'NONE', #4427, #449, #4000, .T. ) ;
#3427 = DIRECTION ( 'NONE',  ( -0.08682659386424780600, 0.9924325091389671900, -0.08682659386424780600 ) ) ;
#3428 = ORIENTED_EDGE ( 'NONE', *, *, #3359, .F. ) ;
#3429 = DIRECTION ( 'NONE',  ( 0.0000000000000000000, -0.0000000000000000000, -1.000000000000000000 ) ) ;
#3430 = DIRECTION ( 'NONE',  ( 0.0000000000000000000, -0.0000000000000000000, -1.000000000000000000 ) ) ;
#3431 = VERTEX_POINT ( 'NONE', #3042 ) ;
#3432 = ORIENTED_EDGE ( 'NONE', *, *, #4384, .F. ) ;
#3433 = CARTESIAN_POINT ( 'NONE',  ( -0.1690062879289864800, 0.0007601796367005884500, 0.05925000000000000400 ) ) ;
#3434 = AXIS2_PLACEMENT_3D ( 'NONE', #3757, #5433, #1232 ) ;
#3435 = FACE_OUTER_BOUND ( 'NONE', #327, .T. ) ;
#3436 = ADVANCED_FACE ( 'NONE', ( #1880 ), #462, .F. ) ;
#3437 = VERTEX_POINT ( 'NONE', #1388 ) ;
#3438 = ORIENTED_EDGE ( 'NONE', *, *, #1495, .F. ) ;
#3439 = DIRECTION ( 'NONE',  ( -1.000000000000000000, -9.627253440664264800E-015, 0.0000000000000000000 ) ) ;
#3440 = DIRECTION ( 'NONE',  ( 0.0000000000000000000, -0.0000000000000000000, -1.000000000000000000 ) ) ;
#3441 = LINE ( 'NONE', #4327, #2836 ) ;
#3442 = EDGE_CURVE ( 'NONE', #225, #1715, #3467, .T. ) ;
#3443 = VECTOR ( 'NONE', #1012, 39.37007874015748900 ) ;
#3444 = ORIENTED_EDGE ( 'NONE', *, *, #5418, .F. ) ;
#3445 = VERTEX_POINT ( 'NONE', #1815 ) ;
#3446 = LINE ( 'NONE', #3177, #1665 ) ;
#3447 = CARTESIAN_POINT ( 'NONE',  ( 0.1584066925048422700, 0.1607601796367002200, -0.05924999999999996900 ) ) ;
#3448 = VERTEX_POINT ( 'NONE', #519 ) ;
#3449 = ORIENTED_EDGE ( 'NONE', *, *, #1228, .F. ) ;
#3450 = ORIENTED_EDGE ( 'NONE', *, *, #3817, .T. ) ;
#3451 = EDGE_CURVE ( 'NONE', #2612, #3489, #5006, .T. ) ;
#3452 = DIRECTION ( 'NONE',  ( -0.06610257710436372200, -0.9978128327999003000, -0.0000000000000000000 ) ) ;
#3453 = DIRECTION ( 'NONE',  ( 1.000000000000000000, 0.0000000000000000000, 0.0000000000000000000 ) ) ;
#3454 = VECTOR ( 'NONE', #2236, 39.37007874015748900 ) ;
#3455 = CARTESIAN_POINT ( 'NONE',  ( 0.1410251524228011700, 0.2491610257710436500, 0.02125000000000004700 ) ) ;
#3456 = DIRECTION ( 'NONE',  ( 9.627253440664264800E-015, -1.000000000000000000, 0.0000000000000000000 ) ) ;
#3457 = ORIENTED_EDGE ( 'NONE', *, *, #5278, .T. ) ;
#3458 = LINE ( 'NONE', #3302, #340 ) ;
#3459 = ORIENTED_EDGE ( 'NONE', *, *, #4299, .T. ) ;
#3460 = ORIENTED_EDGE ( 'NONE', *, *, #2227, .F. ) ;
#3461 = FACE_OUTER_BOUND ( 'NONE', #1341, .T. ) ;
#3462 = EDGE_CURVE ( 'NONE', #3416, #5299, #1621, .T. ) ;
#3463 = EDGE_LOOP ( 'NONE', ( #1602, #872, #972, #1697 ) ) ;
#3464 = LINE ( 'NONE', #4429, #1478 ) ;
#3465 = CARTESIAN_POINT ( 'NONE',  ( -0.1525000000000000200, 0.2499212054077438500, -0.02124999999999996000 ) ) ;
#3466 = CARTESIAN_POINT ( 'NONE',  ( -0.1683179463135507900, 0.01115063833466540200, -0.02124999999999996000 ) ) ;
#3467 = LINE ( 'NONE', #967, #621 ) ;
#3468 = DIRECTION ( 'NONE',  ( 0.0000000000000000000, 0.0000000000000000000, -1.000000000000000000 ) ) ;
#3469 = ADVANCED_FACE ( 'NONE', ( #3731 ), #4757, .F. ) ;
#3470 = FACE_OUTER_BOUND ( 'NONE', #3170, .T. ) ;
#3471 = DIRECTION ( 'NONE',  ( 0.0000000000000000000, -0.0000000000000000000, -1.000000000000000000 ) ) ;
#3472 = VECTOR ( 'NONE', #2795, 39.37007874015748900 ) ;
#3473 = EDGE_CURVE ( 'NONE', #577, #4972, #4455, .T. ) ;
#3474 = LINE ( 'NONE', #3826, #2729 ) ;
#3475 = DIRECTION ( 'NONE',  ( -0.0000000000000000000, -0.0000000000000000000, -1.000000000000000000 ) ) ;
#3476 = DIRECTION ( 'NONE',  ( 1.000000000000000000, -3.414809992080336200E-015, 0.0000000000000000000 ) ) ;
#3477 = EDGE_LOOP ( 'NONE', ( #3571, #3697, #2425, #2310 ) ) ;
#3478 = VECTOR ( 'NONE', #4059, 39.37007874015748900 ) ;
#3479 = STYLED_ITEM ( 'NONE', ( #3614 ), #2072 ) ;
#3480 = ORIENTED_EDGE ( 'NONE', *, *, #4549, .F. ) ;
#3481 = CARTESIAN_POINT ( 'NONE',  ( 0.1275000000000000000, 0.2700000000000000200, -0.1212499999999999700 ) ) ;
#3482 = LINE ( 'NONE', #851, #2353 ) ;
#3483 = ORIENTED_EDGE ( 'NONE', *, *, #1087, .T. ) ;
#3484 = CARTESIAN_POINT ( 'NONE',  ( -0.1469318449276434100, 0.1600000000000000000, 0.03712713240271451500 ) ) ;
#3485 = DIRECTION ( 'NONE',  ( -1.000000000000000000, -9.627253440664264800E-015, 0.0000000000000000000 ) ) ;
#3486 = EDGE_CURVE ( 'NONE', #887, #1040, #2338, .T. ) ;
#3487 = AXIS2_PLACEMENT_3D ( 'NONE', #863, #1659, #2501 ) ;
#3488 = DIRECTION ( 'NONE',  ( 0.06610257710436372200, -0.9978128327999003000, 0.0000000000000000000 ) ) ;
#3489 = VERTEX_POINT ( 'NONE', #2246 ) ;
#3490 = CARTESIAN_POINT ( 'NONE',  ( 0.1568430987363519400, 0.01039045869796522000, 0.02125000000000004700 ) ) ;
#3491 = CARTESIAN_POINT ( 'NONE',  ( 0.1410251524228011700, 0.2491610257710436500, -0.07874999999999995900 ) ) ;
#3492 = DIRECTION ( 'NONE',  ( 1.000000000000000000, 0.0000000000000000000, 0.0000000000000000000 ) ) ;
#3493 = DIRECTION ( 'NONE',  ( 0.0000000000000000000, -0.0000000000000000000, -1.000000000000000000 ) ) ;
#3494 = ORIENTED_EDGE ( 'NONE', *, *, #798, .T. ) ;
#3495 = EDGE_CURVE ( 'NONE', #4307, #3929, #1415, .T. ) ;
#3496 = ADVANCED_FACE ( 'NONE', ( #745 ), #3509, .F. ) ;
#3497 = AXIS2_PLACEMENT_3D ( 'NONE', #1177, #3627, #1978 ) ;
#3498 = ORIENTED_EDGE ( 'NONE', *, *, #5146, .F. ) ;
#3499 = ORIENTED_EDGE ( 'NONE', *, *, #1733, .T. ) ;
#3500 = DIRECTION ( 'NONE',  ( 0.0000000000000000000, 0.9961946980917454300, -0.08715574274765836000 ) ) ;
#3501 = CARTESIAN_POINT ( 'NONE',  ( 2.488645014411724400E-015, 0.2585000000000012300, -0.1587500000000000000 ) ) ;
#3502 = ORIENTED_EDGE ( 'NONE', *, *, #2670, .T. ) ;
#3503 = ORIENTED_EDGE ( 'NONE', *, *, #1045, .T. ) ;
#3504 = CARTESIAN_POINT ( 'NONE',  ( -2.488645014411724400E-015, 0.2585000000000012300, 0.07875000000000004200 ) ) ;
#3505 = VECTOR ( 'NONE', #1254, 39.37007874015748100 ) ;
#3506 = DIRECTION ( 'NONE',  ( 0.06610257710436372200, 0.9978128327999003000, 0.0000000000000000000 ) ) ;
#3507 = FACE_OUTER_BOUND ( 'NONE', #5218, .T. ) ;
#3508 = CARTESIAN_POINT ( 'NONE',  ( 0.1310470240948021800, 0.2485000000000000300, -0.1587500000000000000 ) ) ;
#3509 = PLANE ( 'NONE',  #3665 ) ;
#3510 = ORIENTED_EDGE ( 'NONE', *, *, #2830, .T. ) ;
#3511 = ORIENTED_EDGE ( 'NONE', *, *, #2081, .T. ) ;
#3512 = PLANE ( 'NONE',  #501 ) ;
#3513 = CARTESIAN_POINT ( 'NONE',  ( 0.1584424619161284900, -0.01375179376776140100, 0.05450179376776150000 ) ) ;
#3514 = VECTOR ( 'NONE', #3076, 39.37007874015748100 ) ;
#3515 = VERTEX_POINT ( 'NONE', #2617 ) ;
#3516 = EDGE_LOOP ( 'NONE', ( #3977, #721, #4553, #155 ) ) ;
#3517 = ORIENTED_EDGE ( 'NONE', *, *, #3519, .T. ) ;
#3518 = CARTESIAN_POINT ( 'NONE',  ( 0.1699999999999999800, -0.01423982036329964400, 0.05500000000000002800 ) ) ;
#3519 = EDGE_CURVE ( 'NONE', #2859, #577, #687, .T. ) ;
#3520 = AXIS2_PLACEMENT_3D ( 'NONE', #1043, #4877, #5274 ) ;
#3521 = ORIENTED_EDGE ( 'NONE', *, *, #1890, .F. ) ;
#3522 = VECTOR ( 'NONE', #352, 39.37007874015748100 ) ;
#3523 = ORIENTED_EDGE ( 'NONE', *, *, #4488, .T. ) ;
#3524 = CARTESIAN_POINT ( 'NONE',  ( -0.1469318449276434100, 0.1600000000000000000, -0.04074999999999998800 ) ) ;
#3525 = ADVANCED_FACE ( 'NONE', ( #2857 ), #5214, .F. ) ;
#3526 = CARTESIAN_POINT ( 'NONE',  ( 0.1525000000000000200, 0.2499212054077438500, 0.07875000000000004200 ) ) ;
#3527 = VECTOR ( 'NONE', #337, 39.37007874015748900 ) ;
#3528 = PLANE ( 'NONE',  #2365 ) ;
#3529 = VERTEX_POINT ( 'NONE', #3955 ) ;
#3530 = LINE ( 'NONE', #4604, #1346 ) ;
#3531 = EDGE_CURVE ( 'NONE', #449, #2948, #2401, .T. ) ;
#3532 = CARTESIAN_POINT ( 'NONE',  ( 0.1274999999999998900, 0.2585000000000000100, 0.07875000000000004200 ) ) ;
#3533 = CARTESIAN_POINT ( 'NONE',  ( -0.1275000000000000000, 0.2585000000000000100, 0.1862500000000000000 ) ) ;
#3534 = DIRECTION ( 'NONE',  ( -0.06610257710436372200, -0.9978128327999003000, 0.0000000000000000000 ) ) ;
#3535 = LINE ( 'NONE', #2887, #1544 ) ;
#3536 = EDGE_CURVE ( 'NONE', #5286, #1582, #554, .T. ) ;
#3537 = VECTOR ( 'NONE', #2761, 39.37007874015748900 ) ;
#3538 = DIRECTION ( 'NONE',  ( -0.04679272426934444300, -0.7063322309492374700, 0.7063322309492369200 ) ) ;
#3539 = ORIENTED_EDGE ( 'NONE', *, *, #2249, .F. ) ;
#3540 = VECTOR ( 'NONE', #1157, 39.37007874015748900 ) ;
#3541 = CARTESIAN_POINT ( 'NONE',  ( 0.1683179463135507900, 0.01115063833466540200, 0.05500000000000002800 ) ) ;
#3542 = VECTOR ( 'NONE', #4634, 39.37007874015748900 ) ;
#3543 = CARTESIAN_POINT ( 'NONE',  ( -0.1469318449276434100, 0.1600000000000000000, 0.1371271324027145100 ) ) ;
#3544 = VERTEX_POINT ( 'NONE', #3119 ) ;
#3545 = AXIS2_PLACEMENT_3D ( 'NONE', #4871, #4466, #1021 ) ;
#3546 = VECTOR ( 'NONE', #4563, 39.37007874015748100 ) ;
#3547 = VECTOR ( 'NONE', #2315, 39.37007874015748100 ) ;
#3548 = CARTESIAN_POINT ( 'NONE',  ( -0.1578129921052414400, -0.004249999999999901400, 0.1450000000000000200 ) ) ;
#3549 = PLANE ( 'NONE',  #1542 ) ;
#3550 = VECTOR ( 'NONE', #1230, 39.37007874015748900 ) ;
#3551 = CARTESIAN_POINT ( 'NONE',  ( 0.1568430987363519400, 0.01039045869796522000, 0.1787500000000000500 ) ) ;
#3552 = DIRECTION ( 'NONE',  ( 9.627253440664264800E-015, -1.000000000000000000, 0.0000000000000000000 ) ) ;
#3553 = ORIENTED_EDGE ( 'NONE', *, *, #1991, .T. ) ;
#3554 = ADVANCED_FACE ( 'NONE', ( #4259 ), #143, .T. ) ;
#3555 = EDGE_CURVE ( 'NONE', #4082, #2780, #2993, .T. ) ;
#3556 = DIRECTION ( 'NONE',  ( 0.06610257710436372200, -0.9978128327999003000, 0.0000000000000000000 ) ) ;
#3557 = ORIENTED_EDGE ( 'NONE', *, *, #1022, .F. ) ;
#3558 = EDGE_CURVE ( 'NONE', #2223, #1892, #5139, .T. ) ;
#3559 = VERTEX_POINT ( 'NONE', #5283 ) ;
#3560 = STYLED_ITEM ( 'NONE', ( #1405 ), #4149 ) ;
#3561 = DIRECTION ( 'NONE',  ( 1.000000000000000000, 0.0000000000000000000, 0.0000000000000000000 ) ) ;
#3562 = CARTESIAN_POINT ( 'NONE',  ( 0.1539194572176712000, 0.05452258113005163700, 0.001975451419294672400 ) ) ;
#3563 = ORIENTED_EDGE ( 'NONE', *, *, #4103, .F. ) ;
#3564 = SURFACE_STYLE_USAGE ( .BOTH. , #3954 ) ;
#3565 = DIRECTION ( 'NONE',  ( -0.0000000000000000000, 0.0000000000000000000, 1.000000000000000000 ) ) ;
#3566 = CARTESIAN_POINT ( 'NONE',  ( 0.1525000000000000200, 0.2499212054077438500, 0.02125000000000004700 ) ) ;
#3567 = EDGE_CURVE ( 'NONE', #1663, #4607, #4589, .T. ) ;
#3568 = CARTESIAN_POINT ( 'NONE',  ( 0.1692878396824403200, -0.003489820363299746400, -0.1449999999999999900 ) ) ;
#3569 = VERTEX_POINT ( 'NONE', #3214 ) ;
#3570 = DIRECTION ( 'NONE',  ( 0.9978128327999003000, 0.06610257710436372200, -0.0000000000000000000 ) ) ;
#3571 = ORIENTED_EDGE ( 'NONE', *, *, #1255, .T. ) ;
#3572 = ORIENTED_EDGE ( 'NONE', *, *, #4266, .F. ) ;
#3573 = CARTESIAN_POINT ( 'NONE',  ( 0.1565420173799203800, 0.01493525640970793700, -0.02581474359029225400 ) ) ;
#3574 = ADVANCED_FACE ( 'NONE', ( #3461 ), #3143, .T. ) ;
#3575 = EDGE_CURVE ( 'NONE', #1074, #2413, #3994, .T. ) ;
#3576 = LINE ( 'NONE', #4413, #5114 ) ;
#3577 = DIRECTION ( 'NONE',  ( 1.000000000000000000, 0.0000000000000000000, 0.0000000000000000000 ) ) ;
#3578 = VECTOR ( 'NONE', #575, 39.37007874015748100 ) ;
#3579 = ORIENTED_EDGE ( 'NONE', *, *, #1968, .F. ) ;
#3580 = ORIENTED_EDGE ( 'NONE', *, *, #4593, .T. ) ;
#3581 = CARTESIAN_POINT ( 'NONE',  ( -0.1680168649571192300, 0.01569543604640812100, -0.1258147435902922700 ) ) ;
#3582 = LINE ( 'NONE', #3604, #803 ) ;
#3583 = CARTESIAN_POINT ( 'NONE',  ( 8.537024980200822600E-017, 0.3300000000000000200, -0.1810006801884445900 ) ) ;
#3584 = ORIENTED_EDGE ( 'NONE', *, *, #1628, .F. ) ;
#3585 = VERTEX_POINT ( 'NONE', #1111 ) ;
#3586 = ORIENTED_EDGE ( 'NONE', *, *, #2385, .F. ) ;
#3587 = CARTESIAN_POINT ( 'NONE',  ( -0.1310470240948021800, 0.2485000000000000300, -0.07874999999999995900 ) ) ;
#3588 = ORIENTED_EDGE ( 'NONE', *, *, #2572, .F. ) ;
#3589 = LINE ( 'NONE', #258, #553 ) ;
#3590 = CARTESIAN_POINT ( 'NONE',  ( -0.1275000000000000000, 0.2700000000000000200, -0.1212499999999999700 ) ) ;
#3591 = ORIENTED_EDGE ( 'NONE', *, *, #2572, .T. ) ;
#3592 = EDGE_CURVE ( 'NONE', #1235, #40, #1475, .T. ) ;
#3593 = AXIS2_PLACEMENT_3D ( 'NONE', #3863, #473, #3485 ) ;
#3594 = DIRECTION ( 'NONE',  ( -0.0000000000000000000, -0.0000000000000000000, -1.000000000000000000 ) ) ;
#3595 = VERTEX_POINT ( 'NONE', #1038 ) ;
#3596 = VECTOR ( 'NONE', #5251, 39.37007874015747400 ) ;
#3597 = CIRCLE ( 'NONE', #2798, 0.009999999999999979400 ) ;
#3598 = EDGE_CURVE ( 'NONE', #3908, #3186, #1289, .T. ) ;
#3599 = PRODUCT_RELATED_PRODUCT_CATEGORY ( 'part', '', ( #448 ) ) ;
#3600 = LINE ( 'NONE', #3275, #1418 ) ;
#3601 = PLANE ( 'NONE',  #3046 ) ;
#3602 = VECTOR ( 'NONE', #3181, 39.37007874015748900 ) ;
#3603 = EDGE_LOOP ( 'NONE', ( #2855, #239, #381, #2989 ) ) ;
#3604 = CARTESIAN_POINT ( 'NONE',  ( -0.1575645640874880600, -0.0004999999999999374500, 0.1587499999999999700 ) ) ;
#3605 = EDGE_CURVE ( 'NONE', #5534, #1220, #1749, .T. ) ;
#3606 = VERTEX_POINT ( 'NONE', #1899 ) ;
#3607 = DIRECTION ( 'NONE',  ( 0.0000000000000000000, 0.0000000000000000000, 1.000000000000000000 ) ) ;
#3608 = LINE ( 'NONE', #4154, #3084 ) ;
#3609 = CARTESIAN_POINT ( 'NONE',  ( 0.1670383381876173500, 0.03046621519932528300, 0.01235238784441522800 ) ) ;
#3610 = ADVANCED_FACE ( 'NONE', ( #2132 ), #2333, .F. ) ;
#3611 = VERTEX_POINT ( 'NONE', #2341 ) ;
#3612 = DIRECTION ( 'NONE',  ( 0.9978128327999003000, -0.06610257710436372200, 0.0000000000000000000 ) ) ;
#3613 = CARTESIAN_POINT ( 'NONE',  ( 0.1568430987363519400, 0.01039045869796522000, 0.1450000000000000200 ) ) ;
#3614 = PRESENTATION_STYLE_ASSIGNMENT (( #814 ) ) ;
#3615 = PLANE ( 'NONE',  #436 ) ;
#3616 = VECTOR ( 'NONE', #4933, 39.37007874015748100 ) ;
#3617 = AXIS2_PLACEMENT_3D ( 'NONE', #3776, #1616, #4590 ) ;
#3618 = ORIENTED_EDGE ( 'NONE', *, *, #3095, .T. ) ;
#3619 = FACE_OUTER_BOUND ( 'NONE', #1977, .T. ) ;
#3620 = CARTESIAN_POINT ( 'NONE',  ( 0.1275000000000000000, 0.2585000000000000100, -0.1862500000000000000 ) ) ;
#3621 = CARTESIAN_POINT ( 'NONE',  ( -0.1555634906104184600, 0.02970603556262510100, 0.01235238784441522800 ) ) ;
#3622 = ORIENTED_EDGE ( 'NONE', *, *, #834, .T. ) ;
#3623 = DIRECTION ( 'NONE',  ( -0.06610257710436372200, 0.9978128327999003000, 0.0000000000000000000 ) ) ;
#3624 = EDGE_CURVE ( 'NONE', #3115, #2242, #1684, .T. ) ;
#3625 = ORIENTED_EDGE ( 'NONE', *, *, #1309, .T. ) ;
#3626 = EDGE_LOOP ( 'NONE', ( #876, #1463, #1217, #563 ) ) ;
#3627 = DIRECTION ( 'NONE',  ( -0.04669038075761903400, -0.7047873642613292600, 0.7078804839252718100 ) ) ;
#3628 = EDGE_CURVE ( 'NONE', #3110, #3705, #2534, .T. ) ;
#3629 = MECHANICAL_DESIGN_GEOMETRIC_PRESENTATION_REPRESENTATION (  '', ( #3560 ), #4594 ) ;
#3630 = EDGE_LOOP ( 'NONE', ( #1401, #48, #3833, #4775 ) ) ;
#3631 = MANIFOLD_SOLID_BREP ( 'Pin 8', #2903 ) ;
#3632 = DIRECTION ( 'NONE',  ( 0.08715574274765836000, 0.9961946980917454300, 0.0000000000000000000 ) ) ;
#3633 = ADVANCED_FACE ( 'NONE', ( #4388 ), #4026, .F. ) ;
#3634 =( NAMED_UNIT ( * ) PLANE_ANGLE_UNIT ( ) SI_UNIT ( $, .RADIAN. ) );
#3635 = ORIENTED_EDGE ( 'NONE', *, *, #3239, .T. ) ;
#3636 = ORIENTED_EDGE ( 'NONE', *, *, #301, .F. ) ;
#3637 = EDGE_CURVE ( 'NONE', #154, #4642, #4862, .T. ) ;
#3638 = FACE_OUTER_BOUND ( 'NONE', #3035, .T. ) ;
#3639 = CARTESIAN_POINT ( 'NONE',  ( 0.1469318449276434100, 0.1600000000000000000, 0.04075000000000003600 ) ) ;
#3640 = VECTOR ( 'NONE', #1104, 39.37007874015748900 ) ;
#3641 = ORIENTED_EDGE ( 'NONE', *, *, #4454, .F. ) ;
#3642 = CARTESIAN_POINT ( 'NONE',  ( 8.537024980200822600E-017, 0.3300000000000000200, -0.1435006801884446100 ) ) ;
#3643 = FACE_OUTER_BOUND ( 'NONE', #2936, .T. ) ;
#3644 = LINE ( 'NONE', #233, #1589 ) ;
#3645 = VERTEX_POINT ( 'NONE', #1474 ) ;
#3646 = ORIENTED_EDGE ( 'NONE', *, *, #1438, .F. ) ;
#3647 = CARTESIAN_POINT ( 'NONE',  ( 0.1683179463135507900, 0.01115063833466540600, -0.04075000000000000100 ) ) ;
#3648 = EDGE_CURVE ( 'NONE', #2869, #2781, #3932, .T. ) ;
#3649 = LINE ( 'NONE', #4354, #3326 ) ;
#3650 = ORIENTED_EDGE ( 'NONE', *, *, #3822, .T. ) ;
#3651 = VECTOR ( 'NONE', #214, 39.37007874015748100 ) ;
#3652 = ORIENTED_EDGE ( 'NONE', *, *, #1714, .F. ) ;
#3653 = CARTESIAN_POINT ( 'NONE',  ( -0.1568430987363519400, 0.01039045869796522000, -0.02124999999999996000 ) ) ;
#3654 = CARTESIAN_POINT ( 'NONE',  ( 0.1525000000000000200, 0.2499212054077438500, 0.1587500000000000000 ) ) ;
#3655 = VECTOR ( 'NONE', #4680, 39.37007874015748900 ) ;
#3656 = DIRECTION ( 'NONE',  ( -0.06610257710436373600, -0.9978128327999003000, 0.0000000000000000000 ) ) ;
#3657 = ORIENTED_EDGE ( 'NONE', *, *, #474, .F. ) ;
#3658 = FACE_OUTER_BOUND ( 'NONE', #2247, .T. ) ;
#3659 = CARTESIAN_POINT ( 'NONE',  ( 0.1585251524228011300, -0.01499999999999983600, 0.04500000000000003300 ) ) ;
#3660 = VECTOR ( 'NONE', #2358, 39.37007874015748900 ) ;
#3661 = PLANE ( 'NONE',  #282 ) ;
#3662 = DIRECTION ( 'NONE',  ( 0.0000000000000000000, 1.000000000000000000, 0.0000000000000000000 ) ) ;
#3663 = LINE ( 'NONE', #2090, #754 ) ;
#3664 = EDGE_CURVE ( 'NONE', #3515, #2612, #2720, .T. ) ;
#3665 = AXIS2_PLACEMENT_3D ( 'NONE', #3533, #3492, #5231 ) ;
#3666 = LINE ( 'NONE', #2779, #628 ) ;
#3667 = VECTOR ( 'NONE', #2403, 39.37007874015748900 ) ;
#3668 = DIRECTION ( 'NONE',  ( 0.06610257710436372200, -0.9978128327999003000, -0.0000000000000000000 ) ) ;
#3669 = CLOSED_SHELL ( 'NONE', ( #4809, #2574, #2371, #2552, #2185, #4670, #5347, #5263, #714, #636, #893, #1964, #1757, #2235, #5429, #4640, #3388, #2992, #4104 ) ) ;
#3670 = EDGE_CURVE ( 'NONE', #3186, #2290, #1543, .T. ) ;
#3671 = FACE_OUTER_BOUND ( 'NONE', #5404, .T. ) ;
#3672 = CARTESIAN_POINT ( 'NONE',  ( -0.1568430987363519400, 0.01039045869796522000, 0.1407500000000000400 ) ) ;
#3673 = CARTESIAN_POINT ( 'NONE',  ( -0.1699999999999999800, -0.01423982036329964400, 0.1550000000000000300 ) ) ;
#3674 = DIRECTION ( 'NONE',  ( 0.03299702755569924900, 0.4980873512290812100, -0.8664988094152733500 ) ) ;
#3675 = ORIENTED_EDGE ( 'NONE', *, *, #1575, .T. ) ;
#3676 = LINE ( 'NONE', #4975, #5281 ) ;
#3677 = VECTOR ( 'NONE', #3761, 39.37007874015748100 ) ;
#3678 = DIRECTION ( 'NONE',  ( 0.03299702755569916500, 0.4980873512290799900, 0.8664988094152741300 ) ) ;
#3679 = DIRECTION ( 'NONE',  ( 0.06610257710436372200, 0.9978128327999003000, 0.0000000000000000000 ) ) ;
#3680 = ORIENTED_EDGE ( 'NONE', *, *, #25, .T. ) ;
#3681 = CYLINDRICAL_SURFACE ( 'NONE', #2867, 0.02149999999999997700 ) ;
#3682 = ADVANCED_FACE ( 'NONE', ( #4525 ), #4947, .T. ) ;
#3683 = ORIENTED_EDGE ( 'NONE', *, *, #3005, .F. ) ;
#3684 = DIRECTION ( 'NONE',  ( 0.0000000000000000000, 0.0000000000000000000, 1.000000000000000000 ) ) ;
#3685 = CIRCLE ( 'NONE', #4616, 0.02149999999999997700 ) ;
#3686 = AXIS2_PLACEMENT_3D ( 'NONE', #819, #5452, #1705 ) ;
#3687 = ORIENTED_EDGE ( 'NONE', *, *, #2031, .F. ) ;
#3688 = DIRECTION ( 'NONE',  ( 0.06610257710436372200, 0.9978128327999003000, 0.0000000000000000000 ) ) ;
#3689 = ADVANCED_FACE ( 'NONE', ( #4131 ), #4505, .T. ) ;
#3690 = DIRECTION ( 'NONE',  ( 1.000000000000000000, 9.627253440664264800E-015, 0.0000000000000000000 ) ) ;
#3691 = CARTESIAN_POINT ( 'NONE',  ( -0.1539194572176712000, 0.05452258113005163700, -0.1980245485807053400 ) ) ;
#3692 = EDGE_CURVE ( 'NONE', #2591, #2324, #1020, .T. ) ;
#3693 = ORIENTED_EDGE ( 'NONE', *, *, #1215, .T. ) ;
#3694 = STYLED_ITEM ( 'NONE', ( #3343 ), #3157 ) ;
#3695 = DIRECTION ( 'NONE',  ( 1.000000000000000000, -9.627253440664264800E-015, 0.0000000000000000000 ) ) ;
#3696 = DIRECTION ( 'NONE',  ( 0.9978128327999003000, 0.06610257710436372200, -0.0000000000000000000 ) ) ;
#3697 = ORIENTED_EDGE ( 'NONE', *, *, #1501, .F. ) ;
#3698 = ORIENTED_EDGE ( 'NONE', *, *, #2385, .T. ) ;
#3699 = CARTESIAN_POINT ( 'NONE',  ( 0.1212883048896593900, 0.1875000000000000300, -0.1862500000000000000 ) ) ;
#3700 = EDGE_CURVE ( 'NONE', #4433, #1040, #424, .T. ) ;
#3701 = VECTOR ( 'NONE', #3751, 39.37007874015748900 ) ;
#3702 = PLANE ( 'NONE',  #4838 ) ;
#3703 = LINE ( 'NONE', #3647, #5248 ) ;
#3704 = ORIENTED_EDGE ( 'NONE', *, *, #417, .T. ) ;
#3705 = VERTEX_POINT ( 'NONE', #4927 ) ;
#3706 = VECTOR ( 'NONE', #4359, 39.37007874015748100 ) ;
#3707 = CARTESIAN_POINT ( 'NONE',  ( -0.1469318449276434100, 0.1600000000000000000, -0.1212499999999999700 ) ) ;
#3708 = VECTOR ( 'NONE', #2112, 39.37007874015748100 ) ;
#3709 = DIRECTION ( 'NONE',  ( -1.000000000000000000, -0.0000000000000000000, -0.0000000000000000000 ) ) ;
#3710 = EDGE_CURVE ( 'NONE', #1919, #1114, #3334, .T. ) ;
#3711 = CARTESIAN_POINT ( 'NONE',  ( 0.1275000000000000000, 0.2700000000000000200, -0.1587500000000000000 ) ) ;
#3712 = ORIENTED_EDGE ( 'NONE', *, *, #4238, .T. ) ;
#3713 = VERTEX_POINT ( 'NONE', #312 ) ;
#3714 = VECTOR ( 'NONE', #2230, 39.37007874015748100 ) ;
#3715 = ORIENTED_EDGE ( 'NONE', *, *, #4951, .F. ) ;
#3716 = DIRECTION ( 'NONE',  ( -0.9978128327999003000, -0.06610257710436372200, -0.0000000000000000000 ) ) ;
#3717 = ORIENTED_EDGE ( 'NONE', *, *, #1829, .T. ) ;
#3718 = PLANE ( 'NONE',  #2409 ) ;
#3719 = ADVANCED_FACE ( 'NONE', ( #609 ), #1954, .F. ) ;
#3720 = SURFACE_STYLE_FILL_AREA ( #1025 ) ;
#3721 = ORIENTED_EDGE ( 'NONE', *, *, #2508, .F. ) ;
#3722 = FACE_OUTER_BOUND ( 'NONE', #4449, .T. ) ;
#3723 = VERTEX_POINT ( 'NONE', #729 ) ;
#3724 = PRESENTATION_STYLE_ASSIGNMENT (( #4850 ) ) ;
#3725 = EDGE_LOOP ( 'NONE', ( #3123, #1708, #2480, #641 ) ) ;
#3726 = CARTESIAN_POINT ( 'NONE',  ( -2.599358428979363500E-015, 0.2700000000000012400, 0.02125000000000004700 ) ) ;
#3727 = DIRECTION ( 'NONE',  ( -0.06610257710436372200, 0.9978128327999003000, 0.0000000000000000000 ) ) ;
#3728 = EDGE_CURVE ( 'NONE', #4161, #4709, #2199, .T. ) ;
#3729 = CARTESIAN_POINT ( 'NONE',  ( 0.1310470240948021800, 0.2485000000000000300, -0.1212499999999999700 ) ) ;
#3730 = CARTESIAN_POINT ( 'NONE',  ( 0.1275000000000000000, 0.2700000000000000200, 0.1862500000000000000 ) ) ;
#3731 = FACE_OUTER_BOUND ( 'NONE', #5342, .T. ) ;
#3732 = SURFACE_SIDE_STYLE ('',( #2014 ) ) ;
#3733 = DIRECTION ( 'NONE',  ( 1.000000000000000000, -9.627253440664264800E-015, 0.0000000000000000000 ) ) ;
#3734 = EDGE_CURVE ( 'NONE', #5519, #14, #5065, .T. ) ;
#3735 = PRESENTATION_LAYER_ASSIGNMENT (  '', '', ( #3560 ) ) ;
#3736 = VERTEX_POINT ( 'NONE', #3654 ) ;
#3737 =( LENGTH_UNIT ( ) NAMED_UNIT ( * ) SI_UNIT ( $, .METRE. ) );
#3738 = LINE ( 'NONE', #4547, #3418 ) ;
#3739 = VECTOR ( 'NONE', #5050, 39.37007874015748900 ) ;
#3740 = CARTESIAN_POINT ( 'NONE',  ( 2.599358428979363500E-015, 0.2700000000000012400, 0.02125000000000004700 ) ) ;
#3741 = CARTESIAN_POINT ( 'NONE',  ( 0.1310470240948021800, 0.2699999999999999600, -0.1212499999999999700 ) ) ;
#3742 = EDGE_CURVE ( 'NONE', #2223, #4631, #4928, .T. ) ;
#3743 = ORIENTED_EDGE ( 'NONE', *, *, #627, .T. ) ;
#3744 = CARTESIAN_POINT ( 'NONE',  ( -0.1275000000000000000, 0.2585000000000000100, 0.1862500000000000000 ) ) ;
#3745 = ADVANCED_FACE ( 'NONE', ( #821 ), #4545, .T. ) ;
#3746 = VECTOR ( 'NONE', #4641, 39.37007874015748100 ) ;
#3747 = PLANE ( 'NONE',  #5099 ) ;
#3748 = LINE ( 'NONE', #1172, #2615 ) ;
#3749 = CARTESIAN_POINT ( 'NONE',  ( -0.1469318449276434100, 0.1600000000000000000, 0.07875000000000004200 ) ) ;
#3750 = FACE_OUTER_BOUND ( 'NONE', #4030, .T. ) ;
#3751 = DIRECTION ( 'NONE',  ( -0.04679272426934443600, -0.7063322309492373600, 0.7063322309492368100 ) ) ;
#3752 = VERTEX_POINT ( 'NONE', #299 ) ;
#3753 = DIRECTION ( 'NONE',  ( -0.9978128327999003000, 0.06610257710436372200, -0.0000000000000000000 ) ) ;
#3754 = DIRECTION ( 'NONE',  ( -0.9978128327999003000, 0.06610257710436373600, -0.0000000000000000000 ) ) ;
#3755 = VECTOR ( 'NONE', #2486, 39.37007874015748100 ) ;
#3756 = CARTESIAN_POINT ( 'NONE',  ( 0.1683179463135507900, 0.01115063833466540600, -0.04075000000000000100 ) ) ;
#3757 = CARTESIAN_POINT ( 'NONE',  ( 2.488645014411724400E-015, 0.2585000000000012300, 0.1787500000000000500 ) ) ;
#3758 = EDGE_CURVE ( 'NONE', #3595, #3448, #5200, .T. ) ;
#3759 = VERTEX_POINT ( 'NONE', #4983 ) ;
#3760 = DIRECTION ( 'NONE',  ( 0.0000000000000000000, 0.0000000000000000000, 1.000000000000000000 ) ) ;
#3761 = DIRECTION ( 'NONE',  ( 9.627253440664264800E-015, 1.000000000000000000, 0.0000000000000000000 ) ) ;
#3762 = ORIENTED_EDGE ( 'NONE', *, *, #3879, .F. ) ;
#3763 = CARTESIAN_POINT ( 'NONE',  ( -0.1699999999999999800, -0.01423982036329964400, -0.1449999999999999900 ) ) ;
#3764 = DIRECTION ( 'NONE',  ( -0.03299702755569924900, 0.4980873512290812100, -0.8664988094152733500 ) ) ;
#3765 = DIRECTION ( 'NONE',  ( 0.9978128327999003000, 0.06610257710436372200, -0.0000000000000000000 ) ) ;
#3766 = VERTEX_POINT ( 'NONE', #1143 ) ;
#3767 = EDGE_LOOP ( 'NONE', ( #3796, #2995, #3557, #1277 ) ) ;
#3768 = DIRECTION ( 'NONE',  ( 0.04669038075761918600, 0.7047873642613314800, 0.7078804839252695900 ) ) ;
#3769 = DIRECTION ( 'NONE',  ( -0.04669038075761918600, 0.7047873642613314800, 0.7078804839252695900 ) ) ;
#3770 = EDGE_CURVE ( 'NONE', #3723, #2845, #416, .T. ) ;
#3771 = AXIS2_PLACEMENT_3D ( 'NONE', #4233, #5083, #909 ) ;
#3772 = CARTESIAN_POINT ( 'NONE',  ( 0.1565420173799203800, 0.01493525640970793700, 0.07418525640970775900 ) ) ;
#3773 = ORIENTED_EDGE ( 'NONE', *, *, #5418, .T. ) ;
#3774 = DIRECTION ( 'NONE',  ( 0.06610257710436372200, -0.9978128327999003000, 0.0000000000000000000 ) ) ;
#3775 = PLANE ( 'NONE',  #573 ) ;
#3776 = CARTESIAN_POINT ( 'NONE',  ( -0.1310470240948021800, 0.2485000000000000300, 0.1212500000000000400 ) ) ;
#3777 = LINE ( 'NONE', #5397, #51 ) ;
#3778 = ADVANCED_FACE ( 'NONE', ( #1998 ), #3285, .F. ) ;
#3779 = VERTEX_POINT ( 'NONE', #2024 ) ;
#3780 = EDGE_LOOP ( 'NONE', ( #2679, #2777, #2557, #2700 ) ) ;
#3781 =( NAMED_UNIT ( * ) SI_UNIT ( $, .STERADIAN. ) SOLID_ANGLE_UNIT ( ) );
#3782 = EDGE_CURVE ( 'NONE', #2404, #3172, #2783, .T. ) ;
#3783 = AXIS2_PLACEMENT_3D ( 'NONE', #3962, #3594, #195 ) ;
#3784 = PLANE ( 'NONE',  #4472 ) ;
#3785 = PLANE ( 'NONE',  #1520 ) ;
#3786 = LINE ( 'NONE', #828, #2509 ) ;
#3787 = ORIENTED_EDGE ( 'NONE', *, *, #5255, .F. ) ;
#3788 = ORIENTED_EDGE ( 'NONE', *, *, #35, .T. ) ;
#3789 = VERTEX_POINT ( 'NONE', #1702 ) ;
#3790 = CARTESIAN_POINT ( 'NONE',  ( -0.1469318449276434100, 0.1600000000000000000, -0.05924999999999996900 ) ) ;
#3791 = DIRECTION ( 'NONE',  ( 0.0000000000000000000, 0.0000000000000000000, 1.000000000000000000 ) ) ;
#3792 = VECTOR ( 'NONE', #1457, 39.37007874015748100 ) ;
#3793 = DIRECTION ( 'NONE',  ( -0.04679272426934458900, -0.7063322309492396900, -0.7063322309492347000 ) ) ;
#3794 = ORIENTED_EDGE ( 'NONE', *, *, #2994, .F. ) ;
#3795 = FACE_OUTER_BOUND ( 'NONE', #603, .T. ) ;
#3796 = ORIENTED_EDGE ( 'NONE', *, *, #692, .F. ) ;
#3797 = CARTESIAN_POINT ( 'NONE',  ( 0.1578129921052414400, -0.004249999999999901400, 0.1450000000000000200 ) ) ;
#3798 = CARTESIAN_POINT ( 'NONE',  ( 0.1683179463135507900, 0.01115063833466540200, 0.04075000000000003600 ) ) ;
#3799 = VECTOR ( 'NONE', #422, 39.37007874015748900 ) ;
#3800 = CARTESIAN_POINT ( 'NONE',  ( 2.488645014411724400E-015, 0.2585000000000012300, -0.02124999999999996000 ) ) ;
#3801 = EDGE_LOOP ( 'NONE', ( #1460, #1169, #1393, #5162 ) ) ;
#3802 = LINE ( 'NONE', #2434, #198 ) ;
#3803 = VECTOR ( 'NONE', #2303, 39.37007874015748900 ) ;
#3804 = CARTESIAN_POINT ( 'NONE',  ( -0.1410251524228011700, 0.2491610257710437400, -0.02124999999999996000 ) ) ;
#3805 = LINE ( 'NONE', #1173, #1420 ) ;
#3806 = CARTESIAN_POINT ( 'NONE',  ( -0.1275000000000000000, 0.2585000000000000100, -0.1862500000000000000 ) ) ;
#3807 = ADVANCED_FACE ( 'NONE', ( #1283 ), #785, .F. ) ;
#3808 = ORIENTED_EDGE ( 'NONE', *, *, #4518, .F. ) ;
#3809 = EDGE_CURVE ( 'NONE', #4495, #2117, #1743, .T. ) ;
#3810 = DIRECTION ( 'NONE',  ( -1.000000000000000000, -0.0000000000000000000, -0.0000000000000000000 ) ) ;
#3811 = ORIENTED_EDGE ( 'NONE', *, *, #3918, .F. ) ;
#3812 = LINE ( 'NONE', #4675, #5082 ) ;
#3813 = DIRECTION ( 'NONE',  ( 0.05727780436021254200, -0.8646036316403955500, 0.4991791394699025600 ) ) ;
#3814 = PLANE ( 'NONE',  #3277 ) ;
#3815 = EDGE_LOOP ( 'NONE', ( #5360, #3794, #3832, #4636 ) ) ;
#3816 = FILL_AREA_STYLE_COLOUR ( '', #5337 ) ;
#3817 = EDGE_CURVE ( 'NONE', #2882, #720, #4254, .T. ) ;
#3818 = FACE_OUTER_BOUND ( 'NONE', #2773, .T. ) ;
#3819 = EDGE_LOOP ( 'NONE', ( #616, #4041, #4005, #4716 ) ) ;
#3820 = CARTESIAN_POINT ( 'NONE',  ( -2.599358428979363500E-015, 0.2700000000000012400, -0.07874999999999995900 ) ) ;
#3821 = CARTESIAN_POINT ( 'NONE',  ( 0.1469318449276434100, 0.1600000000000000000, -0.06287286759728549800 ) ) ;
#3822 = EDGE_CURVE ( 'NONE', #4207, #2242, #5264, .T. ) ;
#3823 = ORIENTED_EDGE ( 'NONE', *, *, #4364, .F. ) ;
#3824 = CARTESIAN_POINT ( 'NONE',  ( -0.1699999999999999800, 0.2700000000000000200, 0.1587500000000000000 ) ) ;
#3825 = LINE ( 'NONE', #4357, #1572 ) ;
#3826 = CARTESIAN_POINT ( 'NONE',  ( -2.599358428979363500E-015, 0.2700000000000012400, 0.07875000000000004200 ) ) ;
#3827 = VERTEX_POINT ( 'NONE', #5022 ) ;
#3828 = DIRECTION ( 'NONE',  ( 0.0000000000000000000, -0.0000000000000000000, -1.000000000000000000 ) ) ;
#3829 = CARTESIAN_POINT ( 'NONE',  ( -0.1275000000000000000, 0.2585000000000000100, 0.1862500000000000000 ) ) ;
#3830 = AXIS2_PLACEMENT_3D ( 'NONE', #4620, #3768, #813 ) ;
#3831 = ADVANCED_FACE ( 'NONE', ( #2394 ), #3747, .F. ) ;
#3832 = ORIENTED_EDGE ( 'NONE', *, *, #5384, .F. ) ;
#3833 = ORIENTED_EDGE ( 'NONE', *, *, #2960, .T. ) ;
#3834 = DIRECTION ( 'NONE',  ( 1.000000000000000000, 0.0000000000000000000, 0.0000000000000000000 ) ) ;
#3835 = DIRECTION ( 'NONE',  ( 0.05727780436021247300, 0.8646036316403947800, 0.4991791394699038300 ) ) ;
#3836 = EDGE_CURVE ( 'NONE', #4418, #3645, #4659, .T. ) ;
#3837 = ORIENTED_EDGE ( 'NONE', *, *, #4526, .T. ) ;
#3838 = VECTOR ( 'NONE', #3967, 39.37007874015748100 ) ;
#3839 = CARTESIAN_POINT ( 'NONE',  ( -0.1310470240948021800, 0.2485000000000000300, -0.02124999999999996000 ) ) ;
#3840 = SURFACE_SIDE_STYLE ('',( #1015 ) ) ;
#3841 = LINE ( 'NONE', #5049, #2697 ) ;
#3842 = CARTESIAN_POINT ( 'NONE',  ( -0.1310470240948020700, 0.2585000000000000100, -0.07874999999999995900 ) ) ;
#3843 = VERTEX_POINT ( 'NONE', #2962 ) ;
#3844 = ORIENTED_EDGE ( 'NONE', *, *, #4313, .T. ) ;
#3845 = EDGE_CURVE ( 'NONE', #4781, #4513, #1083, .T. ) ;
#3846 = MECHANICAL_DESIGN_GEOMETRIC_PRESENTATION_REPRESENTATION (  '', ( #2766 ), #1191 ) ;
#3847 = CARTESIAN_POINT ( 'NONE',  ( -0.1699999999999999800, -0.01423982036329973400, 0.07875000000000004200 ) ) ;
#3848 = LINE ( 'NONE', #4213, #4708 ) ;
#3849 = CARTESIAN_POINT ( 'NONE',  ( 0.1699999999999999800, -0.01423982036329964400, -0.1449999999999999900 ) ) ;
#3850 = DIRECTION ( 'NONE',  ( 1.000000000000000000, 0.0000000000000000000, 0.0000000000000000000 ) ) ;
#3851 = ORIENTED_EDGE ( 'NONE', *, *, #4028, .T. ) ;
#3852 = ORIENTED_EDGE ( 'NONE', *, *, #5190, .F. ) ;
#3853 = VECTOR ( 'NONE', #1850, 39.37007874015748900 ) ;
#3854 = VERTEX_POINT ( 'NONE', #4579 ) ;
#3855 = EDGE_CURVE ( 'NONE', #3705, #4085, #2986, .T. ) ;
#3856 = ORIENTED_EDGE ( 'NONE', *, *, #1013, .F. ) ;
#3857 = ORIENTED_EDGE ( 'NONE', *, *, #3210, .F. ) ;
#3858 = CARTESIAN_POINT ( 'NONE',  ( -0.1539194572176712000, 0.05452258113005163700, -0.09802454858070533400 ) ) ;
#3859 = ORIENTED_EDGE ( 'NONE', *, *, #2559, .F. ) ;
#3860 = LINE ( 'NONE', #2010, #419 ) ;
#3861 = EDGE_LOOP ( 'NONE', ( #706, #5048, #3006, #5356, #650, #4231, #1340, #3891, #725, #4190, #3460, #3683, #4025, #789 ) ) ;
#3862 = ADVANCED_FACE ( 'NONE', ( #128 ), #5094, .F. ) ;
#3863 = CARTESIAN_POINT ( 'NONE',  ( -2.599358428979363500E-015, 0.2700000000000012400, 0.07875000000000004200 ) ) ;
#3864 = DIRECTION ( 'NONE',  ( 0.05727780436021254200, -0.8646036316403955500, 0.4991791394699025600 ) ) ;
#3865 = EDGE_CURVE ( 'NONE', #1777, #2505, #1937, .T. ) ;
#3866 = LINE ( 'NONE', #910, #2007 ) ;
#3867 = DIRECTION ( 'NONE',  ( -0.0000000000000000000, -0.0000000000000000000, -1.000000000000000000 ) ) ;
#3868 = DIRECTION ( 'NONE',  ( -0.9978128327999003000, -0.06610257710436372200, -0.0000000000000000000 ) ) ;
#3869 = DIRECTION ( 'NONE',  ( -0.06610257710436372200, 0.9978128327999003000, 0.0000000000000000000 ) ) ;
#3870 = VECTOR ( 'NONE', #105, 39.37007874015748100 ) ;
#3871 = MECHANICAL_DESIGN_GEOMETRIC_PRESENTATION_REPRESENTATION (  '', ( #2823 ), #1222 ) ;
#3872 = FACE_OUTER_BOUND ( 'NONE', #2021, .T. ) ;
#3873 = DIRECTION ( 'NONE',  ( 0.0000000000000000000, 0.0000000000000000000, 1.000000000000000000 ) ) ;
#3874 = CARTESIAN_POINT ( 'NONE',  ( -0.1275000000000000000, 0.2585000000000000100, -0.1862500000000000000 ) ) ;
#3875 = ORIENTED_EDGE ( 'NONE', *, *, #549, .F. ) ;
#3876 = VECTOR ( 'NONE', #4529, 39.37007874015748900 ) ;
#3877 = LINE ( 'NONE', #5391, #3149 ) ;
#3878 = CARTESIAN_POINT ( 'NONE',  ( 0.1451100394641186300, 0.1875000000000000600, 0.1212500000000000400 ) ) ;
#3879 = EDGE_CURVE ( 'NONE', #2406, #5299, #1679, .T. ) ;
#3880 = LINE ( 'NONE', #363, #1826 ) ;
#3881 = DIRECTION ( 'NONE',  ( -0.0000000000000000000, -0.0000000000000000000, -1.000000000000000000 ) ) ;
#3882 = EDGE_LOOP ( 'NONE', ( #4253, #852, #2607, #2652 ) ) ;
#3883 = FACE_OUTER_BOUND ( 'NONE', #2834, .T. ) ;
#3884 = CARTESIAN_POINT ( 'NONE',  ( -0.1568430987363519400, 0.01039045869796522000, 0.04075000000000003600 ) ) ;
#3885 = CARTESIAN_POINT ( 'NONE',  ( -2.599358428979363500E-015, 0.2700000000000012400, -0.1212499999999999700 ) ) ;
#3886 = EDGE_CURVE ( 'NONE', #1304, #2223, #879, .T. ) ;
#3887 = ORIENTED_EDGE ( 'NONE', *, *, #3167, .T. ) ;
#3888 = ADVANCED_FACE ( 'NONE', ( #4322 ), #5472, .T. ) ;
#3889 = LINE ( 'NONE', #2099, #1893 ) ;
#3890 = CARTESIAN_POINT ( 'NONE',  ( -0.1585251524228011300, -0.01499999999999983600, 0.04500000000000003300 ) ) ;
#3891 = ORIENTED_EDGE ( 'NONE', *, *, #4767, .T. ) ;
#3892 = DIRECTION ( 'NONE',  ( -0.06610257710436373600, -0.9978128327999003000, 0.0000000000000000000 ) ) ;
#3893 = EDGE_CURVE ( 'NONE', #2398, #3271, #4195, .T. ) ;
#3894 = CARTESIAN_POINT ( 'NONE',  ( 0.1584424619161284900, -0.01375179376776140100, -0.04549820623223850600 ) ) ;
#3895 = ORIENTED_EDGE ( 'NONE', *, *, #253, .T. ) ;
#3896 = PLANE ( 'NONE',  #746 ) ;
#3897 = VECTOR ( 'NONE', #4008, 39.37007874015748100 ) ;
#3898 = CARTESIAN_POINT ( 'NONE',  ( -0.1699999999999999800, -0.01423982036329964400, -0.1550000000000000000 ) ) ;
#3899 = ORIENTED_EDGE ( 'NONE', *, *, #42, .T. ) ;
#3900 = CARTESIAN_POINT ( 'NONE',  ( -0.1212883048896593900, 0.1875000000000000300, 0.1862500000000000000 ) ) ;
#3901 = CARTESIAN_POINT ( 'NONE',  ( 0.1568430987363519400, 0.01039045869796522000, 0.04075000000000003600 ) ) ;
#3902 = DIRECTION ( 'NONE',  ( 1.000000000000000000, 9.627253440664264800E-015, 0.0000000000000000000 ) ) ;
#3903 = VERTEX_POINT ( 'NONE', #811 ) ;
#3904 = LINE ( 'NONE', #1124, #1391 ) ;
#3905 = EDGE_CURVE ( 'NONE', #547, #251, #5468, .T. ) ;
#3906 = LINE ( 'NONE', #3699, #4235 ) ;
#3907 = VERTEX_POINT ( 'NONE', #1736 ) ;
#3908 = VERTEX_POINT ( 'NONE', #528 ) ;
#3909 = CARTESIAN_POINT ( 'NONE',  ( 0.1310470240948021800, 0.2699999999999999600, -0.1212499999999999700 ) ) ;
#3910 = ADVANCED_FACE ( 'NONE', ( #680 ), #2529, .F. ) ;
#3911 = CARTESIAN_POINT ( 'NONE',  ( 0.1310470240948021800, 0.2485000000000000300, 0.1787500000000000500 ) ) ;
#3912 = LINE ( 'NONE', #3513, #3853 ) ;
#3913 = CARTESIAN_POINT ( 'NONE',  ( -0.1275000000000000000, 0.2700000000000000200, 0.1787500000000000500 ) ) ;
#3914 = VECTOR ( 'NONE', #4485, 39.37007874015748900 ) ;
#3915 = ORIENTED_EDGE ( 'NONE', *, *, #346, .F. ) ;
#3916 = ORIENTED_EDGE ( 'NONE', *, *, #1894, .T. ) ;
#3917 = EDGE_LOOP ( 'NONE', ( #4617, #4180, #4250, #3395 ) ) ;
#3918 = EDGE_CURVE ( 'NONE', #2062, #1220, #2068, .T. ) ;
#3919 = AXIS2_PLACEMENT_3D ( 'NONE', #2251, #127, #2291 ) ;
#3920 = CARTESIAN_POINT ( 'NONE',  ( 0.1683179463135507900, 0.01115063833466540200, 0.1212500000000000400 ) ) ;
#3921 = VECTOR ( 'NONE', #3126, 39.37007874015748100 ) ;
#3922 = DIRECTION ( 'NONE',  ( 0.0000000000000000000, 0.0000000000000000000, 1.000000000000000000 ) ) ;
#3923 = CARTESIAN_POINT ( 'NONE',  ( -0.1585251524228011300, -0.01499999999999983600, -0.04499999999999998400 ) ) ;
#3924 = ORIENTED_EDGE ( 'NONE', *, *, #5168, .F. ) ;
#3925 = ORIENTED_EDGE ( 'NONE', *, *, #4273, .F. ) ;
#3926 = VERTEX_POINT ( 'NONE', #2977 ) ;
#3927 = VECTOR ( 'NONE', #3765, 39.37007874015748900 ) ;
#3928 = EDGE_CURVE ( 'NONE', #4999, #5534, #2655, .T. ) ;
#3929 = VERTEX_POINT ( 'NONE', #936 ) ;
#3930 = LINE ( 'NONE', #1883, #3989 ) ;
#3931 = CARTESIAN_POINT ( 'NONE',  ( 0.1310470240948021800, 0.2485000000000000300, 0.1212500000000000400 ) ) ;
#3932 = LINE ( 'NONE', #1522, #3264 ) ;
#3933 = PLANE ( 'NONE',  #3142 ) ;
#3934 = CARTESIAN_POINT ( 'NONE',  ( 0.1568430987363519400, 0.01039045869796522000, -0.05924999999999996900 ) ) ;
#3935 = AXIS2_PLACEMENT_3D ( 'NONE', #1175, #797, #739 ) ;
#3936 = ORIENTED_EDGE ( 'NONE', *, *, #1483, .T. ) ;
#3937 = DIRECTION ( 'NONE',  ( -0.03299702755569916500, 0.4980873512290799900, 0.8664988094152741300 ) ) ;
#3938 = EDGE_LOOP ( 'NONE', ( #1079, #437, #1988, #5127 ) ) ;
#3939 = DIRECTION ( 'NONE',  ( 0.0000000000000000000, 0.0000000000000000000, 1.000000000000000000 ) ) ;
#3940 = ADVANCED_FACE ( 'NONE', ( #3197 ), #919, .T. ) ;
#3941 = CIRCLE ( 'NONE', #2203, 0.02149999999999996400 ) ;
#3942 = CARTESIAN_POINT ( 'NONE',  ( 0.1469318449276434100, 0.1600000000000000000, 0.1371271324027145100 ) ) ;
#3943 = AXIS2_PLACEMENT_3D ( 'NONE', #709, #1090, #1516 ) ;
#3944 = ORIENTED_EDGE ( 'NONE', *, *, #2305, .T. ) ;
#3945 = CARTESIAN_POINT ( 'NONE',  ( -0.1670383381876173500, 0.03046621519932528300, 0.2123523878444152400 ) ) ;
#3946 = FACE_OUTER_BOUND ( 'NONE', #1034, .T. ) ;
#3947 = ORIENTED_EDGE ( 'NONE', *, *, #843, .T. ) ;
#3948 = CARTESIAN_POINT ( 'NONE',  ( 0.1565848870413174800, 0.1882601796367001900, 0.07875000000000004200 ) ) ;
#3949 = EDGE_CURVE ( 'NONE', #760, #2196, #3127, .T. ) ;
#3950 = AXIS2_PLACEMENT_3D ( 'NONE', #2825, #1125, #4123 ) ;
#3951 = CARTESIAN_POINT ( 'NONE',  ( -2.488645014411724400E-015, 0.2585000000000012300, -0.02124999999999996000 ) ) ;
#3952 = ORIENTED_EDGE ( 'NONE', *, *, #771, .T. ) ;
#3953 = CARTESIAN_POINT ( 'NONE',  ( -0.1699999999999999800, 0.2700000000000000200, -0.1587500000000000000 ) ) ;
#3954 = SURFACE_SIDE_STYLE ('',( #2514 ) ) ;
#3955 = CARTESIAN_POINT ( 'NONE',  ( -0.1565848870413174800, 0.1882601796367002800, 0.1212500000000000400 ) ) ;
#3956 = EDGE_CURVE ( 'NONE', #590, #3185, #5330, .T. ) ;
#3957 = ORIENTED_EDGE ( 'NONE', *, *, #2081, .F. ) ;
#3958 =( LENGTH_UNIT ( ) NAMED_UNIT ( * ) SI_UNIT ( $, .METRE. ) );
#3959 = DIRECTION ( 'NONE',  ( -9.627253440664264800E-015, 1.000000000000000000, -0.0000000000000000000 ) ) ;
#3960 = ORIENTED_EDGE ( 'NONE', *, *, #2797, .F. ) ;
#3961 = ORIENTED_EDGE ( 'NONE', *, *, #4914, .T. ) ;
#3962 = CARTESIAN_POINT ( 'NONE',  ( -0.1310470240948021800, 0.2485000000000000300, 0.1787500000000000500 ) ) ;
#3963 = ADVANCED_FACE ( 'NONE', ( #2849 ), #1367, .T. ) ;
#3964 = CARTESIAN_POINT ( 'NONE',  ( 0.1310470240948021800, 0.2485000000000000300, 0.07875000000000004200 ) ) ;
#3965 = ORIENTED_EDGE ( 'NONE', *, *, #4178, .F. ) ;
#3966 = ORIENTED_EDGE ( 'NONE', *, *, #4698, .T. ) ;
#3967 = DIRECTION ( 'NONE',  ( -0.0000000000000000000, -0.0000000000000000000, 1.000000000000000000 ) ) ;
#3968 = LINE ( 'NONE', #3371, #5180 ) ;
#3969 = MANIFOLD_SOLID_BREP ( 'Pin 5', #2667 ) ;
#3970 = DIRECTION ( 'NONE',  ( 0.0000000000000000000, -0.0000000000000000000, -1.000000000000000000 ) ) ;
#3971 = EDGE_LOOP ( 'NONE', ( #54, #265, #3675, #4980 ) ) ;
#3972 = ORIENTED_EDGE ( 'NONE', *, *, #4206, .T. ) ;
#3973 = CARTESIAN_POINT ( 'NONE',  ( 0.1692878396824403200, -0.003489820363299746400, -0.04499999999999998400 ) ) ;
#3974 = AXIS2_PLACEMENT_3D ( 'NONE', #2884, #2136, #1317 ) ;
#3975 = CARTESIAN_POINT ( 'NONE',  ( -0.03749999999999990800, 0.3300000000000000200, -0.1810006801884445300 ) ) ;
#3976 = LINE ( 'NONE', #132, #3578 ) ;
#3977 = ORIENTED_EDGE ( 'NONE', *, *, #2210, .F. ) ;
#3978 = ORIENTED_EDGE ( 'NONE', *, *, #4169, .F. ) ;
#3979 = DIRECTION ( 'NONE',  ( -0.06610257710436372200, 0.9978128327999003000, 1.064794134897212500E-016 ) ) ;
#3980 = EDGE_CURVE ( 'NONE', #1789, #2406, #481, .T. ) ;
#3981 = LINE ( 'NONE', #854, #669 ) ;
#3982 = AXIS2_PLACEMENT_3D ( 'NONE', #3072, #4290, #988 ) ;
#3983 = ORIENTED_EDGE ( 'NONE', *, *, #4169, .T. ) ;
#3984 = LINE ( 'NONE', #375, #3331 ) ;
#3985 = ORIENTED_EDGE ( 'NONE', *, *, #4554, .T. ) ;
#3986 = DIRECTION ( 'NONE',  ( -0.05727780436021247300, 0.8646036316403947800, 0.4991791394699038300 ) ) ;
#3987 = VECTOR ( 'NONE', #5504, 39.37007874015748900 ) ;
#3988 = ORIENTED_EDGE ( 'NONE', *, *, #3928, .T. ) ;
#3989 = VECTOR ( 'NONE', #4416, 39.37007874015748900 ) ;
#3990 = EDGE_CURVE ( 'NONE', #5534, #5084, #1343, .T. ) ;
#3991 = VERTEX_POINT ( 'NONE', #2575 ) ;
#3992 = AXIS2_PLACEMENT_3D ( 'NONE', #1348, #1416, #4320 ) ;
#3993 =( NAMED_UNIT ( * ) SI_UNIT ( $, .STERADIAN. ) SOLID_ANGLE_UNIT ( ) );
#3994 = LINE ( 'NONE', #601, #5072 ) ;
#3995 = CARTESIAN_POINT ( 'NONE',  ( 0.1680168649571192300, 0.01569543604640812100, 0.1741852564097077500 ) ) ;
#3996 = ADVANCED_FACE ( 'NONE', ( #1077 ), #962, .F. ) ;
#3997 = ORIENTED_EDGE ( 'NONE', *, *, #5500, .F. ) ;
#3998 = LINE ( 'NONE', #3068, #5471 ) ;
#3999 = EDGE_CURVE ( 'NONE', #4418, #4591, #1606, .T. ) ;
#4000 = LINE ( 'NONE', #4686, #1755 ) ;
#4001 = CARTESIAN_POINT ( 'NONE',  ( 0.1683179463135507900, 0.01115063833466540600, 0.05925000000000000400 ) ) ;
#4002 = LINE ( 'NONE', #2875, #2861 ) ;
#4003 = LINE ( 'NONE', #688, #3537 ) ;
#4004 = PLANE ( 'NONE',  #4906 ) ;
#4005 = ORIENTED_EDGE ( 'NONE', *, *, #798, .F. ) ;
#4006 = AXIS2_PLACEMENT_3D ( 'NONE', #1476, #1095, #4851 ) ;
#4007 = VECTOR ( 'NONE', #4410, 39.37007874015748100 ) ;
#4008 = DIRECTION ( 'NONE',  ( -9.627253440664264800E-015, 1.000000000000000000, -0.0000000000000000000 ) ) ;
#4009 = FILL_AREA_STYLE_COLOUR ( '', #2445 ) ;
#4010 = CARTESIAN_POINT ( 'NONE',  ( 0.1578129921052414400, -0.004249999999999901400, -0.05499999999999997900 ) ) ;
#4011 = ORIENTED_EDGE ( 'NONE', *, *, #1761, .F. ) ;
#4012 = VECTOR ( 'NONE', #3429, 39.37007874015748100 ) ;
#4013 = DIRECTION ( 'NONE',  ( 0.0000000000000000000, 0.0000000000000000000, -1.000000000000000000 ) ) ;
#4014 = EDGE_CURVE ( 'NONE', #2257, #5188, #5460, .T. ) ;
#4015 = PLANE ( 'NONE',  #5057 ) ;
#4016 = EDGE_LOOP ( 'NONE', ( #3236, #192, #3029, #218 ) ) ;
#4017 = FACE_OUTER_BOUND ( 'NONE', #2306, .T. ) ;
#4018 = CARTESIAN_POINT ( 'NONE',  ( -0.1683179463135507900, 0.01115063833466540200, -0.05924999999999996900 ) ) ;
#4019 = ADVANCED_FACE ( 'NONE', ( #4783 ), #5225, .T. ) ;
#4020 = EDGE_CURVE ( 'NONE', #1870, #3282, #4856, .T. ) ;
#4021 = VERTEX_POINT ( 'NONE', #1824 ) ;
#4022 = AXIS2_PLACEMENT_3D ( 'NONE', #2705, #4419, #4855 ) ;
#4023 = CARTESIAN_POINT ( 'NONE',  ( -0.1274999999999998900, 0.2585000000000000100, -0.02124999999999996000 ) ) ;
#4024 = ORIENTED_EDGE ( 'NONE', *, *, #322, .F. ) ;
#4025 = ORIENTED_EDGE ( 'NONE', *, *, #2614, .F. ) ;
#4026 = PLANE ( 'NONE',  #2906 ) ;
#4027 = DIRECTION ( 'NONE',  ( 0.0000000000000000000, -0.0000000000000000000, -1.000000000000000000 ) ) ;
#4028 = EDGE_CURVE ( 'NONE', #5238, #2441, #5323, .T. ) ;
#4029 = DIRECTION ( 'NONE',  ( -0.06610257710436372200, -0.9978128327999003000, 0.0000000000000000000 ) ) ;
#4030 = EDGE_LOOP ( 'NONE', ( #1976, #1299, #4568, #1048 ) ) ;
#4031 = ORIENTED_EDGE ( 'NONE', *, *, #786, .T. ) ;
#4032 = DIRECTION ( 'NONE',  ( 0.05727780436021254200, -0.8646036316403955500, 0.4991791394699025600 ) ) ;
#4033 = ORIENTED_EDGE ( 'NONE', *, *, #2589, .T. ) ;
#4034 = EDGE_CURVE ( 'NONE', #4576, #1074, #3649, .T. ) ;
#4035 = DIMENSIONAL_EXPONENTS ( 1.000000000000000000, 0.0000000000000000000, 0.0000000000000000000, 0.0000000000000000000, 0.0000000000000000000, 0.0000000000000000000, 0.0000000000000000000 ) ;
#4036 = LINE ( 'NONE', #2022, #4311 ) ;
#4037 = DIRECTION ( 'NONE',  ( 0.0000000000000000000, -0.0000000000000000000, -1.000000000000000000 ) ) ;
#4038 = FACE_OUTER_BOUND ( 'NONE', #4565, .T. ) ;
#4039 = UNCERTAINTY_MEASURE_WITH_UNIT (LENGTH_MEASURE( 1.000000000000000100E-005 ), #1532, 'distance_accuracy_value', 'NONE');
#4040 = ORIENTED_EDGE ( 'NONE', *, *, #1651, .T. ) ;
#4041 = ORIENTED_EDGE ( 'NONE', *, *, #406, .F. ) ;
#4042 = CARTESIAN_POINT ( 'NONE',  ( 0.1565420173799203800, 0.01493525640970793700, -0.02581474359029225400 ) ) ;
#4043 = VECTOR ( 'NONE', #2757, 39.37007874015748100 ) ;
#4044 = LINE ( 'NONE', #4173, #4439 ) ;
#4045 = AXIS2_PLACEMENT_3D ( 'NONE', #2734, #1469, #4424 ) ;
#4046 = ORIENTED_EDGE ( 'NONE', *, *, #2841, .F. ) ;
#4047 = ORIENTED_EDGE ( 'NONE', *, *, #937, .F. ) ;
#4048 = EDGE_LOOP ( 'NONE', ( #2711, #2650, #1193, #5470 ) ) ;
#4049 = CARTESIAN_POINT ( 'NONE',  ( 0.1310470240948021800, 0.2699999999999999600, -0.02124999999999996000 ) ) ;
#4050 = FACE_OUTER_BOUND ( 'NONE', #2531, .T. ) ;
#4051 = ORIENTED_EDGE ( 'NONE', *, *, #2046, .T. ) ;
#4052 = VECTOR ( 'NONE', #4344, 39.37007874015748100 ) ;
#4053 = EDGE_LOOP ( 'NONE', ( #3014, #2327, #2330, #3851 ) ) ;
#4054 = ORIENTED_EDGE ( 'NONE', *, *, #244, .F. ) ;
#4055 = EDGE_CURVE ( 'NONE', #3559, #34, #4188, .T. ) ;
#4056 = VECTOR ( 'NONE', #2009, 39.37007874015748100 ) ;
#4057 = PLANE ( 'NONE',  #4846 ) ;
#4058 = LINE ( 'NONE', #584, #2723 ) ;
#4059 = DIRECTION ( 'NONE',  ( -0.06610257710436372200, -0.9978128327999003000, 0.0000000000000000000 ) ) ;
#4060 = DIRECTION ( 'NONE',  ( 1.000000000000000000, 0.0000000000000000000, 0.0000000000000000000 ) ) ;
#4061 = VECTOR ( 'NONE', #403, 39.37007874015748900 ) ;
#4062 = EDGE_CURVE ( 'NONE', #900, #3766, #3055, .T. ) ;
#4063 = AXIS2_PLACEMENT_3D ( 'NONE', #1182, #4122, #4141 ) ;
#4064 = CARTESIAN_POINT ( 'NONE',  ( -0.1699173094933273700, -0.01299161413106121900, -0.1454982062322385300 ) ) ;
#4065 =( CONVERSION_BASED_UNIT ( 'INCH', #2597 ) LENGTH_UNIT ( ) NAMED_UNIT ( #4035 ) );
#4066 = CARTESIAN_POINT ( 'NONE',  ( -0.1692878396824403200, -0.003489820363299746400, -0.1449999999999999900 ) ) ;
#4067 = CIRCLE ( 'NONE', #5523, 0.03324886876659954200 ) ;
#4068 = ORIENTED_EDGE ( 'NONE', *, *, #1408, .F. ) ;
#4069 = CARTESIAN_POINT ( 'NONE',  ( -0.1699999999999999800, -0.01423982036329973400, -0.02124999999999996000 ) ) ;
#4070 = SURFACE_STYLE_USAGE ( .BOTH. , #3732 ) ;
#4071 = ORIENTED_EDGE ( 'NONE', *, *, #443, .F. ) ;
#4072 = DIRECTION ( 'NONE',  ( 0.06610257710436372200, -0.9978128327999003000, 0.0000000000000000000 ) ) ;
#4073 = VECTOR ( 'NONE', #5179, 39.37007874015748900 ) ;
#4074 = ORIENTED_EDGE ( 'NONE', *, *, #4423, .F. ) ;
#4075 = ORIENTED_EDGE ( 'NONE', *, *, #1495, .T. ) ;
#4076 = DIRECTION ( 'NONE',  ( 0.9978128327999003000, 0.06610257710436372200, -0.0000000000000000000 ) ) ;
#4077 = ADVANCED_FACE ( 'NONE', ( #408 ), #4219, .F. ) ;
#4078 = PRESENTATION_STYLE_ASSIGNMENT (( #4070 ) ) ;
#4079 = VECTOR ( 'NONE', #1827, 39.37007874015748900 ) ;
#4080 = DIRECTION ( 'NONE',  ( 0.0000000000000000000, -0.0000000000000000000, -1.000000000000000000 ) ) ;
#4081 = CIRCLE ( 'NONE', #390, 0.009999999999999979400 ) ;
#4082 = VERTEX_POINT ( 'NONE', #1014 ) ;
#4083 = DIRECTION ( 'NONE',  ( -0.0000000000000000000, -0.0000000000000000000, -1.000000000000000000 ) ) ;
#4084 = CARTESIAN_POINT ( 'NONE',  ( 0.1469318449276434100, 0.1600000000000000000, 0.07875000000000004200 ) ) ;
#4085 = VERTEX_POINT ( 'NONE', #3973 ) ;
#4086 = DIRECTION ( 'NONE',  ( 0.9978128327999003000, -0.06610257710436372200, 0.0000000000000000000 ) ) ;
#4087 = EDGE_CURVE ( 'NONE', #40, #1412, #1530, .T. ) ;
#4088 = AXIS2_PLACEMENT_3D ( 'NONE', #56, #3012, #5236 ) ;
#4089 = SURFACE_STYLE_USAGE ( .BOTH. , #4109 ) ;
#4090 = ORIENTED_EDGE ( 'NONE', *, *, #3147, .F. ) ;
#4091 = CARTESIAN_POINT ( 'NONE',  ( 0.1683179463135507900, 0.01115063833466540200, 0.1450000000000000200 ) ) ;
#4092 = EDGE_CURVE ( 'NONE', #4576, #2156, #2194, .T. ) ;
#4093 = DIRECTION ( 'NONE',  ( -0.0000000000000000000, 0.0000000000000000000, 1.000000000000000000 ) ) ;
#4094 = AXIS2_PLACEMENT_3D ( 'NONE', #5407, #4168, #3760 ) ;
#4095 = CARTESIAN_POINT ( 'NONE',  ( -0.1653943047948700800, 0.05528276076675182200, -0.1980245485807053400 ) ) ;
#4096 = ORIENTED_EDGE ( 'NONE', *, *, #2135, .T. ) ;
#4097 = VERTEX_POINT ( 'NONE', #106 ) ;
#4098 = SURFACE_SIDE_STYLE ('',( #1287 ) ) ;
#4099 = DIRECTION ( 'NONE',  ( -0.05727780436021247300, 0.8646036316403947800, 0.4991791394699038300 ) ) ;
#4100 = ORIENTED_EDGE ( 'NONE', *, *, #1467, .T. ) ;
#4101 = ORIENTED_EDGE ( 'NONE', *, *, #4139, .T. ) ;
#4102 = DIRECTION ( 'NONE',  ( 9.627253440664264800E-015, -1.000000000000000000, 0.0000000000000000000 ) ) ;
#4103 = EDGE_CURVE ( 'NONE', #1649, #4930, #2522, .T. ) ;
#4104 = ADVANCED_FACE ( 'NONE', ( #4050 ), #5235, .F. ) ;
#4105 = LINE ( 'NONE', #1718, #3701 ) ;
#4106 = PLANE ( 'NONE',  #4361 ) ;
#4107 = ORIENTED_EDGE ( 'NONE', *, *, #3065, .F. ) ;
#4108 = VERTEX_POINT ( 'NONE', #3568 ) ;
#4109 = SURFACE_SIDE_STYLE ('',( #212 ) ) ;
#4110 = LINE ( 'NONE', #925, #1730 ) ;
#4111 = FACE_OUTER_BOUND ( 'NONE', #4703, .T. ) ;
#4112 = EDGE_LOOP ( 'NONE', ( #326, #985, #4227, #3128 ) ) ;
#4113 = ORIENTED_EDGE ( 'NONE', *, *, #5481, .F. ) ;
#4114 = CARTESIAN_POINT ( 'NONE',  ( 0.1469318449276434100, 0.1600000000000000000, -0.1371271324027144900 ) ) ;
#4115 = PLANE ( 'NONE',  #1426 ) ;
#4116 = CARTESIAN_POINT ( 'NONE',  ( 0.1575645640874880600, -0.0004999999999998926700, -0.1587500000000000000 ) ) ;
#4117 = CYLINDRICAL_SURFACE ( 'NONE', #2494, 0.009999999999999979400 ) ;
#4118 = PLANE ( 'NONE',  #52 ) ;
#4119 = VERTEX_POINT ( 'NONE', #585 ) ;
#4120 = FACE_OUTER_BOUND ( 'NONE', #3477, .T. ) ;
#4121 = ORIENTED_EDGE ( 'NONE', *, *, #1199, .T. ) ;
#4122 = DIRECTION ( 'NONE',  ( 7.038563640231725300E-018, 1.062465252090506800E-016, -1.000000000000000000 ) ) ;
#4123 = DIRECTION ( 'NONE',  ( 1.000000000000000000, -9.627253440664264800E-015, 0.0000000000000000000 ) ) ;
#4124 = COLOUR_RGB ( '',0.7921568627450980000, 0.8196078431372548800, 0.9333333333333333500 ) ;
#4125 = DIRECTION ( 'NONE',  ( -0.9978128327999003000, 0.06610257710436372200, -0.0000000000000000000 ) ) ;
#4126 = AXIS2_PLACEMENT_3D ( 'NONE', #119, #4795, #2244 ) ;
#4127 = ORIENTED_EDGE ( 'NONE', *, *, #5395, .F. ) ;
#4128 = FACE_OUTER_BOUND ( 'NONE', #3882, .T. ) ;
#4129 = ORIENTED_EDGE ( 'NONE', *, *, #2508, .T. ) ;
#4130 = DIRECTION ( 'NONE',  ( -0.08715574274765836000, -0.9961946980917454300, 0.0000000000000000000 ) ) ;
#4131 = FACE_OUTER_BOUND ( 'NONE', #1459, .T. ) ;
#4132 = CARTESIAN_POINT ( 'NONE',  ( 0.1469318449276434100, 0.1600000000000000000, 0.1407500000000000400 ) ) ;
#4133 = ORIENTED_EDGE ( 'NONE', *, *, #2804, .F. ) ;
#4134 = LINE ( 'NONE', #49, #3064 ) ;
#4135 = EDGE_CURVE ( 'NONE', #3827, #5182, #1930, .T. ) ;
#4136 = VECTOR ( 'NONE', #482, 39.37007874015748100 ) ;
#4137 = LINE ( 'NONE', #3609, #140 ) ;
#4138 = DIRECTION ( 'NONE',  ( 0.0000000000000000000, 0.0000000000000000000, 1.000000000000000000 ) ) ;
#4139 = EDGE_CURVE ( 'NONE', #402, #3293, #2914, .T. ) ;
#4140 = VECTOR ( 'NONE', #3959, 39.37007874015748100 ) ;
#4141 = DIRECTION ( 'NONE',  ( 0.06610257710436372200, 0.9978128327999003000, 1.064794134897212500E-016 ) ) ;
#4142 = ADVANCED_FACE ( 'NONE', ( #5193 ), #607, .F. ) ;
#4143 = VECTOR ( 'NONE', #5157, 39.37007874015748100 ) ;
#4144 = CARTESIAN_POINT ( 'NONE',  ( -2.488645014411724400E-015, 0.2585000000000012300, 0.02125000000000004700 ) ) ;
#4145 = DIRECTION ( 'NONE',  ( 0.0000000000000000000, 0.0000000000000000000, -1.000000000000000000 ) ) ;
#4146 = VERTEX_POINT ( 'NONE', #629 ) ;
#4147 = FACE_OUTER_BOUND ( 'NONE', #5513, .T. ) ;
#4148 = VECTOR ( 'NONE', #5410, 39.37007874015748900 ) ;
#4149 = MANIFOLD_SOLID_BREP ( 'Pin 6', #4689 ) ;
#4150 = DIRECTION ( 'NONE',  ( -7.038563640231725300E-018, 1.062465252090506800E-016, -1.000000000000000000 ) ) ;
#4151 = ORIENTED_EDGE ( 'NONE', *, *, #2323, .T. ) ;
#4152 = EDGE_CURVE ( 'NONE', #2219, #5224, #2255, .T. ) ;
#4153 = ORIENTED_EDGE ( 'NONE', *, *, #3999, .T. ) ;
#4154 = CARTESIAN_POINT ( 'NONE',  ( -0.1310470240948021800, 0.2585000000000000100, 0.07875000000000004200 ) ) ;
#4155 = VECTOR ( 'NONE', #1741, 39.37007874015748100 ) ;
#4156 = AXIS2_PLACEMENT_3D ( 'NONE', #2570, #3764, #1696 ) ;
#4157 = ORIENTED_EDGE ( 'NONE', *, *, #807, .T. ) ;
#4158 = VECTOR ( 'NONE', #4699, 39.37007874015748900 ) ;
#4159 = DIRECTION ( 'NONE',  ( -0.9978128327999003000, -0.06610257710436372200, -0.0000000000000000000 ) ) ;
#4160 = EDGE_CURVE ( 'NONE', #883, #4825, #812, .T. ) ;
#4161 = VERTEX_POINT ( 'NONE', #3942 ) ;
#4162 = CARTESIAN_POINT ( 'NONE',  ( -0.1310470240948021800, 0.2585000000000000100, 0.1587500000000000000 ) ) ;
#4163 = DIRECTION ( 'NONE',  ( 9.627253440664264800E-015, 1.000000000000000000, 0.0000000000000000000 ) ) ;
#4164 = ADVANCED_FACE ( 'NONE', ( #2715 ), #4802, .F. ) ;
#4165 = FACE_OUTER_BOUND ( 'NONE', #1587, .T. ) ;
#4166 = VERTEX_POINT ( 'NONE', #4398 ) ;
#4167 = VERTEX_POINT ( 'NONE', #2232 ) ;
#4168 = DIRECTION ( 'NONE',  ( -0.06610257710436372200, 0.9978128327999003000, 0.0000000000000000000 ) ) ;
#4169 = EDGE_CURVE ( 'NONE', #3929, #552, #3912, .T. ) ;
#4170 = SURFACE_STYLE_USAGE ( .BOTH. , #4098 ) ;
#4171 = ORIENTED_EDGE ( 'NONE', *, *, #4417, .T. ) ;
#4172 = ORIENTED_EDGE ( 'NONE', *, *, #2135, .F. ) ;
#4173 = CARTESIAN_POINT ( 'NONE',  ( -0.1699999999999999800, -0.01423982036329973400, -0.1212499999999999700 ) ) ;
#4174 = LINE ( 'NONE', #4981, #533 ) ;
#4175 = DIRECTION ( 'NONE',  ( -0.9978128327999003000, -0.06610257710436372200, -0.0000000000000000000 ) ) ;
#4176 = VECTOR ( 'NONE', #4076, 39.37007874015748900 ) ;
#4177 = DIRECTION ( 'NONE',  ( -0.06610257710436372200, -0.9978128327999003000, 0.0000000000000000000 ) ) ;
#4178 = EDGE_CURVE ( 'NONE', #3611, #3306, #4248, .T. ) ;
#4179 = ORIENTED_EDGE ( 'NONE', *, *, #686, .F. ) ;
#4180 = ORIENTED_EDGE ( 'NONE', *, *, #2037, .T. ) ;
#4181 = LINE ( 'NONE', #5064, #4375 ) ;
#4182 = DIRECTION ( 'NONE',  ( -0.06610257710436372200, 0.9978128327999003000, 0.0000000000000000000 ) ) ;
#4183 = CIRCLE ( 'NONE', #4884, 0.009999999999999979400 ) ;
#4184 = DIRECTION ( 'NONE',  ( 0.0000000000000000000, -0.0000000000000000000, -1.000000000000000000 ) ) ;
#4185 = ORIENTED_EDGE ( 'NONE', *, *, #958, .F. ) ;
#4186 = VERTEX_POINT ( 'NONE', #3975 ) ;
#4187 = ORIENTED_EDGE ( 'NONE', *, *, #3734, .T. ) ;
#4188 = CIRCLE ( 'NONE', #939, 0.02149999999999997700 ) ;
#4189 = STYLED_ITEM ( 'NONE', ( #2076 ), #263 ) ;
#4190 = ORIENTED_EDGE ( 'NONE', *, *, #2354, .T. ) ;
#4191 = LINE ( 'NONE', #1565, #816 ) ;
#4192 = ORIENTED_EDGE ( 'NONE', *, *, #1050, .F. ) ;
#4193 = CARTESIAN_POINT ( 'NONE',  ( 0.1275000000000000000, 0.2585000000000000100, 0.1862500000000000000 ) ) ;
#4194 = CARTESIAN_POINT ( 'NONE',  ( -0.1469318449276434100, 0.1600000000000000000, -0.02124999999999996000 ) ) ;
#4195 = CIRCLE ( 'NONE', #5137, 0.02149999999999997700 ) ;
#4196 = ORIENTED_EDGE ( 'NONE', *, *, #1445, .F. ) ;
#4197 = CARTESIAN_POINT ( 'NONE',  ( -0.1310470240948021800, 0.2485000000000000300, -0.02124999999999996000 ) ) ;
#4198 = ADVANCED_FACE ( 'NONE', ( #3118 ), #167, .T. ) ;
#4199 = EDGE_CURVE ( 'NONE', #5393, #2581, #1992, .T. ) ;
#4200 = CARTESIAN_POINT ( 'NONE',  ( -0.1692878396824403200, -0.003489820363299725200, -0.1550000000000000000 ) ) ;
#4201 = PLANE ( 'NONE',  #2418 ) ;
#4202 = VECTOR ( 'NONE', #1634, 39.37007874015748100 ) ;
#4203 = LINE ( 'NONE', #287, #495 ) ;
#4204 = PLANE ( 'NONE',  #517 ) ;
#4205 = DIRECTION ( 'NONE',  ( 9.627253440664264800E-015, -1.000000000000000000, -0.0000000000000000000 ) ) ;
#4206 = EDGE_CURVE ( 'NONE', #3908, #3779, #5392, .T. ) ;
#4207 = VERTEX_POINT ( 'NONE', #4453 ) ;
#4208 = FILL_AREA_STYLE ('',( #1250 ) ) ;
#4209 = VECTOR ( 'NONE', #4363, 39.37007874015748100 ) ;
#4210 = CARTESIAN_POINT ( 'NONE',  ( 8.537024980200822600E-017, 0.3300000000000000200, -0.1810006801884445900 ) ) ;
#4211 = EDGE_CURVE ( 'NONE', #883, #3306, #4437, .T. ) ;
#4212 = ORIENTED_EDGE ( 'NONE', *, *, #4476, .T. ) ;
#4213 = CARTESIAN_POINT ( 'NONE',  ( -0.1275000000000000000, 0.2700000000000000200, 0.1587500000000000000 ) ) ;
#4214 = CIRCLE ( 'NONE', #4399, 0.009999999999999979400 ) ;
#4215 = DIRECTION ( 'NONE',  ( 0.9978128327999003000, 0.06610257710436372200, -0.0000000000000000000 ) ) ;
#4216 = DIRECTION ( 'NONE',  ( 0.06610257710436372200, -0.9978128327999003000, 0.0000000000000000000 ) ) ;
#4217 = ORIENTED_EDGE ( 'NONE', *, *, #5285, .T. ) ;
#4218 = DIRECTION ( 'NONE',  ( 0.06610257710436372200, -0.9978128327999003000, 0.0000000000000000000 ) ) ;
#4219 = PLANE ( 'NONE',  #3356 ) ;
#4220 = PLANE ( 'NONE',  #4688 ) ;
#4221 = AXIS2_PLACEMENT_3D ( 'NONE', #1189, #1214, #822 ) ;
#4222 = EDGE_LOOP ( 'NONE', ( #3579, #818, #1178, #1739 ) ) ;
#4223 = ADVANCED_FACE ( 'NONE', ( #4310 ), #4572, .F. ) ;
#4224 = PLANE ( 'NONE',  #2375 ) ;
#4225 = VERTEX_POINT ( 'NONE', #3659 ) ;
#4226 = CARTESIAN_POINT ( 'NONE',  ( 0.1575314403517876200, 5.975917486140575200E-017, -0.05924999999999996900 ) ) ;
#4227 = ORIENTED_EDGE ( 'NONE', *, *, #4562, .F. ) ;
#4228 = CARTESIAN_POINT ( 'NONE',  ( 0.1690062879289864800, 0.0007601796367002576600, -0.05924999999999996900 ) ) ;
#4229 = EDGE_CURVE ( 'NONE', #3186, #247, #2905, .T. ) ;
#4230 = VERTEX_POINT ( 'NONE', #242 ) ;
#4231 = ORIENTED_EDGE ( 'NONE', *, *, #1622, .F. ) ;
#4232 = CARTESIAN_POINT ( 'NONE',  ( 0.1699999999999999800, -0.01423982036329964400, 0.1550000000000000300 ) ) ;
#4233 = CARTESIAN_POINT ( 'NONE',  ( -0.1683179463135507900, 0.01115063833466540200, -0.1212499999999999700 ) ) ;
#4234 = CARTESIAN_POINT ( 'NONE',  ( 0.1451100394641186300, 0.1874999999999999700, -0.02124999999999996000 ) ) ;
#4235 = VECTOR ( 'NONE', #248, 39.37007874015748100 ) ;
#4236 = VERTEX_POINT ( 'NONE', #2346 ) ;
#4237 = ORIENTED_EDGE ( 'NONE', *, *, #1820, .F. ) ;
#4238 = EDGE_CURVE ( 'NONE', #547, #2114, #2770, .T. ) ;
#4239 = DIRECTION ( 'NONE',  ( -1.000000000000000000, -9.627253440664264800E-015, 0.0000000000000000000 ) ) ;
#4240 = CIRCLE ( 'NONE', #1371, 0.009999999999999979400 ) ;
#4241 = DIRECTION ( 'NONE',  ( 1.000000000000000000, -0.0000000000000000000, -0.0000000000000000000 ) ) ;
#4242 = VECTOR ( 'NONE', #4787, 39.37007874015748900 ) ;
#4243 = ORIENTED_EDGE ( 'NONE', *, *, #224, .T. ) ;
#4244 = EDGE_LOOP ( 'NONE', ( #2383, #3762, #2752, #1449 ) ) ;
#4245 = DIRECTION ( 'NONE',  ( -0.0000000000000000000, -0.0000000000000000000, -1.000000000000000000 ) ) ;
#4246 = ADVANCED_FACE ( 'NONE', ( #50 ), #2746, .F. ) ;
#4247 = CARTESIAN_POINT ( 'NONE',  ( 0.1699999999999999800, -0.01423982036329964400, 0.1550000000000000300 ) ) ;
#4248 = CIRCLE ( 'NONE', #4022, 0.02149999999999996400 ) ;
#4249 =( CONVERSION_BASED_UNIT ( 'INCH', #2427 ) LENGTH_UNIT ( ) NAMED_UNIT ( #1825 ) );
#4250 = ORIENTED_EDGE ( 'NONE', *, *, #2983, .T. ) ;
#4251 = VECTOR ( 'NONE', #2124, 39.37007874015748900 ) ;
#4252 = ORIENTED_EDGE ( 'NONE', *, *, #4526, .F. ) ;
#4253 = ORIENTED_EDGE ( 'NONE', *, *, #395, .F. ) ;
#4254 = CIRCLE ( 'NONE', #3487, 0.009999999999999962000 ) ;
#4255 = DIRECTION ( 'NONE',  ( 0.05727780436021254200, -0.8646036316403955500, 0.4991791394699025600 ) ) ;
#4256 = EDGE_LOOP ( 'NONE', ( #3027, #783, #490, #596, #376, #4835, #2895 ) ) ;
#4257 = FACE_OUTER_BOUND ( 'NONE', #3050, .T. ) ;
#4258 = VERTEX_POINT ( 'NONE', #5454 ) ;
#4259 = FACE_OUTER_BOUND ( 'NONE', #149, .T. ) ;
#4260 = AXIS2_PLACEMENT_3D ( 'NONE', #2281, #993, #2209 ) ;
#4261 = ORIENTED_EDGE ( 'NONE', *, *, #4436, .T. ) ;
#4262 = LINE ( 'NONE', #1071, #1023 ) ;
#4263 = CARTESIAN_POINT ( 'NONE',  ( -0.1274999999999998900, 0.2585000000000000100, -0.02124999999999996000 ) ) ;
#4264 = LINE ( 'NONE', #2601, #4136 ) ;
#4265 = CARTESIAN_POINT ( 'NONE',  ( -0.1584066925048422700, 0.1607601796367002200, 0.1371271324027145100 ) ) ;
#4266 = EDGE_CURVE ( 'NONE', #815, #1704, #2709, .T. ) ;
#4267 = AXIS2_PLACEMENT_3D ( 'NONE', #2496, #3684, #2005 ) ;
#4268 = DIRECTION ( 'NONE',  ( -0.0000000000000000000, -0.0000000000000000000, -1.000000000000000000 ) ) ;
#4269 = LINE ( 'NONE', #1060, #2545 ) ;
#4270 = ORIENTED_EDGE ( 'NONE', *, *, #4780, .T. ) ;
#4271 = CARTESIAN_POINT ( 'NONE',  ( 2.599358428979363500E-015, 0.2700000000000012400, -0.07874999999999995900 ) ) ;
#4272 = ORIENTED_EDGE ( 'NONE', *, *, #3249, .F. ) ;
#4273 = EDGE_CURVE ( 'NONE', #3759, #720, #2052, .T. ) ;
#4274 = VECTOR ( 'NONE', #1950, 39.37007874015748100 ) ;
#4275 = AXIS2_PLACEMENT_3D ( 'NONE', #3573, #156, #1447 ) ;
#4276 = ORIENTED_EDGE ( 'NONE', *, *, #4762, .F. ) ;
#4277 = DIRECTION ( 'NONE',  ( -0.0000000000000000000, -0.0000000000000000000, -1.000000000000000000 ) ) ;
#4278 = LINE ( 'NONE', #1, #506 ) ;
#4279 = EDGE_CURVE ( 'NONE', #1819, #773, #1338, .T. ) ;
#4280 = ORIENTED_EDGE ( 'NONE', *, *, #3391, .T. ) ;
#4281 = PLANE ( 'NONE',  #1051 ) ;
#4282 = VECTOR ( 'NONE', #4986, 39.37007874015748900 ) ;
#4283 = CARTESIAN_POINT ( 'NONE',  ( 0.1275000000000000000, 0.2700000000000000200, -0.02124999999999996000 ) ) ;
#4284 = ORIENTED_EDGE ( 'NONE', *, *, #206, .F. ) ;
#4285 = CARTESIAN_POINT ( 'NONE',  ( -0.1584066925048422700, 0.1607601796367002200, 0.07875000000000004200 ) ) ;
#4286 = DIRECTION ( 'NONE',  ( 0.06610257710436372200, -0.9978128327999003000, 0.0000000000000000000 ) ) ;
#4287 = CARTESIAN_POINT ( 'NONE',  ( -0.1683179463135507900, 0.01115063833466540200, 0.04075000000000003600 ) ) ;
#4288 = DIRECTION ( 'NONE',  ( -0.0000000000000000000, -0.0000000000000000000, -1.000000000000000000 ) ) ;
#4289 = VERTEX_POINT ( 'NONE', #1493 ) ;
#4290 = DIRECTION ( 'NONE',  ( 0.04669038075761903400, -0.7047873642613292600, 0.7078804839252718100 ) ) ;
#4291 = EDGE_CURVE ( 'NONE', #4760, #4991, #1797, .T. ) ;
#4292 = ORIENTED_EDGE ( 'NONE', *, *, #3893, .T. ) ;
#4293 = LINE ( 'NONE', #3085, #463 ) ;
#4294 = CARTESIAN_POINT ( 'NONE',  ( 0.1680168649571192300, 0.01569543604640812100, -0.1258147435902922700 ) ) ;
#4295 = ADVANCED_FACE ( 'NONE', ( #2451 ), #1943, .T. ) ;
#4296 = FILL_AREA_STYLE_COLOUR ( '', #4124 ) ;
#4297 = ORIENTED_EDGE ( 'NONE', *, *, #4899, .F. ) ;
#4298 = ORIENTED_EDGE ( 'NONE', *, *, #5097, .F. ) ;
#4299 = EDGE_CURVE ( 'NONE', #3723, #3766, #3446, .T. ) ;
#4300 = FACE_OUTER_BOUND ( 'NONE', #1862, .T. ) ;
#4301 = PRESENTATION_LAYER_ASSIGNMENT (  '', '', ( #2766 ) ) ;
#4302 = DIRECTION ( 'NONE',  ( 0.0000000000000000000, -0.0000000000000000000, -1.000000000000000000 ) ) ;
#4303 = VECTOR ( 'NONE', #3612, 39.37007874015748900 ) ;
#4304 = CARTESIAN_POINT ( 'NONE',  ( -0.1469318449276434100, 0.1600000000000000000, -0.05924999999999996900 ) ) ;
#4305 = DIRECTION ( 'NONE',  ( 0.06610257710436372200, -0.9978128327999003000, -0.0000000000000000000 ) ) ;
#4306 = VERTEX_POINT ( 'NONE', #4873 ) ;
#4307 = VERTEX_POINT ( 'NONE', #3639 ) ;
#4308 = DIRECTION ( 'NONE',  ( 0.0000000000000000000, 0.0000000000000000000, -1.000000000000000000 ) ) ;
#4309 = B_SPLINE_CURVE_WITH_KNOTS ( 'NONE', 3,
 ( #2873, #796, #3368, #344 ),
 .UNSPECIFIED., .F., .F.,
 ( 4, 4 ),
 ( 2.054203564430326900E-007, 0.0005216963585670227400 ),
 .UNSPECIFIED. ) ;
#4310 = FACE_OUTER_BOUND ( 'NONE', #4479, .T. ) ;
#4311 = VECTOR ( 'NONE', #4601, 39.37007874015748900 ) ;
#4312 = ORIENTED_EDGE ( 'NONE', *, *, #4229, .F. ) ;
#4313 = EDGE_CURVE ( 'NONE', #442, #4307, #5185, .T. ) ;
#4314 = EDGE_LOOP ( 'NONE', ( #4557, #3173, #4774, #4844 ) ) ;
#4315 = CARTESIAN_POINT ( 'NONE',  ( -0.1310470240948021800, 0.2699999999999999600, -0.1212499999999999700 ) ) ;
#4316 = DIRECTION ( 'NONE',  ( 9.627253440664264800E-015, 1.000000000000000000, 0.0000000000000000000 ) ) ;
#4317 = ORIENTED_EDGE ( 'NONE', *, *, #880, .F. ) ;
#4318 = VECTOR ( 'NONE', #916, 39.37007874015748900 ) ;
#4319 = VERTEX_POINT ( 'NONE', #5361 ) ;
#4320 = DIRECTION ( 'NONE',  ( 1.000000000000000000, 0.0000000000000000000, 0.0000000000000000000 ) ) ;
#4321 = DIRECTION ( 'NONE',  ( 0.04679272426934443600, -0.7063322309492373600, 0.7063322309492368100 ) ) ;
#4322 = FACE_OUTER_BOUND ( 'NONE', #1016, .T. ) ;
#4323 = DIRECTION ( 'NONE',  ( -1.000000000000000000, -9.627253440664264800E-015, -0.0000000000000000000 ) ) ;
#4324 = EDGE_CURVE ( 'NONE', #883, #3991, #3582, .T. ) ;
#4325 = VECTOR ( 'NONE', #4316, 39.37007874015748100 ) ;
#4326 = DIRECTION ( 'NONE',  ( 0.06610257710436372200, 0.9978128327999003000, 0.0000000000000000000 ) ) ;
#4327 = CARTESIAN_POINT ( 'NONE',  ( -0.1310470240948021800, 0.2699999999999999600, -0.07874999999999995900 ) ) ;
#4328 = DIRECTION ( 'NONE',  ( 0.0000000000000000000, 0.0000000000000000000, -1.000000000000000000 ) ) ;
#4329 = LINE ( 'NONE', #776, #5475 ) ;
#4330 = CARTESIAN_POINT ( 'NONE',  ( -0.1310470240948021800, 0.2485000000000000300, 0.02125000000000004700 ) ) ;
#4331 = ADVANCED_FACE ( 'NONE', ( #538 ), #4204, .T. ) ;
#4332 = VECTOR ( 'NONE', #944, 39.37007874015748900 ) ;
#4333 = AXIS2_PLACEMENT_3D ( 'NONE', #752, #4145, #1608 ) ;
#4334 = CARTESIAN_POINT ( 'NONE',  ( 0.1690062879289864800, 0.0007601796367005884500, -0.1407500000000000100 ) ) ;
#4335 = CARTESIAN_POINT ( 'NONE',  ( -0.1410251524228011700, 0.2491610257710436500, 0.1212500000000000400 ) ) ;
#4336 = VERTEX_POINT ( 'NONE', #5478 ) ;
#4337 = ORIENTED_EDGE ( 'NONE', *, *, #4291, .F. ) ;
#4338 = CIRCLE ( 'NONE', #3134, 0.02149999999999997700 ) ;
#4339 = DIRECTION ( 'NONE',  ( -0.06610257710436372200, -0.9978128327999003000, 0.0000000000000000000 ) ) ;
#4340 = EDGE_CURVE ( 'NONE', #2982, #2324, #1922, .T. ) ;
#4341 = LINE ( 'NONE', #2043, #4539 ) ;
#4342 = PLANE ( 'NONE',  #3162 ) ;
#4343 = EDGE_LOOP ( 'NONE', ( #881, #1439, #1692, #4107 ) ) ;
#4344 = DIRECTION ( 'NONE',  ( 0.05727780436021254200, -0.8646036316403955500, 0.4991791394699025600 ) ) ;
#4345 = LINE ( 'NONE', #3797, #3550 ) ;
#4346 = PLANE ( 'NONE',  #4126 ) ;
#4347 = CARTESIAN_POINT ( 'NONE',  ( 0.1310470240948021800, 0.2485000000000000300, 0.02125000000000004700 ) ) ;
#4348 = CARTESIAN_POINT ( 'NONE',  ( -0.1683179463135507900, 0.01115063833466540600, -0.1407500000000000100 ) ) ;
#4349 = EDGE_CURVE ( 'NONE', #5275, #3606, #2319, .T. ) ;
#4350 = EDGE_LOOP ( 'NONE', ( #1525, #2089, #1773, #1771 ) ) ;
#4351 = CARTESIAN_POINT ( 'NONE',  ( -0.1584424619161284900, -0.01375179376776140100, -0.04549820623223850600 ) ) ;
#4352 = CARTESIAN_POINT ( 'NONE',  ( 0.1275000000000000000, 0.2585000000000000100, -0.1862500000000000000 ) ) ;
#4353 = ADVANCED_FACE ( 'NONE', ( #1069 ), #5116, .F. ) ;
#4354 = CARTESIAN_POINT ( 'NONE',  ( -0.1683179463135507900, 0.01115063833466540600, 0.05925000000000000400 ) ) ;
#4355 = ORIENTED_EDGE ( 'NONE', *, *, #2713, .T. ) ;
#4356 = CARTESIAN_POINT ( 'NONE',  ( 0.1469318449276434100, 0.1600000000000000000, 0.06287286759728552600 ) ) ;
#4357 = CARTESIAN_POINT ( 'NONE',  ( -0.1699999999999999800, -0.01423982036329973400, -0.02124999999999996000 ) ) ;
#4358 = ORIENTED_EDGE ( 'NONE', *, *, #4436, .F. ) ;
#4359 = DIRECTION ( 'NONE',  ( 0.0000000000000000000, -0.0000000000000000000, -1.000000000000000000 ) ) ;
#4360 = DIRECTION ( 'NONE',  ( -9.627253440664264800E-015, 1.000000000000000000, -0.0000000000000000000 ) ) ;
#4361 = AXIS2_PLACEMENT_3D ( 'NONE', #2437, #1993, #3233 ) ;
#4362 = ORIENTED_EDGE ( 'NONE', *, *, #3624, .T. ) ;
#4363 = DIRECTION ( 'NONE',  ( -0.05727780436021254200, -0.8646036316403955500, 0.4991791394699025600 ) ) ;
#4364 = EDGE_CURVE ( 'NONE', #2591, #4979, #3048, .T. ) ;
#4365 = PRESENTATION_STYLE_ASSIGNMENT (( #5014 ) ) ;
#4366 = MECHANICAL_DESIGN_GEOMETRIC_PRESENTATION_REPRESENTATION (  '', ( #3694 ), #1717 ) ;
#4367 = ORIENTED_EDGE ( 'NONE', *, *, #346, .T. ) ;
#4368 = DIRECTION ( 'NONE',  ( 1.000000000000000000, -9.627253440664264800E-015, 0.0000000000000000000 ) ) ;
#4369 = VECTOR ( 'NONE', #3086, 39.37007874015748900 ) ;
#4370 = VECTOR ( 'NONE', #977, 39.37007874015748100 ) ;
#4371 = ORIENTED_EDGE ( 'NONE', *, *, #5040, .T. ) ;
#4372 = EDGE_LOOP ( 'NONE', ( #5126, #4358, #4808, #5151 ) ) ;
#4373 = EDGE_CURVE ( 'NONE', #1870, #2398, #5316, .T. ) ;
#4374 = CARTESIAN_POINT ( 'NONE',  ( -0.1222506801884445500, 0.3300000000000000200, -0.1810006801884445600 ) ) ;
#4375 = VECTOR ( 'NONE', #4646, 39.37007874015748900 ) ;
#4376 = DIRECTION ( 'NONE',  ( 0.06610257710436373600, -0.9978128327999003000, 0.0000000000000000000 ) ) ;
#4377 = CARTESIAN_POINT ( 'NONE',  ( -0.1275000000000000000, 0.2700000000000000200, 0.1862500000000000000 ) ) ;
#4378 = ORIENTED_EDGE ( 'NONE', *, *, #4882, .T. ) ;
#4379 = FACE_OUTER_BOUND ( 'NONE', #1198, .T. ) ;
#4380 = ORIENTED_EDGE ( 'NONE', *, *, #4160, .T. ) ;
#4381 = ADVANCED_FACE ( 'NONE', ( #3182 ), #820, .T. ) ;
#4382 = CARTESIAN_POINT ( 'NONE',  ( -0.1680168649571192300, 0.01569543604640812100, 0.1741852564097077500 ) ) ;
#4383 = VECTOR ( 'NONE', #4321, 39.37007874015748900 ) ;
#4384 = EDGE_CURVE ( 'NONE', #3445, #1261, #3981, .T. ) ;
#4385 = ORIENTED_EDGE ( 'NONE', *, *, #1939, .T. ) ;
#4386 = CARTESIAN_POINT ( 'NONE',  ( -0.1578129921052414400, -0.004249999999999901400, 0.1450000000000000200 ) ) ;
#4387 = VERTEX_POINT ( 'NONE', #3849 ) ;
#4388 = FACE_OUTER_BOUND ( 'NONE', #3313, .T. ) ;
#4389 = PLANE ( 'NONE',  #5314 ) ;
#4390 = ORIENTED_EDGE ( 'NONE', *, *, #3670, .F. ) ;
#4391 = LINE ( 'NONE', #4451, #4730 ) ;
#4392 = FACE_OUTER_BOUND ( 'NONE', #4350, .T. ) ;
#4393 = AXIS2_PLACEMENT_3D ( 'NONE', #3729, #1204, #2041 ) ;
#4394 = ORIENTED_EDGE ( 'NONE', *, *, #1529, .F. ) ;
#4395 = DIRECTION ( 'NONE',  ( 0.04679272426934443600, -0.7063322309492373600, 0.7063322309492368100 ) ) ;
#4396 = DIRECTION ( 'NONE',  ( -0.9978128327999003000, 0.06610257710436372200, -0.0000000000000000000 ) ) ;
#4397 = LINE ( 'NONE', #3481, #2939 ) ;
#4398 = CARTESIAN_POINT ( 'NONE',  ( -0.1584066925048422700, 0.1607601796367002200, -0.05924999999999996900 ) ) ;
#4399 = AXIS2_PLACEMENT_3D ( 'NONE', #593, #4826, #3561 ) ;
#4400 = ORIENTED_EDGE ( 'NONE', *, *, #3369, .F. ) ;
#4401 = DIRECTION ( 'NONE',  ( 0.0000000000000000000, -0.0000000000000000000, -1.000000000000000000 ) ) ;
#4402 = COLOUR_RGB ( '',0.7921568627450980000, 0.8196078431372548800, 0.9333333333333333500 ) ;
#4403 = FACE_OUTER_BOUND ( 'NONE', #3242, .T. ) ;
#4404 = CARTESIAN_POINT ( 'NONE',  ( 2.599358428979363500E-015, 0.2700000000000012400, -0.1212499999999999700 ) ) ;
#4405 = ORIENTED_EDGE ( 'NONE', *, *, #913, .F. ) ;
#4406 = PLANE ( 'NONE',  #3026 ) ;
#4407 = ADVANCED_FACE ( 'NONE', ( #2844 ), #3814, .F. ) ;
#4408 = EDGE_CURVE ( 'NONE', #5238, #3713, #5051, .T. ) ;
#4409 = LINE ( 'NONE', #5041, #4012 ) ;
#4410 = DIRECTION ( 'NONE',  ( 0.9978128327999003000, 0.06610257710436316700, 0.0000000000000000000 ) ) ;
#4411 = EDGE_LOOP ( 'NONE', ( #1681, #2768, #4704, #898, #536, #4925, #5133, #2369, #3580, #4536, #1386 ) ) ;
#4412 = DIRECTION ( 'NONE',  ( -0.06610257710436372200, -0.9978128327999003000, 0.0000000000000000000 ) ) ;
#4413 = CARTESIAN_POINT ( 'NONE',  ( 2.599358428979363500E-015, 0.2700000000000012400, 0.1212500000000000400 ) ) ;
#4414 = DIRECTION ( 'NONE',  ( -0.06610257710436372200, 0.9978128327999003000, 0.0000000000000000000 ) ) ;
#4415 = DIRECTION ( 'NONE',  ( -1.000000000000000000, 0.0000000000000000000, -0.0000000000000000000 ) ) ;
#4416 = DIRECTION ( 'NONE',  ( 0.9978128327999003000, 0.06610257710436372200, -0.0000000000000000000 ) ) ;
#4417 = EDGE_CURVE ( 'NONE', #3645, #1805, #4181, .T. ) ;
#4418 = VERTEX_POINT ( 'NONE', #4232 ) ;
#4419 = DIRECTION ( 'NONE',  ( -0.0000000000000000000, -1.198178944589589900E-016, 1.000000000000000000 ) ) ;
#4420 = DIRECTION ( 'NONE',  ( 0.04669038075761918600, 0.7047873642613314800, 0.7078804839252695900 ) ) ;
#4421 = EDGE_LOOP ( 'NONE', ( #2241, #3353, #3483, #3591 ) ) ;
#4422 = CARTESIAN_POINT ( 'NONE',  ( 8.537024980200822600E-017, 0.3300000000000000200, -0.1810006801884445900 ) ) ;
#4423 = EDGE_CURVE ( 'NONE', #671, #3752, #733, .T. ) ;
#4424 = DIRECTION ( 'NONE',  ( -0.0000000000000000000, 0.0000000000000000000, 1.000000000000000000 ) ) ;
#4425 = ORIENTED_EDGE ( 'NONE', *, *, #1370, .T. ) ;
#4426 = CARTESIAN_POINT ( 'NONE',  ( 0.1525000000000000200, 0.2499212054077438500, -0.07874999999999995900 ) ) ;
#4427 = VERTEX_POINT ( 'NONE', #2100 ) ;
#4428 = ORIENTED_EDGE ( 'NONE', *, *, #1575, .F. ) ;
#4429 = CARTESIAN_POINT ( 'NONE',  ( 0.1275000000000000000, 0.2700000000000000200, 0.07875000000000004200 ) ) ;
#4430 = LINE ( 'NONE', #498, #4369 ) ;
#4431 = SURFACE_STYLE_USAGE ( .BOTH. , #5219 ) ;
#4432 = VECTOR ( 'NONE', #3111, 39.37007874015748100 ) ;
#4433 = VERTEX_POINT ( 'NONE', #5528 ) ;
#4434 = ORIENTED_EDGE ( 'NONE', *, *, #370, .T. ) ;
#4435 = DIRECTION ( 'NONE',  ( 0.04679272426934443600, -0.7063322309492373600, 0.7063322309492368100 ) ) ;
#4436 = EDGE_CURVE ( 'NONE', #14, #531, #5122, .T. ) ;
#4437 = LINE ( 'NONE', #364, #5258 ) ;
#4438 = ADVANCED_FACE ( 'NONE', ( #4915 ), #4117, .F. ) ;
#4439 = VECTOR ( 'NONE', #2864, 39.37007874015748100 ) ;
#4440 = ORIENTED_EDGE ( 'NONE', *, *, #1948, .T. ) ;
#4441 = EDGE_LOOP ( 'NONE', ( #2321, #382, #5306, #1181, #613, #3154, #5199, #655, #2127, #5038, #3150 ) ) ;
#4442 = ORIENTED_EDGE ( 'NONE', *, *, #1076, .T. ) ;
#4443 = DIRECTION ( 'NONE',  ( -1.000000000000000000, 0.0000000000000000000, -0.0000000000000000000 ) ) ;
#4444 = DIRECTION ( 'NONE',  ( -0.06610257710436372200, -0.9978128327999003000, 0.0000000000000000000 ) ) ;
#4445 = VECTOR ( 'NONE', #1871, 39.37007874015748100 ) ;
#4446 = ORIENTED_EDGE ( 'NONE', *, *, #3865, .F. ) ;
#4447 = LINE ( 'NONE', #295, #1995 ) ;
#4448 = EDGE_CURVE ( 'NONE', #531, #5220, #1598, .T. ) ;
#4449 = EDGE_LOOP ( 'NONE', ( #2891, #460, #1273, #2744 ) ) ;
#4450 = VERTEX_POINT ( 'NONE', #870 ) ;
#4451 = CARTESIAN_POINT ( 'NONE',  ( -0.1699999999999999800, -0.01423982036329964400, 0.05500000000000002800 ) ) ;
#4452 = VECTOR ( 'NONE', #2721, 39.37007874015748900 ) ;
#4453 = CARTESIAN_POINT ( 'NONE',  ( 0.1469318449276434100, 0.1600000000000000000, -0.05924999999999996900 ) ) ;
#4454 = EDGE_CURVE ( 'NONE', #2882, #4119, #475, .T. ) ;
#4455 = LINE ( 'NONE', #122, #494 ) ;
#4456 = DIRECTION ( 'NONE',  ( 0.0000000000000000000, -1.000000000000000000, 0.0000000000000000000 ) ) ;
#4457 = VECTOR ( 'NONE', #759, 39.37007874015748100 ) ;
#4458 = DIRECTION ( 'NONE',  ( 0.06610257710436372200, -0.9978128327999003000, -0.0000000000000000000 ) ) ;
#4459 = ADVANCED_FACE ( 'NONE', ( #4849 ), #30, .F. ) ;
#4460 = DIRECTION ( 'NONE',  ( -0.9978128327999003000, 0.06610257710436372200, -0.0000000000000000000 ) ) ;
#4461 = ORIENTED_EDGE ( 'NONE', *, *, #4313, .F. ) ;
#4462 = VECTOR ( 'NONE', #4239, 39.37007874015748100 ) ;
#4463 = CARTESIAN_POINT ( 'NONE',  ( -0.1469318449276434100, 0.1600000000000000000, 0.05925000000000002500 ) ) ;
#4464 = ADVANCED_FACE ( 'NONE', ( #1008 ), #946, .T. ) ;
#4465 = DIRECTION ( 'NONE',  ( -0.9978128327999003000, -0.06610257710436372200, 0.0000000000000000000 ) ) ;
#4466 = DIRECTION ( 'NONE',  ( 0.06610257710436372200, -0.9978128327999003000, 0.0000000000000000000 ) ) ;
#4467 = ORIENTED_EDGE ( 'NONE', *, *, #1123, .T. ) ;
#4468 = VECTOR ( 'NONE', #3881, 39.37007874015748100 ) ;
#4469 = CARTESIAN_POINT ( 'NONE',  ( 2.488645014411724400E-015, 0.2585000000000012300, 0.1587500000000000000 ) ) ;
#4470 = LINE ( 'NONE', #1248, #4747 ) ;
#4471 = EDGE_CURVE ( 'NONE', #1500, #4225, #115, .T. ) ;
#4472 = AXIS2_PLACEMENT_3D ( 'NONE', #3372, #2107, #5501 ) ;
#4473 = CARTESIAN_POINT ( 'NONE',  ( -0.1451100394641186300, 0.1875000000000000600, 0.1212500000000000400 ) ) ;
#4474 = ORIENTED_EDGE ( 'NONE', *, *, #699, .F. ) ;
#4475 = DIRECTION ( 'NONE',  ( -0.04679272426934443600, -0.7063322309492373600, 0.7063322309492368100 ) ) ;
#4476 = EDGE_CURVE ( 'NONE', #900, #2117, #4240, .T. ) ;
#4477 = CARTESIAN_POINT ( 'NONE',  ( -0.1410251524228011700, 0.2491610257710436500, -0.07874999999999995900 ) ) ;
#4478 = DIMENSIONAL_EXPONENTS ( 1.000000000000000000, 0.0000000000000000000, 0.0000000000000000000, 0.0000000000000000000, 0.0000000000000000000, 0.0000000000000000000, 0.0000000000000000000 ) ;
#4479 = EDGE_LOOP ( 'NONE', ( #3160, #3588, #3404, #2122 ) ) ;
#4480 = AXIS2_PLACEMENT_3D ( 'NONE', #4271, #1667, #384 ) ;
#4481 = DIRECTION ( 'NONE',  ( 0.0000000000000000000, -0.0000000000000000000, -1.000000000000000000 ) ) ;
#4482 = VECTOR ( 'NONE', #981, 39.37007874015748100 ) ;
#4483 = CARTESIAN_POINT ( 'NONE',  ( -0.1585251524228011300, -0.01499999999999992500, 0.07875000000000004200 ) ) ;
#4484 = EDGE_LOOP ( 'NONE', ( #3216, #92, #5456, #3432 ) ) ;
#4485 = DIRECTION ( 'NONE',  ( 0.9978128327999003000, 0.06610257710436372200, -0.0000000000000000000 ) ) ;
#4486 = DIRECTION ( 'NONE',  ( -0.06610257710436372200, 0.9978128327999003000, 0.0000000000000000000 ) ) ;
#4487 = DIRECTION ( 'NONE',  ( 0.9978128327999003000, -0.06610257710436372200, 0.0000000000000000000 ) ) ;
#4488 = EDGE_CURVE ( 'NONE', #41, #3185, #4504, .T. ) ;
#4489 = DIRECTION ( 'NONE',  ( 0.0000000000000000000, 0.0000000000000000000, 1.000000000000000000 ) ) ;
#4490 = EDGE_LOOP ( 'NONE', ( #2716, #4100, #3498, #2710, #4726, #1072, #5388, #2970, #2874, #1956, #3227 ) ) ;
#4491 = ORIENTED_EDGE ( 'NONE', *, *, #3070, .T. ) ;
#4492 = CARTESIAN_POINT ( 'NONE',  ( 0.1275000000000000000, 0.2585000000000000100, 0.1862500000000000000 ) ) ;
#4493 = CARTESIAN_POINT ( 'NONE',  ( -0.1568430987363519400, 0.01039045869796522000, -0.1407500000000000100 ) ) ;
#4494 = PLANE ( 'NONE',  #3434 ) ;
#4495 = VERTEX_POINT ( 'NONE', #69 ) ;
#4496 = CARTESIAN_POINT ( 'NONE',  ( -0.1683179463135507900, 0.01115063833466540200, 0.1450000000000000200 ) ) ;
#4497 = MECHANICAL_DESIGN_GEOMETRIC_PRESENTATION_REPRESENTATION (  '', ( #4189 ), #2120 ) ;
#4498 = CARTESIAN_POINT ( 'NONE',  ( 0.1653943047948700800, 0.05528276076675182200, 0.001975451419294672400 ) ) ;
#4499 = CARTESIAN_POINT ( 'NONE',  ( -0.1275000000000000000, 0.2700000000000000200, 0.1587500000000000000 ) ) ;
#4500 = LINE ( 'NONE', #4091, #2899 ) ;
#4501 = ORIENTED_EDGE ( 'NONE', *, *, #1190, .T. ) ;
#4502 = ORIENTED_EDGE ( 'NONE', *, *, #1693, .T. ) ;
#4503 = DIRECTION ( 'NONE',  ( -0.05727780436021247300, 0.8646036316403947800, 0.4991791394699038300 ) ) ;
#4504 = LINE ( 'NONE', #3920, #1985 ) ;
#4505 = PLANE ( 'NONE',  #1046 ) ;
#4506 = VECTOR ( 'NONE', #4751, 39.37007874015748900 ) ;
#4507 = DIRECTION ( 'NONE',  ( -0.9978128327999003000, 0.06610257710436372200, -0.0000000000000000000 ) ) ;
#4508 = AXIS2_PLACEMENT_3D ( 'NONE', #2753, #4900, #4060 ) ;
#4509 = DIRECTION ( 'NONE',  ( -0.06610257710436372200, 0.9978128327999003000, 0.0000000000000000000 ) ) ;
#4510 = ORIENTED_EDGE ( 'NONE', *, *, #2249, .T. ) ;
#4511 = VECTOR ( 'NONE', #5253, 39.37007874015748100 ) ;
#4512 = DIRECTION ( 'NONE',  ( -0.0000000000000000000, -0.0000000000000000000, -1.000000000000000000 ) ) ;
#4513 = VERTEX_POINT ( 'NONE', #4739 ) ;
#4514 = VECTOR ( 'NONE', #77, 39.37007874015748100 ) ;
#4515 = DIRECTION ( 'NONE',  ( 1.000000000000000000, 9.627253440664264800E-015, 1.153517236683160700E-030 ) ) ;
#4516 = ORIENTED_EDGE ( 'NONE', *, *, #1384, .T. ) ;
#4517 = ORIENTED_EDGE ( 'NONE', *, *, #234, .F. ) ;
#4518 = EDGE_CURVE ( 'NONE', #3611, #5527, #5252, .T. ) ;
#4519 = AXIS2_PLACEMENT_3D ( 'NONE', #947, #5174, #87 ) ;
#4520 = VECTOR ( 'NONE', #5055, 39.37007874015748900 ) ;
#4521 = DIRECTION ( 'NONE',  ( -0.0000000000000000000, -0.0000000000000000000, -1.000000000000000000 ) ) ;
#4522 = ADVANCED_FACE ( 'NONE', ( #2313 ), #4566, .T. ) ;
#4523 = EDGE_LOOP ( 'NONE', ( #3586, #2910, #1847, #5380, #243, #1727, #3693, #4910, #4385, #470, #1734 ) ) ;
#4524 = VECTOR ( 'NONE', #2395, 39.37007874015748100 ) ;
#4525 = FACE_OUTER_BOUND ( 'NONE', #1053, .T. ) ;
#4526 = EDGE_CURVE ( 'NONE', #1728, #5092, #1397, .T. ) ;
#4527 = ORIENTED_EDGE ( 'NONE', *, *, #1656, .T. ) ;
#4528 = VECTOR ( 'NONE', #5195, 39.37007874015748100 ) ;
#4529 = DIRECTION ( 'NONE',  ( -0.9978128327999003000, 0.06610257710436372200, -0.0000000000000000000 ) ) ;
#4530 = PLANE ( 'NONE',  #1468 ) ;
#4531 = CARTESIAN_POINT ( 'NONE',  ( 0.1683179463135507900, 0.01115063833466540200, 0.07875000000000004200 ) ) ;
#4532 = CARTESIAN_POINT ( 'NONE',  ( -0.1692878396824403200, -0.003489820363299725200, -0.05499999999999997900 ) ) ;
#4533 = DIRECTION ( 'NONE',  ( 0.0000000000000000000, 0.0000000000000000000, 1.000000000000000000 ) ) ;
#4534 = VECTOR ( 'NONE', #4305, 39.37007874015748900 ) ;
#4535 = VECTOR ( 'NONE', #4538, 39.37007874015748100 ) ;
#4536 = ORIENTED_EDGE ( 'NONE', *, *, #656, .F. ) ;
#4537 = LINE ( 'NONE', #4315, #4810 ) ;
#4538 = DIRECTION ( 'NONE',  ( -0.0000000000000000000, -0.0000000000000000000, -1.000000000000000000 ) ) ;
#4539 = VECTOR ( 'NONE', #1305, 39.37007874015748100 ) ;
#4540 = VERTEX_POINT ( 'NONE', #3041 ) ;
#4541 = VECTOR ( 'NONE', #4460, 39.37007874015748900 ) ;
#4542 = FACE_OUTER_BOUND ( 'NONE', #484, .T. ) ;
#4543 = ORIENTED_EDGE ( 'NONE', *, *, #2589, .F. ) ;
#4544 = CARTESIAN_POINT ( 'NONE',  ( -0.1565848870413174800, 0.1882601796367002800, 0.02125000000000004700 ) ) ;
#4545 = PLANE ( 'NONE',  #3950 ) ;
#4546 = CARTESIAN_POINT ( 'NONE',  ( -0.1680168649571192300, 0.01569543604640812100, -0.02581474359029225400 ) ) ;
#4547 = CARTESIAN_POINT ( 'NONE',  ( 0.1222506801884445500, 0.3300000000000000200, 0.0000000000000000000 ) ) ;
#4548 = ORIENTED_EDGE ( 'NONE', *, *, #949, .F. ) ;
#4549 = EDGE_CURVE ( 'NONE', #2196, #1412, #3441, .T. ) ;
#4550 = CARTESIAN_POINT ( 'NONE',  ( -0.1699999999999999800, 0.2700000000000000200, 0.1587500000000000000 ) ) ;
#4551 = CARTESIAN_POINT ( 'NONE',  ( 0.1699999999999999800, -0.01423982036329973400, 0.1787500000000000500 ) ) ;
#4552 = CARTESIAN_POINT ( 'NONE',  ( -0.1274999999999998900, 0.2585000000000000100, -0.1587500000000000000 ) ) ;
#4553 = ORIENTED_EDGE ( 'NONE', *, *, #1549, .T. ) ;
#4554 = EDGE_CURVE ( 'NONE', #4606, #3184, #4430, .T. ) ;
#4555 = AXIS2_PLACEMENT_3D ( 'NONE', #4422, #2731, #5295 ) ;
#4556 = DIRECTION ( 'NONE',  ( 1.000000000000000000, -9.627253440664264800E-015, 0.0000000000000000000 ) ) ;
#4557 = ORIENTED_EDGE ( 'NONE', *, *, #1869, .F. ) ;
#4558 = CARTESIAN_POINT ( 'NONE',  ( -2.488645014411724400E-015, 0.2585000000000012300, 0.1787500000000000500 ) ) ;
#4559 = DIRECTION ( 'NONE',  ( 0.06610257710436372200, 0.9978128327999003000, 0.0000000000000000000 ) ) ;
#4560 = DIRECTION ( 'NONE',  ( -0.06610257710436372200, 0.9978128327999003000, 0.0000000000000000000 ) ) ;
#4561 = EDGE_LOOP ( 'NONE', ( #4971, #2176, #1949, #1494 ) ) ;
#4562 = EDGE_CURVE ( 'NONE', #2257, #3448, #43, .T. ) ;
#4563 = DIRECTION ( 'NONE',  ( -0.0000000000000000000, -0.0000000000000000000, -1.000000000000000000 ) ) ;
#4564 = ORIENTED_EDGE ( 'NONE', *, *, #1894, .F. ) ;
#4565 = EDGE_LOOP ( 'NONE', ( #1377, #4434, #313, #1973 ) ) ;
#4566 = CYLINDRICAL_SURFACE ( 'NONE', #1928, 0.02149999999999997700 ) ;
#4567 = LINE ( 'NONE', #5331, #3443 ) ;
#4568 = ORIENTED_EDGE ( 'NONE', *, *, #4718, .T. ) ;
#4569 = VERTEX_POINT ( 'NONE', #1387 ) ;
#4570 = DIRECTION ( 'NONE',  ( 0.0000000000000000000, 0.0000000000000000000, -1.000000000000000000 ) ) ;
#4571 = CARTESIAN_POINT ( 'NONE',  ( 0.1683179463135507900, 0.01115063833466540200, 0.04075000000000003600 ) ) ;
#4572 = CYLINDRICAL_SURFACE ( 'NONE', #4995, 0.009999999999999979400 ) ;
#4573 = FILL_AREA_STYLE_COLOUR ( '', #273 ) ;
#4574 = FACE_OUTER_BOUND ( 'NONE', #4750, .T. ) ;
#4575 = VERTEX_POINT ( 'NONE', #2154 ) ;
#4576 = VERTEX_POINT ( 'NONE', #3433 ) ;
#4577 = VERTEX_POINT ( 'NONE', #4720 ) ;
#4578 = ADVANCED_FACE ( 'NONE', ( #2704 ), #2642, .T. ) ;
#4579 = CARTESIAN_POINT ( 'NONE',  ( -0.1578129921052414400, -0.004249999999999901400, -0.05499999999999997900 ) ) ;
#4580 = EDGE_CURVE ( 'NONE', #4954, #4166, #3310, .T. ) ;
#4581 = VECTOR ( 'NONE', #2610, 39.37007874015748900 ) ;
#4582 = DIRECTION ( 'NONE',  ( -0.0000000000000000000, -0.0000000000000000000, -1.000000000000000000 ) ) ;
#4583 = AXIS2_PLACEMENT_3D ( 'NONE', #1195, #453, #4690 ) ;
#4584 = CARTESIAN_POINT ( 'NONE',  ( -2.488645014411724400E-015, 0.2585000000000012300, -0.07874999999999995900 ) ) ;
#4585 = ORIENTED_EDGE ( 'NONE', *, *, #3836, .F. ) ;
#4586 = LINE ( 'NONE', #5492, #2657 ) ;
#4587 = ORIENTED_EDGE ( 'NONE', *, *, #1857, .F. ) ;
#4588 = CARTESIAN_POINT ( 'NONE',  ( -0.1310470240948021800, 0.2699999999999999600, -0.02124999999999996000 ) ) ;
#4589 = LINE ( 'NONE', #3621, #4934 ) ;
#4590 = DIRECTION ( 'NONE',  ( -1.000000000000000000, 0.0000000000000000000, 0.0000000000000000000 ) ) ;
#4591 = VERTEX_POINT ( 'NONE', #2631 ) ;
#4592 = VECTOR ( 'NONE', #3493, 39.37007874015748100 ) ;
#4593 = EDGE_CURVE ( 'NONE', #3606, #225, #4110, .T. ) ;
#4594 =( GEOMETRIC_REPRESENTATION_CONTEXT ( 3 ) GLOBAL_UNCERTAINTY_ASSIGNED_CONTEXT ( ( #1099 ) ) GLOBAL_UNIT_ASSIGNED_CONTEXT ( ( #2654, #4833, #2685 ) ) REPRESENTATION_CONTEXT ( 'NONE', 'WORKASPACE' ) );
#4595 = DIRECTION ( 'NONE',  ( 0.04669038075761903400, -0.7047873642613292600, 0.7078804839252718100 ) ) ;
#4596 = VECTOR ( 'NONE', #31, 39.37007874015748900 ) ;
#4597 = CARTESIAN_POINT ( 'NONE',  ( 0.1469318449276434100, 0.1600000000000000000, 0.1407500000000000400 ) ) ;
#4598 = CARTESIAN_POINT ( 'NONE',  ( -0.1690394116646869200, 0.0002601796367002458900, 0.1587499999999999700 ) ) ;
#4599 = EDGE_CURVE ( 'NONE', #14, #4146, #1456, .T. ) ;
#4600 = COLOUR_RGB ( '',0.7921568627450980000, 0.8196078431372548800, 0.9333333333333333500 ) ;
#4601 = DIRECTION ( 'NONE',  ( 0.06610257710436372200, 0.9978128327999003000, 0.0000000000000000000 ) ) ;
#4602 = VECTOR ( 'NONE', #1558, 39.37007874015748100 ) ;
#4603 = CARTESIAN_POINT ( 'NONE',  ( 2.599358428979363500E-015, 0.2700000000000012400, 0.1787500000000000500 ) ) ;
#4604 = CARTESIAN_POINT ( 'NONE',  ( 0.1699999999999999800, -0.01423982036329964400, -0.05499999999999997900 ) ) ;
#4605 = PLANE ( 'NONE',  #2791 ) ;
#4606 = VERTEX_POINT ( 'NONE', #3491 ) ;
#4607 = VERTEX_POINT ( 'NONE', #2287 ) ;
#4608 = CARTESIAN_POINT ( 'NONE',  ( -0.1310470240948021800, 0.2485000000000000300, -0.02124999999999996000 ) ) ;
#4609 = ORIENTED_EDGE ( 'NONE', *, *, #3905, .F. ) ;
#4610 = CARTESIAN_POINT ( 'NONE',  ( 8.537024980200822600E-017, 0.3100000000000000500, -0.1477518114218450400 ) ) ;
#4611 = EDGE_CURVE ( 'NONE', #3752, #2639, #5385, .T. ) ;
#4612 = ADVANCED_FACE ( 'NONE', ( #4300 ), #3102, .F. ) ;
#4613 = DIRECTION ( 'NONE',  ( 1.000000000000000000, 0.0000000000000000000, 0.0000000000000000000 ) ) ;
#4614 = ORIENTED_EDGE ( 'NONE', *, *, #1685, .F. ) ;
#4615 = DIRECTION ( 'NONE',  ( 0.0000000000000000000, -0.0000000000000000000, -1.000000000000000000 ) ) ;
#4616 = AXIS2_PLACEMENT_3D ( 'NONE', #2229, #5211, #2647 ) ;
#4617 = ORIENTED_EDGE ( 'NONE', *, *, #1396, .F. ) ;
#4618 = DIRECTION ( 'NONE',  ( -0.06610257710436372200, 0.9978128327999003000, 0.0000000000000000000 ) ) ;
#4619 = CARTESIAN_POINT ( 'NONE',  ( 0.1469318449276434100, 0.1600000000000000000, -0.02124999999999996000 ) ) ;
#4620 = CARTESIAN_POINT ( 'NONE',  ( -0.1584424619161284900, -0.01375179376776140100, 0.05450179376776150000 ) ) ;
#4621 = MANIFOLD_SOLID_BREP ( 'Pin 4', #3669 ) ;
#4622 = DIRECTION ( 'NONE',  ( -0.06610257710436372200, -0.9978128327999003000, -0.0000000000000000000 ) ) ;
#4623 = EDGE_LOOP ( 'NONE', ( #2838, #4054, #4474, #1591 ) ) ;
#4624 = EDGE_CURVE ( 'NONE', #2505, #666, #255, .T. ) ;
#4625 = ORIENTED_EDGE ( 'NONE', *, *, #2096, .T. ) ;
#4626 = AXIS2_PLACEMENT_3D ( 'NONE', #983, #2264, #3103 ) ;
#4627 = DIRECTION ( 'NONE',  ( -1.000000000000000000, 0.0000000000000000000, 0.0000000000000000000 ) ) ;
#4628 = DIRECTION ( 'NONE',  ( -9.627253440664264800E-015, -1.000000000000000000, 0.0000000000000000000 ) ) ;
#4629 = CARTESIAN_POINT ( 'NONE',  ( -0.1683179463135507900, 0.01115063833466540200, -0.1587500000000000000 ) ) ;
#4630 = VERTEX_POINT ( 'NONE', #4426 ) ;
#4631 = VERTEX_POINT ( 'NONE', #642 ) ;
#4632 =( CONVERSION_BASED_UNIT ( 'INCH', #5378 ) LENGTH_UNIT ( ) NAMED_UNIT ( #226 ) );
#4633 = EDGE_CURVE ( 'NONE', #720, #5536, #468, .T. ) ;
#4634 = DIRECTION ( 'NONE',  ( -0.9978128327999003000, 0.06610257710436372200, -0.0000000000000000000 ) ) ;
#4635 = DIRECTION ( 'NONE',  ( 0.0000000000000000000, -0.0000000000000000000, -1.000000000000000000 ) ) ;
#4636 = ORIENTED_EDGE ( 'NONE', *, *, #406, .T. ) ;
#4637 = ORIENTED_EDGE ( 'NONE', *, *, #5178, .T. ) ;
#4638 = DIRECTION ( 'NONE',  ( 0.0000000000000000000, 0.0000000000000000000, -1.000000000000000000 ) ) ;
#4639 = VECTOR ( 'NONE', #1756, 39.37007874015748100 ) ;
#4640 = ADVANCED_FACE ( 'NONE', ( #3643 ), #1834, .F. ) ;
#4641 = DIRECTION ( 'NONE',  ( -1.000000000000000000, -9.627253440664264800E-015, 0.0000000000000000000 ) ) ;
#4642 = VERTEX_POINT ( 'NONE', #4848 ) ;
#4643 = LINE ( 'NONE', #2739, #728 ) ;
#4644 = CARTESIAN_POINT ( 'NONE',  ( 0.1275000000000000000, 0.2700000000000000200, 0.1587500000000000000 ) ) ;
#4645 = VECTOR ( 'NONE', #526, 39.37007874015748900 ) ;
#4646 = DIRECTION ( 'NONE',  ( -0.06610257710436372200, 0.9978128327999003000, 0.0000000000000000000 ) ) ;
#4647 = ORIENTED_EDGE ( 'NONE', *, *, #718, .F. ) ;
#4648 = PLANE ( 'NONE',  #1918 ) ;
#4649 = EDGE_LOOP ( 'NONE', ( #4807, #5373, #1006, #2049 ) ) ;
#4650 = ORIENTED_EDGE ( 'NONE', *, *, #4518, .T. ) ;
#4651 = CARTESIAN_POINT ( 'NONE',  ( -0.1692878396824403200, -0.003489820363299746400, -0.04499999999999998400 ) ) ;
#4652 = PRODUCT_CONTEXT ( 'NONE', #2092, 'mechanical' ) ;
#4653 = AXIS2_PLACEMENT_3D ( 'NONE', #853, #3366, #2546 ) ;
#4654 = VERTEX_POINT ( 'NONE', #2665 ) ;
#4655 = VECTOR ( 'NONE', #2108, 39.37007874015748900 ) ;
#4656 = VERTEX_POINT ( 'NONE', #4869 ) ;
#4657 = CARTESIAN_POINT ( 'NONE',  ( -0.1699999999999999800, -0.01423982036329973400, 0.07875000000000004200 ) ) ;
#4658 = DIRECTION ( 'NONE',  ( -0.06610257710436372200, 0.9978128327999003000, 0.0000000000000000000 ) ) ;
#4659 = LINE ( 'NONE', #4247, #4790 ) ;
#4660 = VERTEX_POINT ( 'NONE', #120 ) ;
#4661 = VECTOR ( 'NONE', #2503, 39.37007874015748100 ) ;
#4662 = DIRECTION ( 'NONE',  ( 0.06610257710436372200, 0.9978128327999003000, 0.0000000000000000000 ) ) ;
#4663 = EDGE_CURVE ( 'NONE', #187, #5250, #4643, .T. ) ;
#4664 = AXIS2_PLACEMENT_3D ( 'NONE', #2658, #3607, #3130 ) ;
#4665 = CARTESIAN_POINT ( 'NONE',  ( 0.1275000000000000000, 0.2585000000000000100, -0.1862500000000000000 ) ) ;
#4666 = PLANE ( 'NONE',  #2239 ) ;
#4667 = VECTOR ( 'NONE', #4435, 39.37007874015748900 ) ;
#4668 =( LENGTH_UNIT ( ) NAMED_UNIT ( * ) SI_UNIT ( $, .METRE. ) );
#4669 = EDGE_CURVE ( 'NONE', #3736, #41, #3381, .T. ) ;
#4670 = ADVANCED_FACE ( 'NONE', ( #183 ), #3549, .F. ) ;
#4671 = AXIS2_PLACEMENT_3D ( 'NONE', #61, #1774, #3032 ) ;
#4672 = ORIENTED_EDGE ( 'NONE', *, *, #3422, .F. ) ;
#4673 = ORIENTED_EDGE ( 'NONE', *, *, #2686, .F. ) ;
#4674 = FACE_OUTER_BOUND ( 'NONE', #55, .T. ) ;
#4675 = CARTESIAN_POINT ( 'NONE',  ( 0.1653943047948700800, 0.05528276076675182200, -0.1980245485807053400 ) ) ;
#4676 = EDGE_CURVE ( 'NONE', #471, #4840, #1271, .T. ) ;
#4677 = ORIENTED_EDGE ( 'NONE', *, *, #1123, .F. ) ;
#4678 = CARTESIAN_POINT ( 'NONE',  ( -0.1539194572176712000, 0.05452258113005163700, -0.1980245485807053400 ) ) ;
#4679 = FACE_OUTER_BOUND ( 'NONE', #3374, .T. ) ;
#4680 = DIRECTION ( 'NONE',  ( 0.04679272426934443600, -0.7063322309492373600, 0.7063322309492368100 ) ) ;
#4681 = CARTESIAN_POINT ( 'NONE',  ( -0.1568430987363519400, 0.01039045869796522000, 0.1212500000000000400 ) ) ;
#4682 = ORIENTED_EDGE ( 'NONE', *, *, #4857, .F. ) ;
#4683 = LINE ( 'NONE', #2150, #368 ) ;
#4684 = PLANE ( 'NONE',  #1295 ) ;
#4685 = DIRECTION ( 'NONE',  ( -0.0000000000000000000, -0.0000000000000000000, -1.000000000000000000 ) ) ;
#4686 = CARTESIAN_POINT ( 'NONE',  ( 0.1568430987363519400, 0.01039045869796522000, -0.04075000000000000100 ) ) ;
#4687 = CARTESIAN_POINT ( 'NONE',  ( -0.1699173094933273700, -0.01299161413106121900, -0.04549820623223850600 ) ) ;
#4688 = AXIS2_PLACEMENT_3D ( 'NONE', #2102, #2550, #5085 ) ;
#4689 = CLOSED_SHELL ( 'NONE', ( #527, #1496, #4612, #3719, #3682, #3436, #4464, #3077, #2603, #3338, #4522, #1417, #2438, #4752, #2961, #5176, #1838, #5511, #643, #4407, #62, #4459, #3137, #472 ) ) ;
#4690 = DIRECTION ( 'NONE',  ( -0.06610257710436372200, 0.9978128327999003000, 0.0000000000000000000 ) ) ;
#4691 = ORIENTED_EDGE ( 'NONE', *, *, #2918, .T. ) ;
#4692 = AXIS2_PLACEMENT_3D ( 'NONE', #1352, #28, #3419 ) ;
#4693 = CARTESIAN_POINT ( 'NONE',  ( -0.1690394116646869200, 0.0002601796367002927800, -0.1587500000000000000 ) ) ;
#4694 = ADVANCED_FACE ( 'NONE', ( #1130 ), #2698, .F. ) ;
#4695 =( LENGTH_UNIT ( ) NAMED_UNIT ( * ) SI_UNIT ( $, .METRE. ) );
#4696 = ORIENTED_EDGE ( 'NONE', *, *, #1156, .T. ) ;
#4697 = PLANE ( 'NONE',  #315 ) ;
#4698 = EDGE_CURVE ( 'NONE', #3221, #4236, #5516, .T. ) ;
#4699 = DIRECTION ( 'NONE',  ( 0.06610257710436372200, -0.9978128327999003000, -0.0000000000000000000 ) ) ;
#4700 = ORIENTED_EDGE ( 'NONE', *, *, #79, .F. ) ;
#4701 = CARTESIAN_POINT ( 'NONE',  ( 0.1555634906104184600, 0.02970603556262510100, 0.1123523878444152300 ) ) ;
#4702 = DIRECTION ( 'NONE',  ( -0.9978128327999003000, 0.06610257710436372200, -0.0000000000000000000 ) ) ;
#4703 = EDGE_LOOP ( 'NONE', ( #3965, #4650, #4543, #1861 ) ) ;
#4704 = ORIENTED_EDGE ( 'NONE', *, *, #2881, .T. ) ;
#4705 = EDGE_CURVE ( 'NONE', #1670, #824, #3576, .T. ) ;
#4706 = CARTESIAN_POINT ( 'NONE',  ( -0.1310470240948021800, 0.2700000000000000200, -0.1587500000000000000 ) ) ;
#4707 = DIRECTION ( 'NONE',  ( 0.0000000000000000000, -1.000000000000000000, 0.0000000000000000000 ) ) ;
#4708 = VECTOR ( 'NONE', #22, 39.37007874015748100 ) ;
#4709 = VERTEX_POINT ( 'NONE', #1864 ) ;
#4710 = ORIENTED_EDGE ( 'NONE', *, *, #1584, .F. ) ;
#4711 = CARTESIAN_POINT ( 'NONE',  ( 0.1469318449276434100, 0.1600000000000000000, 0.1787500000000000500 ) ) ;
#4712 = DIRECTION ( 'NONE',  ( 1.000000000000000000, -9.627253440664264800E-015, -0.0000000000000000000 ) ) ;
#4713 = VECTOR ( 'NONE', #703, 39.37007874015748900 ) ;
#4714 = CARTESIAN_POINT ( 'NONE',  ( -0.1578129921052414400, -0.004249999999999923100, -0.04499999999999998400 ) ) ;
#4715 = ORIENTED_EDGE ( 'NONE', *, *, #1770, .F. ) ;
#4716 = ORIENTED_EDGE ( 'NONE', *, *, #5026, .T. ) ;
#4717 = ORIENTED_EDGE ( 'NONE', *, *, #1076, .F. ) ;
#4718 = EDGE_CURVE ( 'NONE', #547, #2307, #4183, .T. ) ;
#4719 = CARTESIAN_POINT ( 'NONE',  ( -0.1670383381876173500, 0.03046621519932528300, 0.01235238784441522800 ) ) ;
#4720 = CARTESIAN_POINT ( 'NONE',  ( 0.1222506801884445500, 0.3300000000000000200, 0.1810006801884445600 ) ) ;
#4721 = VECTOR ( 'NONE', #986, 39.37007874015748100 ) ;
#4722 = PLANE ( 'NONE',  #2628 ) ;
#4723 = DIRECTION ( 'NONE',  ( 0.0000000000000000000, 0.0000000000000000000, 1.000000000000000000 ) ) ;
#4724 = ORIENTED_EDGE ( 'NONE', *, *, #5445, .T. ) ;
#4725 = FACE_OUTER_BOUND ( 'NONE', #3780, .T. ) ;
#4726 = ORIENTED_EDGE ( 'NONE', *, *, #1796, .F. ) ;
#4727 = ADVANCED_FACE ( 'NONE', ( #940 ), #1504, .T. ) ;
#4728 = AXIS2_PLACEMENT_3D ( 'NONE', #5304, #2750, #2815 ) ;
#4729 = EDGE_LOOP ( 'NONE', ( #3438, #3074, #4442, #3322 ) ) ;
#4730 = VECTOR ( 'NONE', #1505, 39.37007874015748900 ) ;
#4731 = DIRECTION ( 'NONE',  ( 1.588283717246667300E-015, 1.000000000000000000, 0.0000000000000000000 ) ) ;
#4732 = VECTOR ( 'NONE', #4205, 39.37007874015748100 ) ;
#4733 = VECTOR ( 'NONE', #3336, 39.37007874015748100 ) ;
#4734 = EDGE_CURVE ( 'NONE', #2948, #251, #2320, .T. ) ;
#4735 = AXIS2_PLACEMENT_3D ( 'NONE', #3551, #4465, #659 ) ;
#4736 = CARTESIAN_POINT ( 'NONE',  ( 0.1578129921052414400, -0.004249999999999901400, 0.04500000000000003300 ) ) ;
#4737 = LINE ( 'NONE', #4493, #2792 ) ;
#4738 = CARTESIAN_POINT ( 'NONE',  ( -0.1585251524228011300, -0.01499999999999983600, 0.1450000000000000200 ) ) ;
#4739 = CARTESIAN_POINT ( 'NONE',  ( 0.1692878396824403200, -0.003489820363299746400, 0.05500000000000002800 ) ) ;
#4740 = DIRECTION ( 'NONE',  ( 0.0000000000000000000, 1.000000000000000000, 0.0000000000000000000 ) ) ;
#4741 = ORIENTED_EDGE ( 'NONE', *, *, #234, .T. ) ;
#4742 = CARTESIAN_POINT ( 'NONE',  ( 0.1584066925048422700, 0.1607601796367002200, 0.06287286759728552600 ) ) ;
#4743 = EDGE_CURVE ( 'NONE', #3445, #2869, #2897, .T. ) ;
#4744 = VECTOR ( 'NONE', #1485, 39.37007874015748900 ) ;
#4745 = ORIENTED_EDGE ( 'NONE', *, *, #3605, .F. ) ;
#4746 = CARTESIAN_POINT ( 'NONE',  ( -0.03320279457757031200, 0.3100000000000000500, -0.1827504534589630400 ) ) ;
#4747 = VECTOR ( 'NONE', #399, 39.37007874015748100 ) ;
#4748 = CARTESIAN_POINT ( 'NONE',  ( -0.1539194572176712000, 0.05452258113005163700, 0.001975451419294672400 ) ) ;
#4749 = EDGE_CURVE ( 'NONE', #2781, #4654, #1923, .T. ) ;
#4750 = EDGE_LOOP ( 'NONE', ( #2457, #2497, #2057, #3348, #2459, #3255, #5303, #1286, #716, #3194, #4243, #4090, #2847, #1347 ) ) ;
#4751 = DIRECTION ( 'NONE',  ( -0.9978128327999003000, 0.06610257710436372200, -0.0000000000000000000 ) ) ;
#4752 = ADVANCED_FACE ( 'NONE', ( #5453 ), #1110, .T. ) ;
#4753 =( CONVERSION_BASED_UNIT ( 'INCH', #66 ) LENGTH_UNIT ( ) NAMED_UNIT ( #684 ) );
#4754 = FACE_OUTER_BOUND ( 'NONE', #2439, .T. ) ;
#4755 = ORIENTED_EDGE ( 'NONE', *, *, #370, .F. ) ;
#4756 = CARTESIAN_POINT ( 'NONE',  ( 0.1699999999999999800, -0.01423982036329964400, 0.04500000000000003300 ) ) ;
#4757 = PLANE ( 'NONE',  #4519 ) ;
#4758 = DIRECTION ( 'NONE',  ( -1.000000000000000000, 0.0000000000000000000, -0.0000000000000000000 ) ) ;
#4759 = PRESENTATION_LAYER_ASSIGNMENT (  '', '', ( #4189 ) ) ;
#4760 = VERTEX_POINT ( 'NONE', #4926 ) ;
#4761 = PLANE ( 'NONE',  #3982 ) ;
#4762 = EDGE_CURVE ( 'NONE', #5131, #392, #2909, .T. ) ;
#4763 = ORIENTED_EDGE ( 'NONE', *, *, #864, .T. ) ;
#4764 = CARTESIAN_POINT ( 'NONE',  ( -0.1275000000000000000, 0.2585000000000000100, -0.1862500000000000000 ) ) ;
#4765 = CARTESIAN_POINT ( 'NONE',  ( 2.488645014411724400E-015, 0.2585000000000012300, -0.07874999999999995900 ) ) ;
#4766 = EDGE_LOOP ( 'NONE', ( #2442, #1210, #2098, #4461 ) ) ;
#4767 = EDGE_CURVE ( 'NONE', #3779, #4513, #3777, .T. ) ;
#4768 = LINE ( 'NONE', #3744, #249 ) ;
#4769 = AXIS2_PLACEMENT_3D ( 'NONE', #1444, #4013, #2725 ) ;
#4770 = PLANE ( 'NONE',  #899 ) ;
#4771 = LINE ( 'NONE', #5389, #396 ) ;
#4772 = DIRECTION ( 'NONE',  ( 0.0000000000000000000, 0.0000000000000000000, 1.000000000000000000 ) ) ;
#4773 = DIRECTION ( 'NONE',  ( 0.06610257710436372200, -0.9978128327999003000, -0.0000000000000000000 ) ) ;
#4774 = ORIENTED_EDGE ( 'NONE', *, *, #4891, .F. ) ;
#4775 = ORIENTED_EDGE ( 'NONE', *, *, #63, .T. ) ;
#4776 = ADVANCED_FACE ( 'NONE', ( #3638 ), #4530, .T. ) ;
#4777 = CARTESIAN_POINT ( 'NONE',  ( -0.1680168649571192300, 0.01569543604640812100, 0.07418525640970775900 ) ) ;
#4778 = FACE_OUTER_BOUND ( 'NONE', #4053, .T. ) ;
#4779 = ORIENTED_EDGE ( 'NONE', *, *, #1961, .T. ) ;
#4780 = EDGE_CURVE ( 'NONE', #4575, #402, #5318, .T. ) ;
#4781 = VERTEX_POINT ( 'NONE', #220 ) ;
#4782 = PLANE ( 'NONE',  #4664 ) ;
#4783 = FACE_OUTER_BOUND ( 'NONE', #3179, .T. ) ;
#4784 = ORIENTED_EDGE ( 'NONE', *, *, #1438, .T. ) ;
#4785 = CIRCLE ( 'NONE', #467, 0.02149999999999997700 ) ;
#4786 = ORIENTED_EDGE ( 'NONE', *, *, #2011, .F. ) ;
#4787 = DIRECTION ( 'NONE',  ( 0.06610257710436372200, -0.9978128327999003000, -0.0000000000000000000 ) ) ;
#4788 = DIRECTION ( 'NONE',  ( -0.0000000000000000000, 1.000000000000000000, -0.0000000000000000000 ) ) ;
#4789 = CARTESIAN_POINT ( 'NONE',  ( 0.0000000000000000000, 0.3300000000000000200, 0.1810006801884445300 ) ) ;
#4790 = VECTOR ( 'NONE', #4175, 39.37007874015748900 ) ;
#4791 = CARTESIAN_POINT ( 'NONE',  ( 0.1683179463135507900, 0.01115063833466540200, -0.02124999999999996000 ) ) ;
#4792 = AXIS2_PLACEMENT_3D ( 'NONE', #2155, #5531, #5145 ) ;
#4793 = ORIENTED_EDGE ( 'NONE', *, *, #1361, .T. ) ;
#4794 = LINE ( 'NONE', #3673, #5267 ) ;
#4795 = DIRECTION ( 'NONE',  ( 0.0000000000000000000, 0.0000000000000000000, -1.000000000000000000 ) ) ;
#4796 = CARTESIAN_POINT ( 'NONE',  ( -0.1310470240948021800, 0.2585000000000000100, 0.1787500000000000500 ) ) ;
#4797 = DIRECTION ( 'NONE',  ( -0.06610257710436373600, -0.9978128327999003000, 0.0000000000000000000 ) ) ;
#4798 = VECTOR ( 'NONE', #256, 39.37007874015748900 ) ;
#4799 = CARTESIAN_POINT ( 'NONE',  ( -0.1525000000000000200, 0.2499212054077438500, -0.1587500000000000000 ) ) ;
#4800 = LINE ( 'NONE', #4993, #2604 ) ;
#4801 = DIMENSIONAL_EXPONENTS ( 1.000000000000000000, 0.0000000000000000000, 0.0000000000000000000, 0.0000000000000000000, 0.0000000000000000000, 0.0000000000000000000, 0.0000000000000000000 ) ;
#4802 = PLANE ( 'NONE',  #3919 ) ;
#4803 = AXIS2_PLACEMENT_3D ( 'NONE', #1499, #4481, #5368 ) ;
#4804 = LINE ( 'NONE', #2424, #2474 ) ;
#4805 = CARTESIAN_POINT ( 'NONE',  ( 2.599358428979363500E-015, 0.2700000000000012400, 0.02125000000000004700 ) ) ;
#4806 = DIRECTION ( 'NONE',  ( 1.000000000000000000, -9.627253440664264800E-015, 0.0000000000000000000 ) ) ;
#4807 = ORIENTED_EDGE ( 'NONE', *, *, #3355, .T. ) ;
#4808 = ORIENTED_EDGE ( 'NONE', *, *, #3734, .F. ) ;
#4809 = ADVANCED_FACE ( 'NONE', ( #1658 ), #3195, .T. ) ;
#4810 = VECTOR ( 'NONE', #1784, 39.37007874015748100 ) ;
#4811 = EDGE_CURVE ( 'NONE', #4427, #3705, #1209, .T. ) ;
#4812 = DIRECTION ( 'NONE',  ( -0.03299702755569924900, 0.4980873512290812100, -0.8664988094152733500 ) ) ;
#4813 = EDGE_LOOP ( 'NONE', ( #1257, #1390, #581, #1350, #4297, #1067, #499, #2645, #4821, #2146, #4700 ) ) ;
#4814 = CARTESIAN_POINT ( 'NONE',  ( -0.1584066925048422700, 0.1607601796367002200, 0.05925000000000002500 ) ) ;
#4815 = VECTOR ( 'NONE', #5074, 39.37007874015748100 ) ;
#4816 = LINE ( 'NONE', #2819, #503 ) ;
#4817 = CARTESIAN_POINT ( 'NONE',  ( -0.1585251524228011300, -0.01499999999999992500, -0.02124999999999996000 ) ) ;
#4818 = ORIENTED_EDGE ( 'NONE', *, *, #556, .F. ) ;
#4819 = CARTESIAN_POINT ( 'NONE',  ( -0.1578129921052414400, -0.004249999999999923100, -0.1449999999999999900 ) ) ;
#4820 = EDGE_CURVE ( 'NONE', #4991, #815, #3049, .T. ) ;
#4821 = ORIENTED_EDGE ( 'NONE', *, *, #4103, .T. ) ;
#4822 = CARTESIAN_POINT ( 'NONE',  ( 0.1699173094933273700, -0.01299161413106121900, 0.05450179376776150000 ) ) ;
#4823 = VERTEX_POINT ( 'NONE', #4463 ) ;
#4824 = PLANE ( 'NONE',  #2174 ) ;
#4825 = VERTEX_POINT ( 'NONE', #678 ) ;
#4826 = DIRECTION ( 'NONE',  ( -0.0000000000000000000, -0.0000000000000000000, -1.000000000000000000 ) ) ;
#4827 = PLANE ( 'NONE',  #4260 ) ;
#4828 = ORIENTED_EDGE ( 'NONE', *, *, #5458, .F. ) ;
#4829 = ORIENTED_EDGE ( 'NONE', *, *, #1685, .T. ) ;
#4830 = DIRECTION ( 'NONE',  ( 0.0000000000000000000, -0.0000000000000000000, -1.000000000000000000 ) ) ;
#4831 = CARTESIAN_POINT ( 'NONE',  ( 0.1568430987363519400, 0.01039045869796522000, -0.02124999999999996000 ) ) ;
#4832 = ADVANCED_FACE ( 'NONE', ( #1914 ), #1521, .T. ) ;
#4833 =( NAMED_UNIT ( * ) PLANE_ANGLE_UNIT ( ) SI_UNIT ( $, .RADIAN. ) );
#4834 = ORIENTED_EDGE ( 'NONE', *, *, #3949, .T. ) ;
#4835 = ORIENTED_EDGE ( 'NONE', *, *, #2350, .T. ) ;
#4836 = CARTESIAN_POINT ( 'NONE',  ( 0.1310470240948021800, 0.2485000000000000300, -0.1212499999999999700 ) ) ;
#4837 = EDGE_CURVE ( 'NONE', #392, #2636, #4907, .T. ) ;
#4838 = AXIS2_PLACEMENT_3D ( 'NONE', #3740, #4138, #4556 ) ;
#4839 = ORIENTED_EDGE ( 'NONE', *, *, #5097, .T. ) ;
#4840 = VERTEX_POINT ( 'NONE', #254 ) ;
#4841 = DIRECTION ( 'NONE',  ( 0.0000000000000000000, 0.0000000000000000000, -1.000000000000000000 ) ) ;
#4842 = LINE ( 'NONE', #1047, #185 ) ;
#4843 = ORIENTED_EDGE ( 'NONE', *, *, #3369, .T. ) ;
#4844 = ORIENTED_EDGE ( 'NONE', *, *, #4448, .T. ) ;
#4845 = EDGE_CURVE ( 'NONE', #2219, #5393, #930, .T. ) ;
#4846 = AXIS2_PLACEMENT_3D ( 'NONE', #4496, #4938, #3223 ) ;
#4847 = CARTESIAN_POINT ( 'NONE',  ( -0.1469318449276434100, 0.1600000000000000000, -0.06287286759728549800 ) ) ;
#4848 = CARTESIAN_POINT ( 'NONE',  ( 0.1584066925048422700, 0.1607601796367002200, 0.04075000000000003600 ) ) ;
#4849 = FACE_OUTER_BOUND ( 'NONE', #3516, .T. ) ;
#4850 = SURFACE_STYLE_USAGE ( .BOTH. , #4870 ) ;
#4851 = DIRECTION ( 'NONE',  ( 0.05727780436021254200, -0.8646036316403955500, 0.4991791394699025600 ) ) ;
#4852 = ORIENTED_EDGE ( 'NONE', *, *, #1916, .F. ) ;
#4853 = ORIENTED_EDGE ( 'NONE', *, *, #2784, .T. ) ;
#4854 = ORIENTED_EDGE ( 'NONE', *, *, #175, .T. ) ;
#4855 = DIRECTION ( 'NONE',  ( 0.0000000000000000000, 1.000000000000000000, 0.0000000000000000000 ) ) ;
#4856 = LINE ( 'NONE', #2595, #3454 ) ;
#4857 = EDGE_CURVE ( 'NONE', #2859, #3431, #3904, .T. ) ;
#4858 = ORIENTED_EDGE ( 'NONE', *, *, #937, .T. ) ;
#4859 = VECTOR ( 'NONE', #4507, 39.37007874015748900 ) ;
#4860 = CARTESIAN_POINT ( 'NONE',  ( -0.1275000000000000000, 0.2700000000000000200, 0.1862500000000000000 ) ) ;
#4861 = ORIENTED_EDGE ( 'NONE', *, *, #5207, .F. ) ;
#4862 = LINE ( 'NONE', #2756, #202 ) ;
#4863 = CARTESIAN_POINT ( 'NONE',  ( 0.1653943047948700800, 0.05528276076675182200, -0.09802454858070533400 ) ) ;
#4864 = ADVANCED_FACE ( 'NONE', ( #539 ), #5309, .T. ) ;
#4865 = LINE ( 'NONE', #5334, #3651 ) ;
#4866 = VECTOR ( 'NONE', #3420, 39.37007874015748900 ) ;
#4867 = AXIS2_PLACEMENT_3D ( 'NONE', #2633, #72, #3088 ) ;
#4868 = VECTOR ( 'NONE', #1334, 39.37007874015748900 ) ;
#4869 = CARTESIAN_POINT ( 'NONE',  ( -0.1410251524228011700, 0.2491610257710437400, 0.1587500000000000000 ) ) ;
#4870 = SURFACE_SIDE_STYLE ('',( #1150 ) ) ;
#4871 = CARTESIAN_POINT ( 'NONE',  ( 0.1699999999999999800, -0.01423982036329973400, 0.07875000000000004200 ) ) ;
#4872 = LINE ( 'NONE', #1920, #965 ) ;
#4873 = CARTESIAN_POINT ( 'NONE',  ( 0.1275000000000000000, 0.2700000000000000200, -0.1212499999999999700 ) ) ;
#4874 = EDGE_CURVE ( 'NONE', #808, #4021, #4174, .T. ) ;
#4875 = AXIS2_PLACEMENT_3D ( 'NONE', #4351, #956, #91 ) ;
#4876 = ORIENTED_EDGE ( 'NONE', *, *, #4965, .F. ) ;
#4877 = DIRECTION ( 'NONE',  ( 0.0000000000000000000, 0.0000000000000000000, 1.000000000000000000 ) ) ;
#4878 = LINE ( 'NONE', #283, #701 ) ;
#4879 = LINE ( 'NONE', #2429, #4148 ) ;
#4880 = ORIENTED_EDGE ( 'NONE', *, *, #2797, .T. ) ;
#4881 = DIRECTION ( 'NONE',  ( 0.9978128327999003000, 0.06610257710436372200, -0.0000000000000000000 ) ) ;
#4882 = EDGE_CURVE ( 'NONE', #1867, #3110, #662, .T. ) ;
#4883 = LINE ( 'NONE', #5080, #1176 ) ;
#4884 = AXIS2_PLACEMENT_3D ( 'NONE', #4887, #1984, #4963 ) ;
#4885 = VECTOR ( 'NONE', #2931, 39.37007874015748100 ) ;
#4886 = ORIENTED_EDGE ( 'NONE', *, *, #291, .F. ) ;
#4887 = CARTESIAN_POINT ( 'NONE',  ( 0.1310470240948021800, 0.2485000000000000300, -0.02124999999999996000 ) ) ;
#4888 = CARTESIAN_POINT ( 'NONE',  ( -0.1275000000000000000, 0.2700000000000000200, -0.07874999999999995900 ) ) ;
#4889 = DIRECTION ( 'NONE',  ( -0.0000000000000000000, -0.0000000000000000000, -1.000000000000000000 ) ) ;
#4890 = LINE ( 'NONE', #2013, #3616 ) ;
#4891 = EDGE_CURVE ( 'NONE', #531, #741, #4768, .T. ) ;
#4892 = ADVANCED_FACE ( 'NONE', ( #394 ), #1242, .F. ) ;
#4893 = VERTEX_POINT ( 'NONE', #2444 ) ;
#4894 = DIRECTION ( 'NONE',  ( 0.9978128327999003000, 0.06610257710436316700, 0.0000000000000000000 ) ) ;
#4895 = ORIENTED_EDGE ( 'NONE', *, *, #3070, .F. ) ;
#4896 = CARTESIAN_POINT ( 'NONE',  ( -0.1469318449276434100, 0.1600000000000000000, 0.06287286759728552600 ) ) ;
#4897 = ORIENTED_EDGE ( 'NONE', *, *, #975, .T. ) ;
#4898 = ADVANCED_FACE ( 'NONE', ( #2772 ), #2466, .F. ) ;
#4899 = EDGE_CURVE ( 'NONE', #630, #1704, #4044, .T. ) ;
#4900 = DIRECTION ( 'NONE',  ( -0.0000000000000000000, 0.0000000000000000000, 1.000000000000000000 ) ) ;
#4901 = FACE_OUTER_BOUND ( 'NONE', #432, .T. ) ;
#4902 = ORIENTED_EDGE ( 'NONE', *, *, #2758, .F. ) ;
#4903 = DIRECTION ( 'NONE',  ( 0.04679272426934458900, -0.7063322309492396900, -0.7063322309492347000 ) ) ;
#4904 = DIRECTION ( 'NONE',  ( -0.06610257710436372200, 0.9978128327999003000, 0.0000000000000000000 ) ) ;
#4905 = EDGE_LOOP ( 'NONE', ( #3208, #2991, #2902, #2363, #511, #4068, #4880, #3646 ) ) ;
#4906 = AXIS2_PLACEMENT_3D ( 'NONE', #5298, #4812, #196 ) ;
#4907 = CIRCLE ( 'NONE', #324, 0.02149999999999997700 ) ;
#4908 = CARTESIAN_POINT ( 'NONE',  ( -0.1568430987363519400, 0.01039045869796522000, -0.1212499999999999700 ) ) ;
#4909 = FACE_OUTER_BOUND ( 'NONE', #5441, .T. ) ;
#4910 = ORIENTED_EDGE ( 'NONE', *, *, #864, .F. ) ;
#4911 = EDGE_LOOP ( 'NONE', ( #194, #3857, #4786, #1994 ) ) ;
#4912 = CARTESIAN_POINT ( 'NONE',  ( -0.1683179463135507900, 0.01115063833466540200, 0.07875000000000004200 ) ) ;
#4913 = CARTESIAN_POINT ( 'NONE',  ( 0.1274999999999998900, 0.2585000000000000100, 0.1787500000000000500 ) ) ;
#4914 = EDGE_CURVE ( 'NONE', #2793, #4513, #1666, .T. ) ;
#4915 = FACE_OUTER_BOUND ( 'NONE', #778, .T. ) ;
#4916 = AXIS2_PLACEMENT_3D ( 'NONE', #1019, #3970, #1866 ) ;
#4917 = VECTOR ( 'NONE', #5442, 39.37007874015748900 ) ;
#4918 = CLOSED_SHELL ( 'NONE', ( #172, #1093, #5459, #1990, #3574, #2157, #5154, #606, #4353, #1781, #4578, #1578, #1586, #4381, #3269, #4142, #918, #3807, #5293, #3299, #1643, #33, #1910, #557 ) ) ;
#4919 = ORIENTED_EDGE ( 'NONE', *, *, #2483, .T. ) ;
#4920 = VERTEX_POINT ( 'NONE', #784 ) ;
#4921 = DIRECTION ( 'NONE',  ( -0.06610257710436372200, 0.9978128327999003000, 0.0000000000000000000 ) ) ;
#4922 = ORIENTED_EDGE ( 'NONE', *, *, #4845, .F. ) ;
#4923 = FACE_OUTER_BOUND ( 'NONE', #2301, .T. ) ;
#4924 = EDGE_CURVE ( 'NONE', #630, #666, #4036, .T. ) ;
#4925 = ORIENTED_EDGE ( 'NONE', *, *, #2172, .T. ) ;
#4926 = CARTESIAN_POINT ( 'NONE',  ( -0.1575645640874880600, -0.0004999999999998905100, -0.1587500000000000000 ) ) ;
#4927 = CARTESIAN_POINT ( 'NONE',  ( 0.1578129921052414400, -0.004249999999999923100, -0.04499999999999998400 ) ) ;
#4928 = LINE ( 'NONE', #3672, #270 ) ;
#4929 = PLANE ( 'NONE',  #2299 ) ;
#4930 = VERTEX_POINT ( 'NONE', #2433 ) ;
#4931 = VECTOR ( 'NONE', #2370, 39.37007874015748100 ) ;
#4932 = CARTESIAN_POINT ( 'NONE',  ( 0.1525000000000000200, 0.2499212054077438500, -0.02124999999999996000 ) ) ;
#4933 = DIRECTION ( 'NONE',  ( 0.05727780436021254200, -0.8646036316403955500, 0.4991791394699025600 ) ) ;
#4934 = VECTOR ( 'NONE', #5300, 39.37007874015748100 ) ;
#4935 = CARTESIAN_POINT ( 'NONE',  ( 0.1584066925048422700, 0.1607601796367002200, -0.06287286759728549800 ) ) ;
#4936 = CARTESIAN_POINT ( 'NONE',  ( 0.1683179463135507900, 0.01115063833466540200, 0.04500000000000003300 ) ) ;
#4937 = LINE ( 'NONE', #2933, #961 ) ;
#4938 = DIRECTION ( 'NONE',  ( 0.0000000000000000000, 0.0000000000000000000, 1.000000000000000000 ) ) ;
#4939 = LINE ( 'NONE', #169, #559 ) ;
#4940 = DIRECTION ( 'NONE',  ( 0.06610257710436372200, 0.9978128327999003000, 0.0000000000000000000 ) ) ;
#4941 = LINE ( 'NONE', #4913, #4535 ) ;
#4942 = DIRECTION ( 'NONE',  ( 0.0000000000000000000, -0.0000000000000000000, -1.000000000000000000 ) ) ;
#4943 = ORIENTED_EDGE ( 'NONE', *, *, #3980, .T. ) ;
#4944 = AXIS2_PLACEMENT_3D ( 'NONE', #5507, #2086, #1687 ) ;
#4945 = FACE_OUTER_BOUND ( 'NONE', #1406, .T. ) ;
#4946 = DIRECTION ( 'NONE',  ( -0.06610257710436372200, -0.9978128327999003000, -0.0000000000000000000 ) ) ;
#4947 = PLANE ( 'NONE',  #1326 ) ;
#4948 = ORIENTED_EDGE ( 'NONE', *, *, #4891, .T. ) ;
#4949 = ADVANCED_FACE ( 'NONE', ( #805 ), #5035, .F. ) ;
#4950 = DIRECTION ( 'NONE',  ( -0.06610257710436372200, -0.9978128327999003000, 0.0000000000000000000 ) ) ;
#4951 = EDGE_CURVE ( 'NONE', #3107, #2780, #1515, .T. ) ;
#4952 = AXIS2_PLACEMENT_3D ( 'NONE', #2971, #413, #3834 ) ;
#4953 = DIRECTION ( 'NONE',  ( 0.0000000000000000000, 0.0000000000000000000, 1.000000000000000000 ) ) ;
#4954 = VERTEX_POINT ( 'NONE', #3790 ) ;
#4955 = CARTESIAN_POINT ( 'NONE',  ( -0.1578129921052414400, -0.004249999999999923100, 0.05500000000000002800 ) ) ;
#4956 = DIRECTION ( 'NONE',  ( -9.627253440664264800E-015, 1.000000000000000000, -0.0000000000000000000 ) ) ;
#4957 = EDGE_CURVE ( 'NONE', #397, #2156, #3786, .T. ) ;
#4958 = CARTESIAN_POINT ( 'NONE',  ( -0.1274999999999998900, 0.2585000000000000100, -0.07874999999999995900 ) ) ;
#4959 = ORIENTED_EDGE ( 'NONE', *, *, #2535, .F. ) ;
#4960 =( GEOMETRIC_REPRESENTATION_CONTEXT ( 3 ) GLOBAL_UNCERTAINTY_ASSIGNED_CONTEXT ( ( #1935 ) ) GLOBAL_UNIT_ASSIGNED_CONTEXT ( ( #4632, #2512, #2051 ) ) REPRESENTATION_CONTEXT ( 'NONE', 'WORKASPACE' ) );
#4961 = DIRECTION ( 'NONE',  ( 0.04679272426934443600, -0.7063322309492373600, 0.7063322309492368100 ) ) ;
#4962 = EDGE_LOOP ( 'NONE', ( #3925, #3788, #246, #1785 ) ) ;
#4963 = DIRECTION ( 'NONE',  ( 1.000000000000000000, 0.0000000000000000000, 0.0000000000000000000 ) ) ;
#4964 = DIRECTION ( 'NONE',  ( -9.627253440664264800E-015, 1.000000000000000000, -0.0000000000000000000 ) ) ;
#4965 = EDGE_CURVE ( 'NONE', #1114, #4930, #1798, .T. ) ;
#4966 = CARTESIAN_POINT ( 'NONE',  ( -0.1469318449276434100, 0.1600000000000000000, -0.1407499999999999900 ) ) ;
#4967 = EDGE_LOOP ( 'NONE', ( #1279, #4587, #2298, #525 ) ) ;
#4968 = ORIENTED_EDGE ( 'NONE', *, *, #186, .F. ) ;
#4969 = PLANE ( 'NONE',  #5411 ) ;
#4970 = DIRECTION ( 'NONE',  ( 0.0000000000000000000, -0.0000000000000000000, -1.000000000000000000 ) ) ;
#4971 = ORIENTED_EDGE ( 'NONE', *, *, #3304, .F. ) ;
#4972 = VERTEX_POINT ( 'NONE', #4544 ) ;
#4973 = PLANE ( 'NONE',  #4094 ) ;
#4974 = AXIS2_PLACEMENT_3D ( 'NONE', #838, #2602, #1767 ) ;
#4975 = CARTESIAN_POINT ( 'NONE',  ( -0.1683179463135507900, 0.01115063833466540200, -0.02124999999999996000 ) ) ;
#4976 = DIRECTION ( 'NONE',  ( 0.06610257710436372200, -0.9978128327999003000, 0.0000000000000000000 ) ) ;
#4977 = LINE ( 'NONE', #3294, #2510 ) ;
#4978 =( NAMED_UNIT ( * ) SI_UNIT ( $, .STERADIAN. ) SOLID_ANGLE_UNIT ( ) );
#4979 = VERTEX_POINT ( 'NONE', #2008 ) ;
#4980 = ORIENTED_EDGE ( 'NONE', *, *, #5458, .T. ) ;
#4981 = CARTESIAN_POINT ( 'NONE',  ( 0.1575645640874880600, -0.0004999999999999374500, 0.1587499999999999700 ) ) ;
#4982 = ADVANCED_FACE ( 'NONE', ( #3176 ), #1657, .F. ) ;
#4983 = CARTESIAN_POINT ( 'NONE',  ( 0.1274999999999998900, 0.2585000000000000100, 0.1587500000000000000 ) ) ;
#4984 = LINE ( 'NONE', #4294, #1860 ) ;
#4985 = AXIS2_PLACEMENT_3D ( 'NONE', #302, #2419, #1205 ) ;
#4986 = DIRECTION ( 'NONE',  ( 0.9978128327999003000, 0.06610257710436372200, -0.0000000000000000000 ) ) ;
#4987 = ORIENTED_EDGE ( 'NONE', *, *, #532, .T. ) ;
#4988 = ORIENTED_EDGE ( 'NONE', *, *, #2282, .F. ) ;
#4989 = DIRECTION ( 'NONE',  ( -0.05727780436021254200, -0.8646036316403955500, 0.4991791394699025600 ) ) ;
#4990 = VERTEX_POINT ( 'NONE', #456 ) ;
#4991 = VERTEX_POINT ( 'NONE', #4693 ) ;
#4992 = VERTEX_POINT ( 'NONE', #3283 ) ;
#4993 = CARTESIAN_POINT ( 'NONE',  ( 0.1539194572176712000, 0.05452258113005163700, -0.1980245485807053400 ) ) ;
#4994 = EDGE_CURVE ( 'NONE', #5182, #3293, #1265, .T. ) ;
#4995 = AXIS2_PLACEMENT_3D ( 'NONE', #1506, #663, #3333 ) ;
#4996 = CARTESIAN_POINT ( 'NONE',  ( -0.1568430987363519400, 0.01039045869796522000, -0.04075000000000000100 ) ) ;
#4997 = EDGE_LOOP ( 'NONE', ( #5249, #948, #5089, #605 ) ) ;
#4998 = VECTOR ( 'NONE', #3656, 39.37007874015748100 ) ;
#4999 = VERTEX_POINT ( 'NONE', #4226 ) ;
#5000 = EDGE_CURVE ( 'NONE', #5286, #1369, #3183, .T. ) ;
#5001 = ORIENTED_EDGE ( 'NONE', *, *, #2659, .T. ) ;
#5002 = LINE ( 'NONE', #3741, #4325 ) ;
#5003 = DIRECTION ( 'NONE',  ( -0.0000000000000000000, 0.0000000000000000000, 1.000000000000000000 ) ) ;
#5004 = DIRECTION ( 'NONE',  ( 9.627253440664264800E-015, -1.000000000000000000, 0.0000000000000000000 ) ) ;
#5005 = CARTESIAN_POINT ( 'NONE',  ( -0.1578129921052414400, -0.004249999999999901400, -0.1550000000000000000 ) ) ;
#5006 = LINE ( 'NONE', #5194, #3870 ) ;
#5007 = DIRECTION ( 'NONE',  ( -0.9978128327999003000, 0.06610257710436372200, -0.0000000000000000000 ) ) ;
#5008 = DIRECTION ( 'NONE',  ( -0.06610257710436372200, -0.9978128327999003000, -0.0000000000000000000 ) ) ;
#5009 = VECTOR ( 'NONE', #2814, 39.37007874015748100 ) ;
#5010 = EDGE_CURVE ( 'NONE', #4607, #4954, #191, .T. ) ;
#5011 = ADVANCED_FACE ( 'NONE', ( #4574 ), #1699, .F. ) ;
#5012 = VECTOR ( 'NONE', #2168, 39.37007874015748900 ) ;
#5013 = EDGE_LOOP ( 'NONE', ( #5329, #5364, #2123, #5369 ) ) ;
#5014 = SURFACE_STYLE_USAGE ( .BOTH. , #3314 ) ;
#5015 = LINE ( 'NONE', #3243, #3876 ) ;
#5016 = CYLINDRICAL_SURFACE ( 'NONE', #4803, 0.009999999999999979400 ) ;
#5017 = CARTESIAN_POINT ( 'NONE',  ( -0.03608229377831210400, 0.3233302166230526100, -0.1815842106221010900 ) ) ;
#5018 =( CONVERSION_BASED_UNIT ( 'INCH', #3129 ) LENGTH_UNIT ( ) NAMED_UNIT ( #1940 ) );
#5019 = ORIENTED_EDGE ( 'NONE', *, *, #949, .T. ) ;
#5020 = CARTESIAN_POINT ( 'NONE',  ( -0.1469318449276434100, 0.1600000000000000000, -0.1371271324027144900 ) ) ;
#5021 = LINE ( 'NONE', #39, #5490 ) ;
#5022 = CARTESIAN_POINT ( 'NONE',  ( -0.1690062879289864800, 0.0007601796367005884500, -0.04075000000000000100 ) ) ;
#5023 = DIRECTION ( 'NONE',  ( -0.0000000000000000000, 0.0000000000000000000, 1.000000000000000000 ) ) ;
#5024 = DIRECTION ( 'NONE',  ( 9.627253440664264800E-015, 1.000000000000000000, 0.0000000000000000000 ) ) ;
#5025 = ORIENTED_EDGE ( 'NONE', *, *, #3809, .F. ) ;
#5026 = EDGE_CURVE ( 'NONE', #4146, #741, #2047, .T. ) ;
#5027 = LINE ( 'NONE', #4847, #1179 ) ;
#5028 = VECTOR ( 'NONE', #5191, 39.37007874015748900 ) ;
#5029 = DIRECTION ( 'NONE',  ( -0.0000000000000000000, -0.0000000000000000000, -1.000000000000000000 ) ) ;
#5030 = CARTESIAN_POINT ( 'NONE',  ( -0.1310470240948021800, 0.2699999999999999600, 0.07875000000000004200 ) ) ;
#5031 = DIRECTION ( 'NONE',  ( -0.0000000000000000000, 0.0000000000000000000, -1.000000000000000000 ) ) ;
#5032 = EDGE_LOOP ( 'NONE', ( #3020, #1959, #4843, #3192 ) ) ;
#5033 = EDGE_CURVE ( 'NONE', #4161, #2623, #799, .T. ) ;
#5034 = ORIENTED_EDGE ( 'NONE', *, *, #5384, .T. ) ;
#5035 = PLANE ( 'NONE',  #1158 ) ;
#5036 = CARTESIAN_POINT ( 'NONE',  ( 0.1310470240948021800, 0.2585000000000000100, 0.07875000000000004200 ) ) ;
#5037 = VECTOR ( 'NONE', #1185, 39.37007874015748100 ) ;
#5038 = ORIENTED_EDGE ( 'NONE', *, *, #1714, .T. ) ;
#5039 = PLANE ( 'NONE',  #3830 ) ;
#5040 = EDGE_CURVE ( 'NONE', #3789, #2476, #3848, .T. ) ;
#5041 = CARTESIAN_POINT ( 'NONE',  ( 0.1310470240948021800, 0.2699999999999999600, 0.07875000000000004200 ) ) ;
#5042 = DIRECTION ( 'NONE',  ( -1.000000000000000000, -9.627253440664264800E-015, -0.0000000000000000000 ) ) ;
#5043 = ORIENTED_EDGE ( 'NONE', *, *, #1396, .T. ) ;
#5044 = ORIENTED_EDGE ( 'NONE', *, *, #4384, .T. ) ;
#5045 = CARTESIAN_POINT ( 'NONE',  ( 0.1469318449276434100, 0.1600000000000000000, 0.05925000000000002500 ) ) ;
#5046 = VECTOR ( 'NONE', #2356, 39.37007874015748900 ) ;
#5047 = ORIENTED_EDGE ( 'NONE', *, *, #4488, .F. ) ;
#5048 = ORIENTED_EDGE ( 'NONE', *, *, #1059, .F. ) ;
#5049 = CARTESIAN_POINT ( 'NONE',  ( -0.1568430987363519400, 0.01039045869796522200, 0.1587499999999999700 ) ) ;
#5050 = DIRECTION ( 'NONE',  ( 0.9978128327999003000, 0.06610257710436372200, -0.0000000000000000000 ) ) ;
#5051 = LINE ( 'NONE', #4665, #1737 ) ;
#5052 = VECTOR ( 'NONE', #1953, 39.37007874015748100 ) ;
#5053 = VERTEX_POINT ( 'NONE', #5078 ) ;
#5054 = ORIENTED_EDGE ( 'NONE', *, *, #4055, .F. ) ;
#5055 = DIRECTION ( 'NONE',  ( -0.9978128327999003000, 0.06610257710436372200, -0.0000000000000000000 ) ) ;
#5056 = EDGE_CURVE ( 'NONE', #1603, #405, #3247, .T. ) ;
#5057 = AXIS2_PLACEMENT_3D ( 'NONE', #631, #4420, #3538 ) ;
#5058 = DIRECTION ( 'NONE',  ( 0.0000000000000000000, 0.0000000000000000000, 1.000000000000000000 ) ) ;
#5059 = ORIENTED_EDGE ( 'NONE', *, *, #4593, .F. ) ;
#5060 = LINE ( 'NONE', #3165, #4052 ) ;
#5061 = ORIENTED_EDGE ( 'NONE', *, *, #823, .T. ) ;
#5062 = ORIENTED_EDGE ( 'NONE', *, *, #4062, .T. ) ;
#5063 = PLANE ( 'NONE',  #2159 ) ;
#5064 = CARTESIAN_POINT ( 'NONE',  ( 0.1568430987363519400, 0.01039045869796522000, 0.1550000000000000300 ) ) ;
#5065 = LINE ( 'NONE', #2367, #3062 ) ;
#5066 = CARTESIAN_POINT ( 'NONE',  ( -0.1469318449276434100, 0.1600000000000000000, 0.04075000000000003600 ) ) ;
#5067 = ORIENTED_EDGE ( 'NONE', *, *, #5324, .F. ) ;
#5068 = LINE ( 'NONE', #4546, #4931 ) ;
#5069 = EDGE_CURVE ( 'NONE', #1114, #4979, #2381, .T. ) ;
#5070 = ADVANCED_FACE ( 'NONE', ( #1131 ), #2115, .F. ) ;
#5071 =( CONVERSION_BASED_UNIT ( 'INCH', #2374 ) LENGTH_UNIT ( ) NAMED_UNIT ( #4801 ) );
#5072 = VECTOR ( 'NONE', #3565, 39.37007874015748100 ) ;
#5073 = CARTESIAN_POINT ( 'NONE',  ( -0.1310470240948021800, 0.2485000000000000300, -0.1212499999999999700 ) ) ;
#5074 = DIRECTION ( 'NONE',  ( 0.0000000000000000000, -0.0000000000000000000, -1.000000000000000000 ) ) ;
#5075 = CARTESIAN_POINT ( 'NONE',  ( -0.1555634906104184600, 0.02970603556262510100, 0.2123523878444152400 ) ) ;
#5076 = EDGE_CURVE ( 'NONE', #1576, #2441, #2515, .T. ) ;
#5077 = LINE ( 'NONE', #4473, #1625 ) ;
#5078 = CARTESIAN_POINT ( 'NONE',  ( -0.1275000000000000000, 0.2700000000000000200, -0.1212499999999999700 ) ) ;
#5079 = CARTESIAN_POINT ( 'NONE',  ( -0.1469318449276434100, 0.1600000000000000000, 0.1787500000000000500 ) ) ;
#5080 = CARTESIAN_POINT ( 'NONE',  ( -0.1565420173799203800, 0.01493525640970793700, -0.02581474359029225400 ) ) ;
#5081 = ORIENTED_EDGE ( 'NONE', *, *, #361, .F. ) ;
#5082 = VECTOR ( 'NONE', #2997, 39.37007874015748900 ) ;
#5083 = DIRECTION ( 'NONE',  ( 0.9978128327999003000, -0.06610257710436372200, 0.0000000000000000000 ) ) ;
#5084 = VERTEX_POINT ( 'NONE', #2519 ) ;
#5085 = DIRECTION ( 'NONE',  ( -0.05727780436021254200, -0.8646036316403955500, 0.4991791394699025600 ) ) ;
#5086 = AXIS2_PLACEMENT_3D ( 'NONE', #520, #4889, #1489 ) ;
#5087 = LINE ( 'NONE', #5362, #3546 ) ;
#5088 = VECTOR ( 'NONE', #3668, 39.37007874015748900 ) ;
#5089 = ORIENTED_EDGE ( 'NONE', *, *, #224, .F. ) ;
#5090 = CARTESIAN_POINT ( 'NONE',  ( 0.1565420173799203800, 0.01493525640970793700, -0.1258147435902922700 ) ) ;
#5091 = DIRECTION ( 'NONE',  ( -0.06610257710436372200, 0.9978128327999003000, 0.0000000000000000000 ) ) ;
#5092 = VERTEX_POINT ( 'NONE', #1276 ) ;
#5093 = ADVANCED_FACE ( 'NONE', ( #1400 ), #3015, .F. ) ;
#5094 = PLANE ( 'NONE',  #136 ) ;
#5095 = FACE_OUTER_BOUND ( 'NONE', #4372, .T. ) ;
#5096 = PLANE ( 'NONE',  #2343 ) ;
#5097 = EDGE_CURVE ( 'NONE', #3843, #5527, #2316, .T. ) ;
#5098 = ORIENTED_EDGE ( 'NONE', *, *, #18, .F. ) ;
#5099 = AXIS2_PLACEMENT_3D ( 'NONE', #1225, #2039, #1298 ) ;
#5100 = CARTESIAN_POINT ( 'NONE',  ( -0.1310470240948021800, 0.2485000000000000300, -0.1212499999999999700 ) ) ;
#5101 = DIRECTION ( 'NONE',  ( 0.06610257710436372200, -0.9978128327999003000, 0.0000000000000000000 ) ) ;
#5102 = DIRECTION ( 'NONE',  ( 0.05727780436021247300, 0.8646036316403947800, 0.4991791394699038300 ) ) ;
#5103 = EDGE_LOOP ( 'NONE', ( #4446, #2769, #2420, #3657 ) ) ;
#5104 = VERTEX_POINT ( 'NONE', #2539 ) ;
#5105 = EDGE_CURVE ( 'NONE', #3907, #760, #5517, .T. ) ;
#5106 = DIRECTION ( 'NONE',  ( 0.9978128327999003000, 0.06610257710436372200, -0.0000000000000000000 ) ) ;
#5107 = ORIENTED_EDGE ( 'NONE', *, *, #532, .F. ) ;
#5108 = LINE ( 'NONE', #3730, #1588 ) ;
#5109 = DIRECTION ( 'NONE',  ( -1.000000000000000000, 0.0000000000000000000, 0.0000000000000000000 ) ) ;
#5110 = DIRECTION ( 'NONE',  ( 0.0000000000000000000, -0.0000000000000000000, -1.000000000000000000 ) ) ;
#5111 = CIRCLE ( 'NONE', #2635, 0.02149999999999997700 ) ;
#5112 = CARTESIAN_POINT ( 'NONE',  ( -2.599358428979363500E-015, 0.2700000000000012400, 0.02125000000000004700 ) ) ;
#5113 = ORIENTED_EDGE ( 'NONE', *, *, #608, .F. ) ;
#5114 = VECTOR ( 'NONE', #1848, 39.37007874015748100 ) ;
#5115 = VECTOR ( 'NONE', #1323, 39.37007874015748900 ) ;
#5116 = PLANE ( 'NONE',  #4480 ) ;
#5117 = CARTESIAN_POINT ( 'NONE',  ( -0.1683179463135507900, 0.01115063833466540200, 0.05500000000000002800 ) ) ;
#5118 = EDGE_LOOP ( 'NONE', ( #1539, #1126, #1425, #4298 ) ) ;
#5119 = ORIENTED_EDGE ( 'NONE', *, *, #2202, .F. ) ;
#5120 = CARTESIAN_POINT ( 'NONE',  ( -0.1683179463135507900, 0.01115063833466540200, -0.05499999999999997900 ) ) ;
#5121 = ADVANCED_FACE ( 'NONE', ( #5446 ), #4281, .F. ) ;
#5122 = LINE ( 'NONE', #401, #600 ) ;
#5123 = AXIS2_PLACEMENT_3D ( 'NONE', #2620, #3873, #2724 ) ;
#5124 = ORIENTED_EDGE ( 'NONE', *, *, #2218, .T. ) ;
#5125 = FACE_OUTER_BOUND ( 'NONE', #4421, .T. ) ;
#5126 = ORIENTED_EDGE ( 'NONE', *, *, #1445, .T. ) ;
#5127 = ORIENTED_EDGE ( 'NONE', *, *, #3426, .F. ) ;
#5128 = DIRECTION ( 'NONE',  ( -9.627253440664264800E-015, 1.000000000000000000, -0.0000000000000000000 ) ) ;
#5129 = DIRECTION ( 'NONE',  ( 1.000000000000000000, 9.627253440664264800E-015, 0.0000000000000000000 ) ) ;
#5130 = VECTOR ( 'NONE', #2541, 39.37007874015748100 ) ;
#5131 = VERTEX_POINT ( 'NONE', #849 ) ;
#5132 = LINE ( 'NONE', #790, #2854 ) ;
#5133 = ORIENTED_EDGE ( 'NONE', *, *, #1325, .T. ) ;
#5134 = CARTESIAN_POINT ( 'NONE',  ( -0.1683179463135507900, 0.01115063833466540200, -0.07874999999999995900 ) ) ;
#5135 =( NAMED_UNIT ( * ) SI_UNIT ( $, .STERADIAN. ) SOLID_ANGLE_UNIT ( ) );
#5136 = EDGE_CURVE ( 'NONE', #1369, #4660, #5386, .T. ) ;
#5137 = AXIS2_PLACEMENT_3D ( 'NONE', #5544, #1349, #38 ) ;
#5138 = DIRECTION ( 'NONE',  ( -0.06610257710436372200, -0.9978128327999003000, -0.0000000000000000000 ) ) ;
#5139 = LINE ( 'NONE', #3171, #3803 ) ;
#5140 = ORIENTED_EDGE ( 'NONE', *, *, #3031, .T. ) ;
#5141 = VECTOR ( 'NONE', #3144, 39.37007874015748900 ) ;
#5142 = CARTESIAN_POINT ( 'NONE',  ( 0.1699999999999999800, -0.01423982036329973400, -0.1212499999999999700 ) ) ;
#5143 = CARTESIAN_POINT ( 'NONE',  ( -0.1469318449276434100, 0.1600000000000000000, 0.1787500000000000500 ) ) ;
#5144 = VECTOR ( 'NONE', #3716, 39.37007874015748900 ) ;
#5145 = DIRECTION ( 'NONE',  ( 0.06610257710436372200, 0.9978128327999003000, 0.0000000000000000000 ) ) ;
#5146 = EDGE_CURVE ( 'NONE', #1310, #4167, #1272, .T. ) ;
#5147 = AXIS2_PLACEMENT_3D ( 'NONE', #3824, #3000, #884 ) ;
#5148 = LINE ( 'NONE', #1707, #1092 ) ;
#5149 = DIRECTION ( 'NONE',  ( 0.04679272426934458900, -0.7063322309492396900, -0.7063322309492347000 ) ) ;
#5150 = EDGE_CURVE ( 'NONE', #1663, #4660, #1594, .T. ) ;
#5151 = ORIENTED_EDGE ( 'NONE', *, *, #2994, .T. ) ;
#5152 = LINE ( 'NONE', #620, #1830 ) ;
#5153 = CARTESIAN_POINT ( 'NONE',  ( -0.1683179463135507900, 0.01115063833466540200, 0.07875000000000004200 ) ) ;
#5154 = ADVANCED_FACE ( 'NONE', ( #1004 ), #81, .T. ) ;
#5155 = LINE ( 'NONE', #3543, #4079 ) ;
#5156 = ORIENTED_EDGE ( 'NONE', *, *, #2450, .F. ) ;
#5157 = DIRECTION ( 'NONE',  ( -0.0000000000000000000, -0.0000000000000000000, -1.000000000000000000 ) ) ;
#5158 = CARTESIAN_POINT ( 'NONE',  ( 0.1310470240948021800, 0.2485000000000000300, 0.07875000000000004200 ) ) ;
#5159 = CARTESIAN_POINT ( 'NONE',  ( 0.1568430987363519400, 0.01039045869796522000, -0.1212499999999999700 ) ) ;
#5160 = AXIS2_PLACEMENT_3D ( 'NONE', #3885, #3456, #3902 ) ;
#5161 = VERTEX_POINT ( 'NONE', #4265 ) ;
#5162 = ORIENTED_EDGE ( 'NONE', *, *, #3239, .F. ) ;
#5163 = EDGE_CURVE ( 'NONE', #4606, #3585, #2837, .T. ) ;
#5164 = CARTESIAN_POINT ( 'NONE',  ( 0.1275000000000000000, 0.2700000000000000200, 0.02125000000000004700 ) ) ;
#5165 = DIRECTION ( 'NONE',  ( 0.0000000000000000000, 0.0000000000000000000, -1.000000000000000000 ) ) ;
#5166 = ORIENTED_EDGE ( 'NONE', *, *, #2491, .F. ) ;
#5167 = DIRECTION ( 'NONE',  ( 0.05727780436021247300, 0.8646036316403947800, 0.4991791394699037800 ) ) ;
#5168 = EDGE_CURVE ( 'NONE', #2695, #824, #325, .T. ) ;
#5169 = AXIS2_PLACEMENT_3D ( 'NONE', #1224, #1585, #2896 ) ;
#5170 = PLANE ( 'NONE',  #1852 ) ;
#5171 = ORIENTED_EDGE ( 'NONE', *, *, #3905, .T. ) ;
#5172 = EDGE_LOOP ( 'NONE', ( #2762, #3043, #4040, #3687 ) ) ;
#5173 = DIRECTION ( 'NONE',  ( -0.0000000000000000000, -0.0000000000000000000, -1.000000000000000000 ) ) ;
#5174 = DIRECTION ( 'NONE',  ( -0.9978128327999003000, -0.06610257710436372200, 0.0000000000000000000 ) ) ;
#5175 = CARTESIAN_POINT ( 'NONE',  ( 0.1584066925048422700, 0.1607601796367002200, -0.02124999999999996000 ) ) ;
#5176 = ADVANCED_FACE ( 'NONE', ( #1732 ), #1841, .F. ) ;
#5177 = ORIENTED_EDGE ( 'NONE', *, *, #2605, .F. ) ;
#5178 = EDGE_CURVE ( 'NONE', #1728, #2780, #116, .T. ) ;
#5179 = DIRECTION ( 'NONE',  ( 0.9978128327999003000, 0.06610257710436372200, -0.0000000000000000000 ) ) ;
#5180 = VECTOR ( 'NONE', #409, 39.37007874015748100 ) ;
#5181 = EDGE_LOOP ( 'NONE', ( #582, #4276, #3502, #2805 ) ) ;
#5182 = VERTEX_POINT ( 'NONE', #1364 ) ;
#5183 = CARTESIAN_POINT ( 'NONE',  ( -0.1310470240948021800, 0.2585000000000000100, -0.1212499999999999700 ) ) ;
#5184 = DIRECTION ( 'NONE',  ( 0.06610257710436372200, 0.9978128327999003000, 0.0000000000000000000 ) ) ;
#5185 = LINE ( 'NONE', #685, #5451 ) ;
#5186 = CARTESIAN_POINT ( 'NONE',  ( -0.1683179463135507900, 0.01115063833466540200, -0.07874999999999995900 ) ) ;
#5187 = VECTOR ( 'NONE', #3427, 39.37007874015747400 ) ;
#5188 = VERTEX_POINT ( 'NONE', #3948 ) ;
#5189 = CARTESIAN_POINT ( 'NONE',  ( -0.1451100394641186300, 0.1874999999999999700, -0.02124999999999996000 ) ) ;
#5190 = EDGE_CURVE ( 'NONE', #4540, #3271, #3976, .T. ) ;
#5191 = DIRECTION ( 'NONE',  ( -0.9978128327999003000, 0.06610257710436372200, -0.0000000000000000000 ) ) ;
#5192 = CARTESIAN_POINT ( 'NONE',  ( 0.1699173094933273700, -0.01299161413106121900, 0.1545017937677614600 ) ) ;
#5193 = FACE_OUTER_BOUND ( 'NONE', #1746, .T. ) ;
#5194 = CARTESIAN_POINT ( 'NONE',  ( -0.1310470240948021800, 0.2699999999999999600, 0.02125000000000004700 ) ) ;
#5195 = DIRECTION ( 'NONE',  ( 0.0000000000000000000, 0.0000000000000000000, 1.000000000000000000 ) ) ;
#5196 = VERTEX_POINT ( 'NONE', #3484 ) ;
#5197 = LINE ( 'NONE', #17, #4655 ) ;
#5198 = ORIENTED_EDGE ( 'NONE', *, *, #2626, .F. ) ;
#5199 = ORIENTED_EDGE ( 'NONE', *, *, #3648, .F. ) ;
#5200 = LINE ( 'NONE', #2848, #1538 ) ;
#5201 = AXIS2_PLACEMENT_3D ( 'NONE', #1882, #995, #1813 ) ;
#5202 = FACE_OUTER_BOUND ( 'NONE', #1063, .T. ) ;
#5203 = LINE ( 'NONE', #5159, #4534 ) ;
#5204 = CARTESIAN_POINT ( 'NONE',  ( 0.1275000000000000000, 0.2700000000000000200, -0.07874999999999995900 ) ) ;
#5205 = ADVANCED_FACE ( 'NONE', ( #2179 ), #3933, .T. ) ;
#5206 = VECTOR ( 'NONE', #3421, 39.37007874015748100 ) ;
#5207 = EDGE_CURVE ( 'NONE', #1870, #2859, #730, .T. ) ;
#5208 = AXIS2_PLACEMENT_3D ( 'NONE', #3911, #3471, #2130 ) ;
#5209 = CARTESIAN_POINT ( 'NONE',  ( -0.1469318449276434100, 0.1600000000000000000, -0.1371271324027144900 ) ) ;
#5210 = EDGE_LOOP ( 'NONE', ( #1811, #1132, #1933, #4919 ) ) ;
#5211 = DIRECTION ( 'NONE',  ( 0.0000000000000000000, -0.0000000000000000000, -1.000000000000000000 ) ) ;
#5212 = CARTESIAN_POINT ( 'NONE',  ( -0.1310470240948021800, 0.2699999999999999600, 0.1787500000000000500 ) ) ;
#5213 = UNCERTAINTY_MEASURE_WITH_UNIT (LENGTH_MEASURE( 1.000000000000000100E-005 ), #2140, 'distance_accuracy_value', 'NONE');
#5214 = PLANE ( 'NONE',  #4626 ) ;
#5215 = VERTEX_POINT ( 'NONE', #3909 ) ;
#5216 = EDGE_CURVE ( 'NONE', #5224, #2581, #3383, .T. ) ;
#5217 = FACE_OUTER_BOUND ( 'NONE', #1328, .T. ) ;
#5218 = EDGE_LOOP ( 'NONE', ( #941, #3423, #4779, #3444 ) ) ;
#5219 = SURFACE_SIDE_STYLE ('',( #3720 ) ) ;
#5220 = VERTEX_POINT ( 'NONE', #935 ) ;
#5221 = LINE ( 'NONE', #3305, #5416 ) ;
#5222 = VECTOR ( 'NONE', #5466, 39.37007874015748900 ) ;
#5223 = LINE ( 'NONE', #4644, #2946 ) ;
#5224 = VERTEX_POINT ( 'NONE', #5204 ) ;
#5225 = PLANE ( 'NONE',  #1229 ) ;
#5226 = PLANE ( 'NONE',  #4045 ) ;
#5227 = DIRECTION ( 'NONE',  ( 0.9978128327999003000, 0.06610257710436372200, -0.0000000000000000000 ) ) ;
#5228 = ORIENTED_EDGE ( 'NONE', *, *, #2527, .T. ) ;
#5229 = CARTESIAN_POINT ( 'NONE',  ( -0.1275000000000000000, 0.2700000000000000200, -0.1212499999999999700 ) ) ;
#5230 = DIRECTION ( 'NONE',  ( -0.06610257710436372200, 0.9978128327999003000, 0.0000000000000000000 ) ) ;
#5231 = DIRECTION ( 'NONE',  ( 0.0000000000000000000, 0.0000000000000000000, -1.000000000000000000 ) ) ;
#5232 = DIRECTION ( 'NONE',  ( -0.06610257710436372200, 0.9978128327999003000, 0.0000000000000000000 ) ) ;
#5233 = ADVANCED_FACE ( 'NONE', ( #1986 ), #512, .T. ) ;
#5234 = ORIENTED_EDGE ( 'NONE', *, *, #509, .T. ) ;
#5235 = PLANE ( 'NONE',  #1089 ) ;
#5236 = DIRECTION ( 'NONE',  ( -1.000000000000000000, 0.0000000000000000000, 0.0000000000000000000 ) ) ;
#5237 = EDGE_CURVE ( 'NONE', #2324, #288, #869, .T. ) ;
#5238 = VERTEX_POINT ( 'NONE', #4352 ) ;
#5239 = EDGE_LOOP ( 'NONE', ( #2690, #2191, #3296, #4367, #2376, #924, #2151, #1653, #1394, #934, #5019, #2955, #1503, #2980 ) ) ;
#5240 = AXIS2_PLACEMENT_3D ( 'NONE', #5405, #3695, #230 ) ;
#5241 = CARTESIAN_POINT ( 'NONE',  ( 2.599358428979363500E-015, 0.2700000000000012400, -0.02124999999999996000 ) ) ;
#5242 = ORIENTED_EDGE ( 'NONE', *, *, #3147, .T. ) ;
#5243 = DIRECTION ( 'NONE',  ( 0.0000000000000000000, 0.0000000000000000000, 1.000000000000000000 ) ) ;
#5244 = DIRECTION ( 'NONE',  ( -0.06610257710436372200, 0.9978128327999003000, 1.064794134897212500E-016 ) ) ;
#5245 = EDGE_CURVE ( 'NONE', #4575, #5182, #5254, .T. ) ;
#5246 = AXIS2_PLACEMENT_3D ( 'NONE', #1620, #4595, #780 ) ;
#5247 = PLANE ( 'NONE',  #5201 ) ;
#5248 = VECTOR ( 'NONE', #2384, 39.37007874015748900 ) ;
#5249 = ORIENTED_EDGE ( 'NONE', *, *, #301, .T. ) ;
#5250 = VERTEX_POINT ( 'NONE', #113 ) ;
#5251 = DIRECTION ( 'NONE',  ( 0.08682659386424780600, 0.9924325091389671900, -0.08682659386424780600 ) ) ;
#5252 = LINE ( 'NONE', #5212, #1065 ) ;
#5253 = DIRECTION ( 'NONE',  ( -1.000000000000000000, -9.627253440664264800E-015, 0.0000000000000000000 ) ) ;
#5254 = LINE ( 'NONE', #3524, #594 ) ;
#5255 = EDGE_CURVE ( 'NONE', #2869, #4108, #4984, .T. ) ;
#5256 = ORIENTED_EDGE ( 'NONE', *, *, #5305, .T. ) ;
#5257 = ORIENTED_EDGE ( 'NONE', *, *, #3918, .T. ) ;
#5258 = VECTOR ( 'NONE', #1528, 39.37007874015748900 ) ;
#5259 = ORIENTED_EDGE ( 'NONE', *, *, #579, .T. ) ;
#5260 = VECTOR ( 'NONE', #1402, 39.37007874015748900 ) ;
#5261 = EDGE_LOOP ( 'NONE', ( #2126, #844, #2411, #2656 ) ) ;
#5262 = DIRECTION ( 'NONE',  ( 0.04679272426934458900, -0.7063322309492396900, -0.7063322309492347000 ) ) ;
#5263 = ADVANCED_FACE ( 'NONE', ( #4111 ), #3311, .T. ) ;
#5264 = LINE ( 'NONE', #440, #3927 ) ;
#5265 = AXIS2_PLACEMENT_3D ( 'NONE', #10, #3939, #3534 ) ;
#5266 = ORIENTED_EDGE ( 'NONE', *, *, #3133, .F. ) ;
#5267 = VECTOR ( 'NONE', #4487, 39.37007874015748900 ) ;
#5268 = ORIENTED_EDGE ( 'NONE', *, *, #3426, .T. ) ;
#5269 = DIRECTION ( 'NONE',  ( 0.0000000000000000000, -0.0000000000000000000, -1.000000000000000000 ) ) ;
#5270 =( NAMED_UNIT ( * ) SI_UNIT ( $, .STERADIAN. ) SOLID_ANGLE_UNIT ( ) );
#5271 = VECTOR ( 'NONE', #3158, 39.37007874015748100 ) ;
#5272 = EDGE_CURVE ( 'NONE', #4166, #998, #2706, .T. ) ;
#5273 = LINE ( 'NONE', #2473, #4061 ) ;
#5274 = DIRECTION ( 'NONE',  ( 0.06610257710436373600, -0.9978128327999003000, 0.0000000000000000000 ) ) ;
#5275 = VERTEX_POINT ( 'NONE', #1064 ) ;
#5276 = DIRECTION ( 'NONE',  ( 0.0000000000000000000, 0.0000000000000000000, 1.000000000000000000 ) ) ;
#5277 = LINE ( 'NONE', #612, #219 ) ;
#5278 = EDGE_CURVE ( 'NONE', #1654, #2883, #469, .T. ) ;
#5279 = DIRECTION ( 'NONE',  ( -0.0000000000000000000, 0.0000000000000000000, 1.000000000000000000 ) ) ;
#5280 = ORIENTED_EDGE ( 'NONE', *, *, #786, .F. ) ;
#5281 = VECTOR ( 'NONE', #1580, 39.37007874015748100 ) ;
#5282 = LINE ( 'NONE', #4193, #3412 ) ;
#5283 = CARTESIAN_POINT ( 'NONE',  ( 0.1525000000000000200, 0.2499212054077438500, 0.02125000000000004700 ) ) ;
#5284 = DIRECTION ( 'NONE',  ( 0.0000000000000000000, -0.0000000000000000000, -1.000000000000000000 ) ) ;
#5285 = EDGE_CURVE ( 'NONE', #2948, #3903, #4842, .T. ) ;
#5286 = VERTEX_POINT ( 'NONE', #211 ) ;
#5287 = ADVANCED_FACE ( 'NONE', ( #4778 ), #4389, .F. ) ;
#5288 = VECTOR ( 'NONE', #2279, 39.37007874015748100 ) ;
#5289 = CARTESIAN_POINT ( 'NONE',  ( -2.599358428979363500E-015, 0.2700000000000012400, -0.07874999999999995900 ) ) ;
#5290 = PLANE ( 'NONE',  #1983 ) ;
#5291 = PLANE ( 'NONE',  #3232 ) ;
#5292 = ORIENTED_EDGE ( 'NONE', *, *, #5494, .F. ) ;
#5293 = ADVANCED_FACE ( 'NONE', ( #2973 ), #3187, .T. ) ;
#5294 = CIRCLE ( 'NONE', #1490, 0.03324886876659954200 ) ;
#5295 = DIRECTION ( 'NONE',  ( 0.0000000000000000000, 0.0000000000000000000, 1.000000000000000000 ) ) ;
#5296 = EDGE_CURVE ( 'NONE', #4606, #4630, #4567, .T. ) ;
#5297 = ORIENTED_EDGE ( 'NONE', *, *, #1968, .T. ) ;
#5298 = CARTESIAN_POINT ( 'NONE',  ( 0.1539194572176712000, 0.05452258113005163700, -0.1980245485807053400 ) ) ;
#5299 = VERTEX_POINT ( 'NONE', #1481 ) ;
#5300 = DIRECTION ( 'NONE',  ( -0.05727780436021254200, -0.8646036316403955500, 0.4991791394699025600 ) ) ;
#5301 = CARTESIAN_POINT ( 'NONE',  ( 0.1310470240948021800, 0.2699999999999999600, -0.1212499999999999700 ) ) ;
#5302 = CARTESIAN_POINT ( 'NONE',  ( -0.1222506801884445500, 0.3300000000000000200, 0.0000000000000000000 ) ) ;
#5303 = ORIENTED_EDGE ( 'NONE', *, *, #4957, .T. ) ;
#5304 = CARTESIAN_POINT ( 'NONE',  ( 2.488645014411724400E-015, 0.2585000000000012300, -0.1212499999999999700 ) ) ;
#5305 = EDGE_CURVE ( 'NONE', #2040, #2853, #1203, .T. ) ;
#5306 = ORIENTED_EDGE ( 'NONE', *, *, #452, .F. ) ;
#5307 = ORIENTED_EDGE ( 'NONE', *, *, #281, .T. ) ;
#5308 = ADVANCED_FACE ( 'NONE', ( #2579 ), #4406, .F. ) ;
#5309 = CYLINDRICAL_SURFACE ( 'NONE', #5169, 0.02149999999999997700 ) ;
#5310 = SHAPE_DEFINITION_REPRESENTATION ( #2889, #2907 ) ;
#5311 = ORIENTED_EDGE ( 'NONE', *, *, #2535, .T. ) ;
#5312 = VERTEX_POINT ( 'NONE', #1084 ) ;
#5313 = EDGE_CURVE ( 'NONE', #2623, #2404, #3178, .T. ) ;
#5314 = AXIS2_PLACEMENT_3D ( 'NONE', #2751, #591, #5276 ) ;
#5315 = CARTESIAN_POINT ( 'NONE',  ( -0.1683179463135507900, 0.01115063833466540200, -0.1212499999999999700 ) ) ;
#5316 = LINE ( 'NONE', #2116, #189 ) ;
#5317 =( LENGTH_UNIT ( ) NAMED_UNIT ( * ) SI_UNIT ( $, .METRE. ) );
#5318 = LINE ( 'NONE', #2824, #5052 ) ;
#5319 = DIRECTION ( 'NONE',  ( 0.04679272426934458900, -0.7063322309492396900, -0.7063322309492347000 ) ) ;
#5320 = ORIENTED_EDGE ( 'NONE', *, *, #3025, .F. ) ;
#5321 = ORIENTED_EDGE ( 'NONE', *, *, #5178, .F. ) ;
#5322 = CARTESIAN_POINT ( 'NONE',  ( -0.1683179463135507900, 0.01115063833466540200, -0.1550000000000000000 ) ) ;
#5323 = LINE ( 'NONE', #1809, #2590 ) ;
#5324 = EDGE_CURVE ( 'NONE', #3903, #5348, #2644, .T. ) ;
#5325 = ORIENTED_EDGE ( 'NONE', *, *, #2851, .F. ) ;
#5326 = VECTOR ( 'NONE', #2613, 39.37007874015748900 ) ;
#5327 =( NAMED_UNIT ( * ) SI_UNIT ( $, .STERADIAN. ) SOLID_ANGLE_UNIT ( ) );
#5328 = ORIENTED_EDGE ( 'NONE', *, *, #18, .T. ) ;
#5329 = ORIENTED_EDGE ( 'NONE', *, *, #656, .T. ) ;
#5330 = LINE ( 'NONE', #3878, #1144 ) ;
#5331 = CARTESIAN_POINT ( 'NONE',  ( 0.1525000000000000200, 0.2499212054077438500, -0.07874999999999995900 ) ) ;
#5332 = ORIENTED_EDGE ( 'NONE', *, *, #4476, .F. ) ;
#5333 = LINE ( 'NONE', #5301, #2717 ) ;
#5334 = CARTESIAN_POINT ( 'NONE',  ( -0.1310470240948021800, 0.2699999999999999600, -0.02124999999999996000 ) ) ;
#5335 = PLANE ( 'NONE',  #2561 ) ;
#5336 = LINE ( 'NONE', #2967, #2860 ) ;
#5337 = COLOUR_RGB ( '',0.2509803921568627400, 0.2509803921568627400, 0.2509803921568627400 ) ;
#5338 = CARTESIAN_POINT ( 'NONE',  ( 2.599358428979363500E-015, 0.2700000000000012400, -0.1212499999999999700 ) ) ;
#5339 = CARTESIAN_POINT ( 'NONE',  ( 0.1584424619161284900, -0.01375179376776140100, -0.04549820623223850600 ) ) ;
#5340 = DIMENSIONAL_EXPONENTS ( 1.000000000000000000, 0.0000000000000000000, 0.0000000000000000000, 0.0000000000000000000, 0.0000000000000000000, 0.0000000000000000000, 0.0000000000000000000 ) ;
#5341 = EDGE_CURVE ( 'NONE', #1310, #1715, #3644, .T. ) ;
#5342 = EDGE_LOOP ( 'NONE', ( #3044, #5387, #1551, #3125, #4153, #4828, #2432, #4074, #5107, #4717, #5047 ) ) ;
#5343 = LINE ( 'NONE', #5367, #2477 ) ;
#5344 = DIRECTION ( 'NONE',  ( -0.06610257710436373600, -0.9978128327999003000, 0.0000000000000000000 ) ) ;
#5345 = VECTOR ( 'NONE', #1414, 39.37007874015748100 ) ;
#5346 = CARTESIAN_POINT ( 'NONE',  ( 0.1575314403517876200, 7.896748106685761000E-017, 0.1407500000000000400 ) ) ;
#5347 = ADVANCED_FACE ( 'NONE', ( #932 ), #4824, .T. ) ;
#5348 = VERTEX_POINT ( 'NONE', #615 ) ;
#5349 = CARTESIAN_POINT ( 'NONE',  ( 0.1683179463135507900, 0.01115063833466540200, -0.07874999999999995900 ) ) ;
#5350 = EDGE_CURVE ( 'NONE', #1261, #2781, #110, .T. ) ;
#5351 = VECTOR ( 'NONE', #2188, 39.37007874015748900 ) ;
#5352 = AXIS2_PLACEMENT_3D ( 'NONE', #4069, #4029, #1552 ) ;
#5353 = DIRECTION ( 'NONE',  ( 0.0000000000000000000, 0.0000000000000000000, 1.000000000000000000 ) ) ;
#5354 = VECTOR ( 'NONE', #2400, 39.37007874015748100 ) ;
#5355 = FACE_OUTER_BOUND ( 'NONE', #2569, .T. ) ;
#5356 = ORIENTED_EDGE ( 'NONE', *, *, #4014, .T. ) ;
#5357 = CARTESIAN_POINT ( 'NONE',  ( 2.488645014411724400E-015, 0.2585000000000012300, 0.07875000000000004200 ) ) ;
#5358 = DIRECTION ( 'NONE',  ( 0.06610257710436372200, -0.9978128327999003000, -0.0000000000000000000 ) ) ;
#5359 = EDGE_CURVE ( 'NONE', #449, #4258, #589, .T. ) ;
#5360 = ORIENTED_EDGE ( 'NONE', *, *, #4408, .T. ) ;
#5361 = CARTESIAN_POINT ( 'NONE',  ( -0.1699999999999999800, -0.01423982036329964400, -0.05499999999999997900 ) ) ;
#5362 = CARTESIAN_POINT ( 'NONE',  ( -0.1275000000000000000, 0.2700000000000000200, 0.07875000000000004200 ) ) ;
#5363 = DIRECTION ( 'NONE',  ( 0.9978128327999003000, 0.06610257710436372200, -0.0000000000000000000 ) ) ;
#5364 = ORIENTED_EDGE ( 'NONE', *, *, #3442, .T. ) ;
#5365 = ADVANCED_FACE ( 'NONE', ( #1517 ), #1981, .F. ) ;
#5366 = AXIS2_PLACEMENT_3D ( 'NONE', #3121, #3552, #1055 ) ;
#5367 = CARTESIAN_POINT ( 'NONE',  ( 0.1683179463135507900, 0.01115063833466540200, -0.05924999999999996900 ) ) ;
#5368 = DIRECTION ( 'NONE',  ( 1.000000000000000000, 0.0000000000000000000, 0.0000000000000000000 ) ) ;
#5369 = ORIENTED_EDGE ( 'NONE', *, *, #727, .F. ) ;
#5370 = ORIENTED_EDGE ( 'NONE', *, *, #4633, .T. ) ;
#5371 = CARTESIAN_POINT ( 'NONE',  ( -0.1699999999999999800, -0.01423982036329973400, 0.1787500000000000500 ) ) ;
#5372 = DIRECTION ( 'NONE',  ( -0.06610257710436372200, -0.9978128327999003000, -0.0000000000000000000 ) ) ;
#5373 = ORIENTED_EDGE ( 'NONE', *, *, #1050, .T. ) ;
#5374 = ORIENTED_EDGE ( 'NONE', *, *, #906, .T. ) ;
#5375 = DIRECTION ( 'NONE',  ( 0.04669038075761903400, -0.7047873642613292600, 0.7078804839252718100 ) ) ;
#5376 = AXIS2_PLACEMENT_3D ( 'NONE', #2611, #3061, #529 ) ;
#5377 = PLANE ( 'NONE',  #712 ) ;
#5378 = LENGTH_MEASURE_WITH_UNIT ( LENGTH_MEASURE( 0.02539999999999999900 ), #3737 );
#5379 = CARTESIAN_POINT ( 'NONE',  ( 0.1310470240948021800, 0.2485000000000000300, 0.02125000000000004700 ) ) ;
#5380 = ORIENTED_EDGE ( 'NONE', *, *, #5069, .F. ) ;
#5381 = ORIENTED_EDGE ( 'NONE', *, *, #2904, .F. ) ;
#5382 = DIRECTION ( 'NONE',  ( -1.000000000000000000, -9.627253440664264800E-015, 0.0000000000000000000 ) ) ;
#5383 = DIRECTION ( 'NONE',  ( 0.06610257710436372200, -0.9978128327999003000, 0.0000000000000000000 ) ) ;
#5384 = EDGE_CURVE ( 'NONE', #4230, #5519, #3906, .T. ) ;
#5385 = LINE ( 'NONE', #5192, #5443 ) ;
#5386 = LINE ( 'NONE', #5134, #4370 ) ;
#5387 = ORIENTED_EDGE ( 'NONE', *, *, #1408, .T. ) ;
#5388 = ORIENTED_EDGE ( 'NONE', *, *, #3742, .F. ) ;
#5389 = CARTESIAN_POINT ( 'NONE',  ( -0.1275000000000000000, 0.2700000000000000200, 0.1212500000000000400 ) ) ;
#5390 = CARTESIAN_POINT ( 'NONE',  ( -0.1683179463135507900, 0.01115063833466540200, -0.04499999999999998400 ) ) ;
#5391 = CARTESIAN_POINT ( 'NONE',  ( 0.1568430987363519400, 0.01039045869796522000, -0.1449999999999999900 ) ) ;
#5392 = LINE ( 'NONE', #3229, #4713 ) ;
#5393 = VERTEX_POINT ( 'NONE', #1512 ) ;
#5394 = VECTOR ( 'NONE', #5106, 39.37007874015748900 ) ;
#5395 = EDGE_CURVE ( 'NONE', #2593, #4575, #2969, .T. ) ;
#5396 = EDGE_LOOP ( 'NONE', ( #3036, #1207, #1066, #3278 ) ) ;
#5397 = CARTESIAN_POINT ( 'NONE',  ( 0.1680168649571192300, 0.01569543604640812100, 0.07418525640970775900 ) ) ;
#5398 = DIRECTION ( 'NONE',  ( 1.000000000000000000, -9.627253440664264800E-015, 0.0000000000000000000 ) ) ;
#5399 = CARTESIAN_POINT ( 'NONE',  ( -0.1275000000000000000, 0.2585000000000000100, -0.1862500000000000000 ) ) ;
#5400 = CARTESIAN_POINT ( 'NONE',  ( 0.1310470240948021800, 0.2485000000000000300, -0.07874999999999995900 ) ) ;
#5401 = ADVANCED_FACE ( 'NONE', ( #1392 ), #1560, .T. ) ;
#5402 = EDGE_LOOP ( 'NONE', ( #3231, #726, #2109, #335 ) ) ;
#5403 = LINE ( 'NONE', #300, #1747 ) ;
#5404 = EDGE_LOOP ( 'NONE', ( #2065, #3572, #1842, #3073 ) ) ;
#5405 = CARTESIAN_POINT ( 'NONE',  ( 0.1275000000000000000, 0.2700000000000000200, 0.07875000000000004200 ) ) ;
#5406 = EDGE_LOOP ( 'NONE', ( #2640, #5455, #1313, #1669 ) ) ;
#5407 = CARTESIAN_POINT ( 'NONE',  ( 0.1469318449276434100, 0.1600000000000000000, 0.07875000000000004200 ) ) ;
#5408 = VECTOR ( 'NONE', #4286, 39.37007874015748900 ) ;
#5409 = LINE ( 'NONE', #1960, #4602 ) ;
#5410 = DIRECTION ( 'NONE',  ( -0.06610257710436372200, -0.9978128327999003000, -0.0000000000000000000 ) ) ;
#5411 = AXIS2_PLACEMENT_3D ( 'NONE', #2423, #1187, #4130 ) ;
#5412 = LINE ( 'NONE', #914, #2478 ) ;
#5413 = CARTESIAN_POINT ( 'NONE',  ( 0.1584424619161284900, -0.01375179376776140100, 0.1545017937677614600 ) ) ;
#5414 = DIRECTION ( 'NONE',  ( -0.0000000000000000000, -0.0000000000000000000, -1.000000000000000000 ) ) ;
#5415 = ORIENTED_EDGE ( 'NONE', *, *, #5500, .T. ) ;
#5416 = VECTOR ( 'NONE', #1614, 39.37007874015748900 ) ;
#5417 = LINE ( 'NONE', #1929, #4274 ) ;
#5418 = EDGE_CURVE ( 'NONE', #3184, #3544, #3040, .T. ) ;
#5419 = AXIS2_PLACEMENT_3D ( 'NONE', #2521, #2928, #377 ) ;
#5420 = DIRECTION ( 'NONE',  ( 1.000000000000000000, 0.0000000000000000000, 0.0000000000000000000 ) ) ;
#5421 = ORIENTED_EDGE ( 'NONE', *, *, #1508, .F. ) ;
#5422 = CARTESIAN_POINT ( 'NONE',  ( 0.1699999999999999800, -0.01423982036329973400, -0.02124999999999996000 ) ) ;
#5423 = VECTOR ( 'NONE', #2714, 39.37007874015748100 ) ;
#5424 = DIRECTION ( 'NONE',  ( 0.0000000000000000000, -0.0000000000000000000, -1.000000000000000000 ) ) ;
#5425 = EDGE_CURVE ( 'NONE', #1297, #4654, #800, .T. ) ;
#5426 = ORIENTED_EDGE ( 'NONE', *, *, #3728, .T. ) ;
#5427 = VERTEX_POINT ( 'NONE', #306 ) ;
#5428 = DIRECTION ( 'NONE',  ( 1.000000000000000000, -9.627253440664264800E-015, 0.0000000000000000000 ) ) ;
#5429 = ADVANCED_FACE ( 'NONE', ( #1917 ), #4057, .F. ) ;
#5430 = EDGE_CURVE ( 'NONE', #545, #3843, #4771, .T. ) ;
#5431 = ORIENTED_EDGE ( 'NONE', *, *, #5313, .T. ) ;
#5432 = CARTESIAN_POINT ( 'NONE',  ( -0.1275000000000000000, 0.2700000000000000200, -0.1587500000000000000 ) ) ;
#5433 = DIRECTION ( 'NONE',  ( -9.627253440664264800E-015, -1.000000000000000000, 0.0000000000000000000 ) ) ;
#5434 = VECTOR ( 'NONE', #713, 39.37007874015748100 ) ;
#5435 = ORIENTED_EDGE ( 'NONE', *, *, #3567, .T. ) ;
#5436 = AXIS2_PLACEMENT_3D ( 'NONE', #4936, #2378, #5383 ) ;
#5437 = CIRCLE ( 'NONE', #20, 0.02149999999999997700 ) ;
#5438 = PLANE ( 'NONE',  #1531 ) ;
#5439 = DIRECTION ( 'NONE',  ( 0.08715574274765836000, -0.9961946980917454300, 0.0000000000000000000 ) ) ;
#5440 = ORIENTED_EDGE ( 'NONE', *, *, #4238, .F. ) ;
#5441 = EDGE_LOOP ( 'NONE', ( #5081, #4502, #1486, #595 ) ) ;
#5442 = DIRECTION ( 'NONE',  ( -0.9978128327999003000, 0.06610257710436372200, -0.0000000000000000000 ) ) ;
#5443 = VECTOR ( 'NONE', #4395, 39.37007874015748900 ) ;
#5444 = DIRECTION ( 'NONE',  ( -0.06610257710436372200, 0.9978128327999003000, 0.0000000000000000000 ) ) ;
#5445 = EDGE_CURVE ( 'NONE', #1596, #980, #4977, .T. ) ;
#5446 = FACE_OUTER_BOUND ( 'NONE', #3096, .T. ) ;
#5447 = DIRECTION ( 'NONE',  ( 0.03299702755569924900, 0.4980873512290812100, -0.8664988094152733500 ) ) ;
#5448 = DIRECTION ( 'NONE',  ( -1.000000000000000000, 0.0000000000000000000, 0.0000000000000000000 ) ) ;
#5449 = ORIENTED_EDGE ( 'NONE', *, *, #4882, .F. ) ;
#5450 = VERTEX_POINT ( 'NONE', #740 ) ;
#5451 = VECTOR ( 'NONE', #4489, 39.37007874015748100 ) ;
#5452 = DIRECTION ( 'NONE',  ( 0.0000000000000000000, -0.0000000000000000000, -1.000000000000000000 ) ) ;
#5453 = FACE_OUTER_BOUND ( 'NONE', #4244, .T. ) ;
#5454 = CARTESIAN_POINT ( 'NONE',  ( 0.1584066925048422700, 0.1607601796367002200, -0.04074999999999998800 ) ) ;
#5455 = ORIENTED_EDGE ( 'NONE', *, *, #1787, .F. ) ;
#5456 = ORIENTED_EDGE ( 'NONE', *, *, #5350, .F. ) ;
#5457 = CARTESIAN_POINT ( 'NONE',  ( -0.1469318449276434100, 0.1600000000000000000, 0.07875000000000004200 ) ) ;
#5458 = EDGE_CURVE ( 'NONE', #2639, #4591, #4500, .T. ) ;
#5459 = ADVANCED_FACE ( 'NONE', ( #3507 ), #328, .F. ) ;
#5460 = LINE ( 'NONE', #2163, #5522 ) ;
#5461 = CARTESIAN_POINT ( 'NONE',  ( -0.1310470240948021800, 0.2699999999999999600, 0.1212500000000000400 ) ) ;
#5462 = ORIENTED_EDGE ( 'NONE', *, *, #556, .T. ) ;
#5463 = LINE ( 'NONE', #2998, #1278 ) ;
#5464 = ORIENTED_EDGE ( 'NONE', *, *, #2075, .F. ) ;
#5465 = EDGE_LOOP ( 'NONE', ( #2256, #5321, #3837, #3258 ) ) ;
#5466 = DIRECTION ( 'NONE',  ( -0.9978128327999003000, -0.06610257710436373600, 0.0000000000000000000 ) ) ;
#5467 = FILL_AREA_STYLE ('',( #4573 ) ) ;
#5468 = LINE ( 'NONE', #1244, #3987 ) ;
#5469 = EDGE_CURVE ( 'NONE', #2317, #4258, #3703, .T. ) ;
#5470 = ORIENTED_EDGE ( 'NONE', *, *, #4092, .T. ) ;
#5471 = VECTOR ( 'NONE', #4360, 39.37007874015748100 ) ;
#5472 = PLANE ( 'NONE',  #5419 ) ;
#5473 = DIRECTION ( 'NONE',  ( 1.000000000000000000, -0.0000000000000000000, -0.0000000000000000000 ) ) ;
#5474 = PLANE ( 'NONE',  #1680 ) ;
#5475 = VECTOR ( 'NONE', #3335, 39.37007874015748100 ) ;
#5476 = VECTOR ( 'NONE', #3007, 39.37007874015748900 ) ;
#5477 = PLANE ( 'NONE',  #4653 ) ;
#5478 = CARTESIAN_POINT ( 'NONE',  ( 0.1692878396824403200, -0.003489820363299746400, 0.1550000000000000300 ) ) ;
#5479 = FACE_OUTER_BOUND ( 'NONE', #2261, .T. ) ;
#5480 = DIRECTION ( 'NONE',  ( 0.06610257710436372200, -0.9978128327999003000, 0.0000000000000000000 ) ) ;
#5481 = EDGE_CURVE ( 'NONE', #5104, #766, #5111, .T. ) ;
#5482 = ORIENTED_EDGE ( 'NONE', *, *, #93, .T. ) ;
#5483 = FACE_OUTER_BOUND ( 'NONE', #5032, .T. ) ;
#5484 = FACE_OUTER_BOUND ( 'NONE', #3767, .T. ) ;
#5485 = CARTESIAN_POINT ( 'NONE',  ( 0.1275000000000000000, 0.2700000000000000200, -0.1212499999999999700 ) ) ;
#5486 = CARTESIAN_POINT ( 'NONE',  ( 0.1683179463135507900, 0.01115063833466540200, 0.1550000000000000300 ) ) ;
#5487 = ORIENTED_EDGE ( 'NONE', *, *, #3531, .T. ) ;
#5488 = DIRECTION ( 'NONE',  ( -0.0000000000000000000, 0.0000000000000000000, 1.000000000000000000 ) ) ;
#5489 = ADVANCED_FACE ( 'NONE', ( #4909 ), #707, .F. ) ;
#5490 = VECTOR ( 'NONE', #24, 39.37007874015748900 ) ;
#5491 = DIRECTION ( 'NONE',  ( -1.000000000000000000, 9.627253440664264800E-015, 0.0000000000000000000 ) ) ;
#5492 = CARTESIAN_POINT ( 'NONE',  ( -0.1568430987363519400, 0.01039045869796522000, -0.02124999999999996000 ) ) ;
#5493 = ORIENTED_EDGE ( 'NONE', *, *, #4087, .F. ) ;
#5494 = EDGE_CURVE ( 'NONE', #2290, #457, #3108, .T. ) ;
#5495 = DIRECTION ( 'NONE',  ( 0.0000000000000000000, 0.0000000000000000000, -1.000000000000000000 ) ) ;
#5496 = CARTESIAN_POINT ( 'NONE',  ( 2.488645014411724400E-015, 0.2585000000000012300, -0.02124999999999996000 ) ) ;
#5497 = CARTESIAN_POINT ( 'NONE',  ( -0.1584066925048422700, 0.1607601796367002200, -0.03712713240271448000 ) ) ;
#5498 = ORIENTED_EDGE ( 'NONE', *, *, #2469, .F. ) ;
#5499 = APPLICATION_PROTOCOL_DEFINITION ( 'draft international standard', 'automotive_design', 1998, #2092 ) ;
#5500 = EDGE_CURVE ( 'NONE', #577, #3489, #2831, .T. ) ;
#5501 = DIRECTION ( 'NONE',  ( -0.08715574274765836000, 0.9961946980917454300, 0.0000000000000000000 ) ) ;
#5502 = CARTESIAN_POINT ( 'NONE',  ( 0.0000000000000000000, 0.3300000000000000200, 0.0000000000000000000 ) ) ;
#5503 = CARTESIAN_POINT ( 'NONE',  ( -2.599358428979363500E-015, 0.2700000000000012400, 0.1212500000000000400 ) ) ;
#5504 = DIRECTION ( 'NONE',  ( 0.06610257710436372200, -0.9978128327999003000, -0.0000000000000000000 ) ) ;
#5505 = ORIENTED_EDGE ( 'NONE', *, *, #2227, .T. ) ;
#5506 = DIRECTION ( 'NONE',  ( -1.000000000000000000, -9.627253440664264800E-015, 0.0000000000000000000 ) ) ;
#5507 = CARTESIAN_POINT ( 'NONE',  ( 2.599358428979363500E-015, 0.2700000000000012400, -0.02124999999999996000 ) ) ;
#5508 = EDGE_LOOP ( 'NONE', ( #1307, #3773, #5328, #5198 ) ) ;
#5509 = CARTESIAN_POINT ( 'NONE',  ( -0.1568430987363519400, 0.01039045869796522000, -0.1212499999999999700 ) ) ;
#5510 = DIRECTION ( 'NONE',  ( -0.0000000000000000000, 0.0000000000000000000, 1.000000000000000000 ) ) ;
#5511 = ADVANCED_FACE ( 'NONE', ( #996 ), #4973, .F. ) ;
#5512 = EDGE_LOOP ( 'NONE', ( #2083, #4784, #848, #540 ) ) ;
#5513 = EDGE_LOOP ( 'NONE', ( #3480, #4672, #3499, #2273 ) ) ;
#5514 = DIRECTION ( 'NONE',  ( 1.000000000000000000, 0.0000000000000000000, 0.0000000000000000000 ) ) ;
#5515 = DIRECTION ( 'NONE',  ( 0.05727780436021247300, 0.8646036316403947800, 0.4991791394699038300 ) ) ;
#5516 = LINE ( 'NONE', #4796, #3245 ) ;
#5517 = CIRCLE ( 'NONE', #2568, 0.009999999999999979400 ) ;
#5518 = ORIENTED_EDGE ( 'NONE', *, *, #637, .T. ) ;
#5519 = VERTEX_POINT ( 'NONE', #1577 ) ;
#5520 = DIRECTION ( 'NONE',  ( 0.9978128327999003000, -0.06610257710436372200, 0.0000000000000000000 ) ) ;
#5521 = EDGE_CURVE ( 'NONE', #2006, #3059, #1726, .T. ) ;
#5522 = VECTOR ( 'NONE', #2625, 39.37007874015748100 ) ;
#5523 = AXIS2_PLACEMENT_3D ( 'NONE', #1116, #1101, #1535 ) ;
#5524 = CARTESIAN_POINT ( 'NONE',  ( 0.1525000000000000200, 0.2499212054077438500, 0.1212500000000000400 ) ) ;
#5525 = EDGE_LOOP ( 'NONE', ( #3457, #4491, #3058 ) ) ;
#5526 = FACE_OUTER_BOUND ( 'NONE', #1571, .T. ) ;
#5527 = VERTEX_POINT ( 'NONE', #5461 ) ;
#5528 = CARTESIAN_POINT ( 'NONE',  ( 0.1451100394641186300, 0.1874999999999999700, -0.1212499999999999700 ) ) ;
#5529 = VECTOR ( 'NONE', #904, 39.37007874015748100 ) ;
#5530 = CARTESIAN_POINT ( 'NONE',  ( 0.1275000000000000000, 0.2700000000000000200, -0.1587500000000000000 ) ) ;
#5531 = DIRECTION ( 'NONE',  ( 0.9978128327999003000, -0.06610257710436372200, 0.0000000000000000000 ) ) ;
#5532 = VERTEX_POINT ( 'NONE', #1637 ) ;
#5533 = EDGE_CURVE ( 'NONE', #2364, #5299, #3968, .T. ) ;
#5534 = VERTEX_POINT ( 'NONE', #2073 ) ;
#5535 = COLOUR_RGB ( '',0.7921568627450980000, 0.8196078431372548800, 0.9333333333333333500 ) ;
#5536 = VERTEX_POINT ( 'NONE', #842 ) ;
#5537 = LINE ( 'NONE', #5175, #4528 ) ;
#5538 = PLANE ( 'NONE',  #4952 ) ;
#5539 = EDGE_CURVE ( 'NONE', #3991, #4656, #3841, .T. ) ;
#5540 = FACE_OUTER_BOUND ( 'NONE', #3209, .T. ) ;
#5541 = DIRECTION ( 'NONE',  ( 0.06610257710436372200, 0.9978128327999003000, 1.064794134897212500E-016 ) ) ;
#5542 = ADVANCED_FACE ( 'NONE', ( #4038 ), #2915, .T. ) ;
#5543 = VECTOR ( 'NONE', #5363, 39.37007874015748900 ) ;
#5544 = CARTESIAN_POINT ( 'NONE',  ( -0.1310470240948021800, 0.2485000000000000300, 0.07875000000000004200 ) ) ;
ENDSEC;
END-ISO-10303-21;
